mtllib material.mtl
s 0
usemtl Material
v 0.36742499470710754 -0.0616299994289875 -0.3320310115814209
v 0.4201590120792389 -0.0616299994289875 -0.3320310115814209
v 0.36742499470710754 -0.0538179986178875 -0.3320310115814209
v 0.4201590120792389 -0.0538179986178875 -0.3320310115814209
v 0.31273698806762695 -0.0616299994289875 -0.33007800579071045
v 0.31273698806762695 -0.0538179986178875 -0.33007800579071045
v 0.36742499470710754 -0.047958001494407654 -0.33007800579071045
v 0.4201590120792389 -0.047958001494407654 -0.33007800579071045
v 0.47289299964904785 -0.0616299994289875 -0.328125
v 0.47289299964904785 -0.0538179986178875 -0.328125
v 0.31273698806762695 -0.047958001494407654 -0.328125
v 0.47289299964904785 -0.047958001494407654 -0.328125
v 0.5256279706954956 -0.0616299994289875 -0.3242189884185791
v 0.5256279706954956 -0.0538179986178875 -0.3242189884185791
v 0.5256279706954956 -0.047958001494407654 -0.3242189884185791
v 0.3576590120792389 0.1649319976568222 -0.3242189884185791
v 0.3576590120792389 0.1766510009765625 -0.3242189884185791
v 0.1232839971780777 -0.0616299994289875 -0.32226601243019104
v 0.1232839971780777 -0.0538179986178875 -0.32226601243019104
v 0.3185960054397583 0.1649319976568222 -0.32226601243019104
v 0.3185960054397583 0.18251100182533264 -0.32226601243019104
v 0.1232839971780777 -0.047958001494407654 -0.3203119933605194
v 0.31273698806762695 -0.08311399817466736 -0.31835898756980896
v 0.36742499470710754 -0.08311399817466736 -0.31835898756980896
v 0.5764089822769165 -0.0616299994289875 -0.31835898756980896
v 0.5764089822769165 -0.0538179986178875 -0.31835898756980896
v 0.4201590120792389 -0.08311399817466736 -0.3164060115814209
v 0.5764089822769165 -0.047958001494407654 -0.3164060115814209
v 0.36742499470710754 -0.04405200108885765 -0.3164060115814209
v 0.4201590120792389 -0.04405200108885765 -0.3164060115814209
v 0.31273698806762695 -0.08702100068330765 -0.31445300579071045
v 0.36742499470710754 -0.08702100068330765 -0.31445300579071045
v 0.31273698806762695 -0.04405200108885765 -0.31445300579071045
v 0.47289299964904785 -0.04405200108885765 -0.31445300579071045
v 0.4201590120792389 -0.08702100068330765 -0.3125
v 0.1232839971780777 -0.08311399817466736 -0.3125
v 0.47289299964904785 -0.08311399817466736 -0.3125
v 0.3185960054397583 0.15907299518585205 -0.3125
v 0.3576590120792389 0.15907299518585205 -0.3125
v 0.306878000497818 0.1610260009765625 -0.3125
v 0.37133100628852844 0.1610260009765625 -0.3125
v 0.30101799964904785 0.1649319976568222 -0.3125
v 0.37914299964904785 0.1649319976568222 -0.3125
v 0.37914299964904785 0.1766510009765625 -0.3125
v 0.30101799964904785 0.18251100182533264 -0.3125
v 0.37133100628852844 0.18251100182533264 -0.3125
v 0.3576590120792389 0.18641699850559235 -0.3125
v 0.306878000497818 0.1883700042963028 -0.3125
v 0.3185960054397583 0.19032299518585205 -0.3125
v 0.5256279706954956 -0.04405200108885765 -0.31054699420928955
v 0.1232839971780777 -0.08702100068330765 -0.3085939884185791
v 0.47289299964904785 -0.08702100068330765 -0.3085939884185791
v 0.5256279706954956 -0.08311399817466736 -0.30664101243019104
v 0.6271899938583374 -0.0616299994289875 -0.30664101243019104
v 0.6271899938583374 -0.0538179986178875 -0.30664101243019104
v 0.6271899938583374 -0.047958001494407654 -0.30664101243019104
v 0.36742499470710754 -0.03623899817466736 -0.30664101243019104
v 0.4201590120792389 -0.03623899817466736 -0.30664101243019104
v 0.5764089822769165 -0.04405200108885765 -0.3046880066394806
v 0.31273698806762695 -0.03623899817466736 -0.3046880066394806
v 0.47289299964904785 -0.03623899817466736 -0.3046880066394806
v 0.31273698806762695 -0.09092699736356735 -0.30273398756980896
v 0.36742499470710754 -0.09092699736356735 -0.30273398756980896
v 0.5256279706954956 -0.08702100068330765 -0.30273398756980896
v 0.5256279706954956 -0.03623899817466736 -0.30273398756980896
v 0.1232839971780777 -0.04405200108885765 -0.3007810115814209
v 0.31273698806762695 -0.018660999834537506 -0.3007810115814209
v 0.36742499470710754 -0.018660999834537506 -0.3007810115814209
v 0.4201590120792389 -0.018660999834537506 -0.3007810115814209
v 0.47289299964904785 -0.018660999834537506 -0.3007810115814209
v 0.1232839971780777 -0.09092699736356735 -0.29882800579071045
v 0.4201590120792389 -0.09092699736356735 -0.29882800579071045
v 0.31273698806762695 -0.11436399817466736 -0.296875
v 0.5764089822769165 -0.08311399817466736 -0.296875
v 0.6271899938583374 -0.04405200108885765 -0.296875
v 0.1623460054397583 -0.03623899817466736 -0.296875
v 0.5764089822769165 -0.03623899817466736 -0.296875
v 0.24633100628852844 -0.006941999774426222 -0.296875
v 0.36742499470710754 -0.11436399817466736 -0.29492199420928955
v 0.47289299964904785 -0.09092699736356735 -0.29492199420928955
v 0.6623460054397583 -0.0538179986178875 -0.29492199420928955
v 0.6623460054397583 -0.047958001494407654 -0.29492199420928955
v 0.5256279706954956 -0.018660999834537506 -0.29492199420928955
v 0.31273698806762695 0.016495000571012497 -0.29492199420928955
v 0.36742499470710754 0.03407299891114235 -0.29492199420928955
v 0.4201590120792389 0.0477450005710125 -0.29492199420928955
v 0.1232839971780777 -0.11436399817466736 -0.2929689884185791
v 0.5764089822769165 -0.08702100068330765 -0.2929689884185791
v 0.6623460054397583 -0.0616299994289875 -0.2929689884185791
v 0.47289299964904785 0.05555799975991249 -0.2929689884185791
v 0.4201590120792389 -0.11436399817466736 -0.29101601243019104
v 0.111565001308918 -0.03623899817466736 -0.29101601243019104
v 0.6271899938583374 -0.03623899817466736 -0.29101601243019104
v 0.24633100628852844 0.0028230000752955675 -0.29101601243019104
v 0.31273698806762695 0.026260999962687492 -0.29101601243019104
v 0.36742499470710754 0.04188600182533264 -0.29101601243019104
v 0.4201590120792389 0.05360399931669235 -0.29101601243019104
v 0.6271899938583374 -0.08311399817466736 -0.2890619933605194
v 0.47289299964904785 0.061416998505592346 -0.2890619933605194
v 0.31273698806762695 -0.1475680023431778 -0.28710898756980896
v 0.5256279706954956 -0.09092699736356735 -0.28710898756980896
v 0.6623460054397583 -0.03623899817466736 -0.28710898756980896
v 0.5764089822769165 -0.018660999834537506 -0.28710898756980896
v 0.5256279706954956 0.05751100182533264 -0.28710898756980896
v 0.36742499470710754 -0.1475680023431778 -0.2851560115814209
v 0.47289299964904785 -0.11436399817466736 -0.2851560115814209
v 0.1232839971780777 -0.1475680023431778 -0.28320300579071045
v -0.1501539945602417 -0.09092699736356735 -0.28320300579071045
v 0.6271899938583374 -0.08311399817466736 -0.28320300579071045
v 0.5256279706954956 0.061416998505592346 -0.28320300579071045
v 0.4201590120792389 -0.1475680023431778 -0.28125
v -0.4040600061416626 -0.0616299994289875 -0.27929699420928955
v -0.4040600061416626 -0.0538179986178875 -0.27929699420928955
v 0.5764089822769165 0.045791998505592346 -0.27929699420928955
v 0.4201590120792389 0.0672760009765625 -0.27929699420928955
v 0.5256279706954956 -0.11436399817466736 -0.2773439884185791
v 0.5764089822769165 -0.09092699736356735 -0.2773439884185791
v 0.6271899938583374 -0.08702100068330765 -0.2773439884185791
v 0.6623460054397583 -0.08311399817466736 -0.2773439884185791
v -0.4040600061416626 -0.047958001494407654 -0.2773439884185791
v 0.6271899938583374 -0.018660999834537506 -0.2773439884185791
v 0.36742499470710754 0.0711819976568222 -0.2773439884185791
v 0.36742499470710754 0.07704199850559235 -0.2773439884185791
v -0.1501539945602417 -0.11436399817466736 -0.27539101243019104
v 0.718986988067627 -0.04014600068330765 -0.27539101243019104
v 0.5764089822769165 0.04969799891114235 -0.27539101243019104
v 0.31273698806762695 -0.1866299957036972 -0.2734380066394806
v 0.47289299964904785 -0.1475680023431778 -0.2734380066394806
v 0.718986988067627 -0.04405200108885765 -0.2734380066394806
v 0.1232839971780777 -0.1866299957036972 -0.27148398756980896
v 0.36742499470710754 -0.1866299957036972 -0.27148398756980896
v -0.4040600061416626 -0.08702100068330765 -0.27148398756980896
v 0.4201590120792389 0.07704199850559235 -0.27148398756980896
v 0.718986988067627 -0.0538179986178875 -0.2695310115814209
v 0.6623460054397583 -0.018660999834537506 -0.2695310115814209
v 0.31273698806762695 -0.1983489990234375 -0.26757800579071045
v 0.36742499470710754 -0.1944420039653778 -0.26757800579071045
v -0.4040600061416626 -0.09092699736356735 -0.26757800579071045
v 0.6623460054397583 -0.08311399817466736 -0.26757800579071045
v 0.718986988067627 -0.0616299994289875 -0.26757800579071045
v 0.111565001308918 -0.03623899817466736 -0.26757800579071045
v 0.718986988067627 -0.03623899817466736 -0.26757800579071045
v 0.24633100628852844 0.0028230000752955675 -0.26757800579071045
v 0.6271899938583374 0.03407299891114235 -0.26757800579071045
v 0.47289299964904785 0.0633699968457222 -0.26757800579071045
v 0.4201590120792389 -0.1866299957036972 -0.265625
v -0.1501539945602417 -0.1475680023431778 -0.265625
v 0.5764089822769165 -0.11436399817466736 -0.265625
v 0.31273698806762695 0.0789949968457222 -0.265625
v 0.36742499470710754 0.0946199968457222 -0.265625
v 0.1232839971780777 -0.2061610072851181 -0.26367199420928955
v 0.4201590120792389 -0.1905360072851181 -0.26367199420928955
v 0.5256279706954956 -0.1475680023431778 -0.26367199420928955
v 0.718986988067627 -0.0616299994289875 -0.26367199420928955
v 0.095940001308918 -0.0420989990234375 -0.26367199420928955
v 0.16820600628852844 -0.034285999834537506 -0.26367199420928955
v 0.6271899938583374 0.03797899931669235 -0.26367199420928955
v 0.6623460054397583 -0.08702100068330765 -0.2617189884185791
v 0.4201590120792389 0.059464000165462494 -0.2617189884185791
v -0.27710700035095215 -0.11436399817466736 -0.25976601243019104
v -0.4040600061416626 -0.09092699736356735 -0.25976601243019104
v 0.6271899938583374 -0.09092699736356735 -0.25976601243019104
v 0.24633100628852844 -0.014755000360310078 -0.25976601243019104
v 0.31273698806762695 0.10047899931669235 -0.25976601243019104
v 0.47289299964904785 -0.1866299957036972 -0.2578119933605194
v -0.34741899371147156 -0.11436399817466736 -0.2578119933605194
v 0.36742499470710754 0.0516510009765625 -0.2578119933605194
v 0.47289299964904785 0.07704199850559235 -0.2578119933605194
v 0.31273698806762695 0.0789949968457222 -0.2578119933605194
v 0.4201590120792389 0.08876100182533264 -0.2578119933605194
v 0.6623460054397583 0.02430799975991249 -0.25585898756980896
v -0.1501539945602417 -0.1866299957036972 -0.2539060115814209
v -0.4040600061416626 -0.11436399817466736 -0.2539060115814209
v -0.34351301193237305 -0.11436399817466736 -0.2539060115814209
v -0.30445098876953125 -0.1475680023431778 -0.25195300579071045
v -0.40429699420928955 -0.1445309966802597 -0.25195300579071045
v -0.27710700035095215 -0.1436610072851181 -0.25195300579071045
v -0.4040600061416626 -0.04405200108885765 -0.25195300579071045
v 0.16820600628852844 -0.032333001494407654 -0.25195300579071045
v 0.6623460054397583 0.030167000368237495 -0.25195300579071045
v 0.31273698806762695 -0.20030200481414795 -0.25
v 0.36742499470710754 -0.1983489990234375 -0.25
v -0.3571850061416626 -0.1514739990234375 -0.25
v 0.5764089822769165 -0.1475680023431778 -0.25
v -0.4101560115814209 -0.1445309966802597 -0.25
v -0.302496999502182 -0.1436610072851181 -0.25
v 0.718986988067627 -0.016707999631762505 -0.25
v 0.36742499470710754 0.061416998505592346 -0.25
v 0.31273698806762695 0.12391699850559235 -0.25
v 0.4201590120792389 -0.1944420039653778 -0.24804699420928955
v 0.5256279706954956 -0.1788180023431778 -0.24804699420928955
v -0.35523200035095215 -0.15733300149440765 -0.24804699420928955
v -0.349371999502182 -0.15733300149440765 -0.24804699420928955
v 0.24633100628852844 -0.006941999774426222 -0.24804699420928955
v 0.39867499470710754 0.05360399931669235 -0.24804699420928955
v 0.24633100628852844 0.08876100182533264 -0.24804699420928955
v -0.1501539945602417 -0.2061610072851181 -0.2460940033197403
v 0.5256279706954956 -0.1827239990234375 -0.2460940033197403
v -0.3532789945602417 -0.16123899817466736 -0.2460940033197403
v -0.34741899371147156 -0.16123899817466736 -0.2460940033197403
v -0.3532789945602417 -0.14952099323272705 -0.2460940033197403
v -0.4040600061416626 -0.14170800149440765 -0.2460940033197403
v -0.4040600061416626 -0.1241300031542778 -0.2460940033197403
v 0.6271899938583374 -0.11436399817466736 -0.2460940033197403
v 0.718986988067627 -0.08311399817466736 -0.2460940033197403
v 0.095940001308918 -0.04014600068330765 -0.2460940033197403
v 0.47289299964904785 0.08485399931669235 -0.2460940033197403
v 0.1232839971780777 -0.2061610072851181 -0.24414099752902985
v -0.35132500529289246 -0.1670989990234375 -0.24414099752902985
v -0.3454659879207611 -0.1670989990234375 -0.24414099752902985
v -0.3454659879207611 -0.1553799957036972 -0.24414099752902985
v -0.4040600061416626 -0.14561399817466736 -0.24414099752902985
v -0.4040600061416626 -0.12998899817466736 -0.24414099752902985
v 0.6623460054397583 -0.09092699736356735 -0.24414099752902985
v 0.718986988067627 -0.022568000480532646 -0.24414099752902985
v 0.718986988067627 -0.006941999774426222 -0.24414099752902985
v 0.31273698806762695 -0.21202099323272705 -0.2421880066394806
v 0.47289299964904785 -0.1905360072851181 -0.2421880066394806
v -0.35132500529289246 -0.17295800149440765 -0.2421880066394806
v -0.3454659879207611 -0.17295800149440765 -0.2421880066394806
v -0.34351301193237305 -0.1592860072851181 -0.2421880066394806
v -0.4040600061416626 -0.13780200481414795 -0.2421880066394806
v 0.16820600628852844 -0.024521000683307648 -0.2421880066394806
v 0.24633100628852844 0.00672899978235364 -0.2421880066394806
v 0.1232839971780777 -0.21202099323272705 -0.24023400247097015
v 0.36742499470710754 -0.21202099323272705 -0.24023400247097015
v -0.3532789945602417 -0.1788180023431778 -0.24023400247097015
v -0.34741899371147156 -0.1788180023431778 -0.24023400247097015
v -0.3415600061416626 -0.16514599323272705 -0.24023400247097015
v -0.3571850061416626 -0.1553799957036972 -0.24023400247097015
v -0.009529000148177147 -0.04405200108885765 -0.24023400247097015
v -0.35132500529289246 -0.1866299957036972 -0.2382809966802597
v -0.3415600061416626 -0.1710049957036972 -0.2382809966802597
v -0.35523200035095215 -0.1592860072851181 -0.2382809966802597
v 0.777580976486206 -0.03623899817466736 -0.2382809966802597
v 0.777580976486206 -0.032333001494407654 -0.2382809966802597
v 0.36742499470710754 0.05555799975991249 -0.2382809966802597
v -0.3532789945602417 -0.19248899817466736 -0.23632800579071045
v -0.3571850061416626 -0.1866299957036972 -0.23632800579071045
v -0.3554689884185791 -0.18554699420928955 -0.23632800579071045
v -0.3532789945602417 -0.16514599323272705 -0.23632800579071045
v -0.48023200035095215 -0.03623899817466736 -0.23632800579071045
v 0.718986988067627 0.014542000368237495 -0.23632800579071045
v 0.36742499470710754 0.0516510009765625 -0.23632800579071045
v 0.36742499470710754 0.1258700042963028 -0.23632800579071045
v 0.31273698806762695 0.13563600182533264 -0.23632800579071045
v 0.24633100628852844 0.1454010009765625 -0.23632800579071045
v 0.4201590120792389 -0.21202099323272705 -0.234375
v -0.34351301193237305 -0.1788180023431778 -0.234375
v 0.5764089822769165 -0.1749110072851181 -0.234375
v -0.3532789945602417 -0.1710049957036972 -0.234375
v -0.5214840173721313 -0.1445309966802597 -0.234375
v -0.4040600061416626 -0.1436610072851181 -0.234375
v -0.800544023513794 -0.0616299994289875 -0.234375
v -0.7985910177230835 -0.0538179986178875 -0.234375
v 0.095940001308918 -0.032333001494407654 -0.234375
v 0.16820600628852844 -0.010848999954760075 -0.234375
v -0.34741899371147156 -0.1866299957036972 -0.23242199420928955
v 0.5256279706954956 -0.1866299957036972 -0.23242199420928955
v -0.35523200035095215 -0.1788180023431778 -0.23242199420928955
v 0.5764089822769165 -0.1788180023431778 -0.23242199420928955
v -0.40820300579071045 -0.14257800579071045 -0.23242199420928955
v -0.796638011932373 -0.047958001494407654 -0.23242199420928955
v 0.24633100628852844 0.045791998505592346 -0.23242199420928955
v 0.31273698806762695 -0.23155200481414795 -0.2304690033197403
v 0.36742499470710754 -0.22764599323272705 -0.2304690033197403
v -0.800544023513794 -0.08702100068330765 -0.2304690033197403
v 0.718986988067627 -0.08311399817466736 -0.2304690033197403
v 0.777580976486206 -0.0538179986178875 -0.2304690033197403
v 0.777580976486206 -0.0284269992262125 -0.2304690033197403
v 0.718986988067627 0.02040099911391735 -0.2304690033197403
v -0.1501539945602417 -0.2061610072851181 -0.22851599752902985
v -0.35132500529289246 -0.1944420039653778 -0.22851599752902985
v -0.35913801193237305 -0.18467700481414795 -0.22851599752902985
v 0.6271899938583374 -0.1475680023431778 -0.22851599752902985
v -0.4040600061416626 -0.1202239990234375 -0.22851599752902985
v 0.6623460054397583 -0.11436399817466736 -0.22851599752902985
v -0.009529000148177147 -0.0420989990234375 -0.22851599752902985
v 0.24633100628852844 0.08876100182533264 -0.22851599752902985
v -0.800544023513794 -0.09092699736356735 -0.2265619933605194
v 0.777580976486206 -0.0616299994289875 -0.2265619933605194
v 0.24633100628852844 0.1532139927148819 -0.2265619933605194
v 0.4201590120792389 -0.2256920039653778 -0.22460900247097015
v -0.1501539945602417 -0.21202099323272705 -0.22460900247097015
v -0.3554689884185791 -0.18554699420928955 -0.22460900247097015
v -0.35913801193237305 -0.15342700481414795 -0.22460900247097015
v 0.718986988067627 -0.08702100068330765 -0.22460900247097015
v -0.8454660177230835 -0.0616299994289875 -0.22460900247097015
v -0.843513011932373 -0.0538179986178875 -0.22460900247097015
v -0.1032790020108223 -0.0460049994289875 -0.22460900247097015
v 0.095940001308918 -0.020614000037312508 -0.22460900247097015
v 0.1232839971780777 -0.2374110072851181 -0.2226559966802597
v 0.47289299964904785 -0.21202099323272705 -0.2226559966802597
v -0.4804689884185791 -0.18554699420928955 -0.2226559966802597
v -0.3571850061416626 -0.15733300149440765 -0.2226559966802597
v -0.8415600061416626 -0.047958001494407654 -0.2226559966802597
v 0.16820600628852844 0.0360260009765625 -0.2226559966802597
v -0.35523200035095215 -0.1631920039653778 -0.22070300579071045
v -0.40625 -0.14257800579071045 -0.22070300579071045
v -0.4040600061416626 -0.14170800149440765 -0.22070300579071045
v -0.8454660177230835 -0.08702100068330765 -0.22070300579071045
v -0.35523200035095215 -0.16905200481414795 -0.21875
v -0.5195310115814209 -0.14257800579071045 -0.21875
v 0.777580976486206 -0.0616299994289875 -0.21875
v 0.5764089822769165 0.09266699850559235 -0.21875
v 0.5764089822769165 0.09657300263643265 -0.21875
v 0.31273698806762695 0.1571200042963028 -0.21875
v 0.5764089822769165 -0.1827239990234375 -0.21679699420928955
v -0.6523439884185791 -0.1445309966802597 -0.21679699420928955
v -0.8454660177230835 -0.09092699736356735 -0.21679699420928955
v -0.8649970293045044 -0.0616299994289875 -0.21679699420928955
v -0.863044023513794 -0.0538179986178875 -0.21679699420928955
v 0.31273698806762695 0.0633699968457222 -0.21679699420928955
v 0.5549250245094299 0.0829010009765625 -0.21679699420928955
v 0.16820600628852844 0.1414950042963028 -0.21679699420928955
v -0.3571850061416626 -0.17686399817466736 -0.2148440033197403
v 0.6271899938583374 -0.1710049957036972 -0.2148440033197403
v -0.8610910177230835 -0.047958001494407654 -0.2148440033197403
v -0.1032790020108223 -0.04405200108885765 -0.2148440033197403
v -0.009529000148177147 -0.03623899817466736 -0.2148440033197403
v 0.5764089822769165 0.07704199850559235 -0.2148440033197403
v 0.6271899938583374 0.07704199850559235 -0.2148440033197403
v 0.6271899938583374 0.0829010009765625 -0.2148440033197403
v 0.47289299964904785 0.11219800263643265 -0.2148440033197403
v 0.16820600628852844 0.1571200042963028 -0.2148440033197403
v -0.8649970293045044 -0.08702100068330765 -0.21289099752902985
v -0.48023200035095215 -0.03623899817466736 -0.21289099752902985
v 0.8107839822769165 -0.032333001494407654 -0.21289099752902985
v 0.8107839822769165 -0.0284269992262125 -0.21289099752902985
v 0.4201590120792389 0.1336819976568222 -0.21289099752902985
v 0.33226799964904785 0.1571200042963028 -0.21289099752902985
v 0.24633100628852844 0.1610260009765625 -0.21289099752902985
v 0.47289299964904785 -0.22764599323272705 -0.2109380066394806
v -0.3610909879207611 -0.1827239990234375 -0.2109380066394806
v 0.6271899938583374 -0.1749110072851181 -0.2109380066394806
v 0.6623460054397583 -0.1475680023431778 -0.2109380066394806
v -0.863044023513794 -0.09092699736356735 -0.2109380066394806
v 0.095940001308918 0.022353999316692352 -0.2109380066394806
v 0.32445600628852844 0.1649319976568222 -0.2109380066394806
v -0.593513011932373 -0.1866299957036972 -0.20898400247097015
v -0.5915600061416626 -0.1202239990234375 -0.20898400247097015
v 0.718986988067627 -0.09092699736356735 -0.20898400247097015
v 0.47289299964904785 0.1336819976568222 -0.20898400247097015
v 0.47289299964904785 0.13954199850559235 -0.20898400247097015
v 0.36742499470710754 0.1532139927148819 -0.20898400247097015
v -0.1501539945602417 -0.23936399817466736 -0.2070309966802597
v -0.593513011932373 -0.19248899817466736 -0.2070309966802597
v -0.5917969942092896 -0.18554699420928955 -0.2070309966802597
v -0.47851601243019104 -0.18554699420928955 -0.2070309966802597
v -0.6542969942092896 -0.14257800579071045 -0.2070309966802597
v -0.800544023513794 -0.04405200108885765 -0.2070309966802597
v -0.1384350061416626 -0.03623899817466736 -0.2070309966802597
v 0.16820600628852844 0.1649319976568222 -0.2070309966802597
v -0.7302320003509521 -0.14561399817466736 -0.20507800579071045
v -0.7321850061416626 -0.14170800149440765 -0.20507800579071045
v -0.8806220293045044 -0.0616299994289875 -0.20507800579071045
v -0.878669023513794 -0.0538179986178875 -0.20507800579071045
v -0.5095289945602417 -0.0460049994289875 -0.20507800579071045
v 0.8107839822769165 -0.024521000683307648 -0.20507800579071045
v 0.31273698806762695 0.05555799975991249 -0.20507800579071045
v 0.6271899938583374 0.0633699968457222 -0.20507800579071045
v 0.5549250245094299 0.08485399931669235 -0.20507800579071045
v 0.47289299964904785 0.11610399931669235 -0.20507800579071045
v 0.4201590120792389 0.1375889927148819 -0.20507800579071045
v 0.31273698806762695 0.18251100182533264 -0.20507800579071045
v 0.5256279706954956 -0.21202099323272705 -0.203125
v -0.5915600061416626 -0.14170800149440765 -0.203125
v -0.8259350061416626 -0.09092699736356735 -0.203125
v -0.8825749754905701 -0.08702100068330765 -0.203125
v 0.8107839822769165 -0.0538179986178875 -0.203125
v -0.874763011932373 -0.047958001494407654 -0.203125
v -0.009529000148177147 -0.02647400088608265 -0.203125
v -0.1735910028219223 -0.022568000480532646 -0.203125
v 0.777580976486206 0.00672899978235364 -0.203125
v 0.31273698806762695 0.04969799891114235 -0.203125
v 0.5764089822769165 0.0789949968457222 -0.203125
v 0.16820600628852844 0.1414950042963028 -0.203125
v 0.4904710054397583 0.1532139927148819 -0.203125
v -0.593513011932373 -0.18467700481414795 -0.20117199420928955
v -0.878669023513794 -0.09092699736356735 -0.20117199420928955
v 0.777580976486206 -0.08311399817466736 -0.20117199420928955
v 0.38304901123046875 0.15516699850559235 -0.20117199420928955
v -0.593513011932373 -0.1944420039653778 -0.1992190033197403
v 0.8107839822769165 -0.0577239990234375 -0.1992190033197403
v 0.718986988067627 0.03407299891114235 -0.1992190033197403
v 0.6623460054397583 0.0750890001654625 -0.1992190033197403
v 0.6623460054397583 0.0789949968457222 -0.1992190033197403
v 0.22289299964904785 0.0829010009765625 -0.1992190033197403
v 0.5549250245094299 0.08485399931669235 -0.1992190033197403
v 0.5764089822769165 0.1219640001654625 -0.1992190033197403
v 0.47289299964904785 0.1414950042963028 -0.1992190033197403
v 0.47289299964904785 0.15126100182533264 -0.1992190033197403
v 0.6623460054397583 -0.16905200481414795 -0.19726599752902985
v -0.5915600061416626 -0.15342700481414795 -0.19726599752902985
v -0.7614820003509521 -0.1514739990234375 -0.19726599752902985
v -0.7282789945602417 -0.1436610072851181 -0.19726599752902985
v -0.734138011932373 -0.13780200481414795 -0.19726599752902985
v -0.8259350061416626 -0.11436399817466736 -0.19726599752902985
v 0.24633100628852844 0.06922899931669235 -0.19726599752902985
v 0.4904710054397583 0.1610260009765625 -0.19726599752902985
v 0.16820600628852844 0.1688389927148819 -0.19726599752902985
v 0.32836198806762695 0.18251100182533264 -0.19726599752902985
v 0.24633100628852844 0.18641699850559235 -0.19726599752902985
v -0.593513011932373 -0.2061610072851181 -0.1953119933605194
v 0.6271899938583374 -0.1788180023431778 -0.1953119933605194
v -0.7595289945602417 -0.15733300149440765 -0.1953119933605194
v -0.5915600061416626 -0.15733300149440765 -0.1953119933605194
v 0.24633100628852844 0.059464000165462494 -0.1953119933605194
v 0.16820600628852844 0.07313600182533264 -0.1953119933605194
v 0.5764089822769165 0.10047899931669235 -0.1953119933605194
v 0.5764089822769165 0.1102449968457222 -0.1953119933605194
v 0.47289299964904785 0.11610399931669235 -0.1953119933605194
v 0.5764089822769165 0.13172900676727295 -0.1953119933605194
v 0.6623460054397583 -0.1710049957036972 -0.19335900247097015
v -0.5915600061416626 -0.1631920039653778 -0.19335900247097015
v -0.7614820003509521 -0.16123899817466736 -0.19335900247097015
v -0.7673410177230835 -0.15733300149440765 -0.19335900247097015
v -0.859138011932373 -0.09092699736356735 -0.19335900247097015
v -0.8571850061416626 -0.04405200108885765 -0.19335900247097015
v 0.24633100628852844 0.04969799891114235 -0.19335900247097015
v 0.16820600628852844 0.059464000165462494 -0.19335900247097015
v 0.6271899938583374 0.06532300263643265 -0.19335900247097015
v 0.31273698806762695 0.18641699850559235 -0.19335900247097015
v 0.1232839971780777 -0.26670798659324646 -0.1914059966802597
v -0.5917969942092896 -0.18554699420928955 -0.1914059966802597
v -0.5915600061416626 -0.16905200481414795 -0.1914059966802597
v -0.7614820003509521 -0.1670989990234375 -0.1914059966802597
v -0.769294023513794 -0.16123899817466736 -0.1914059966802597
v 0.718986988067627 -0.11436399817466736 -0.1914059966802597
v 0.8342210054397583 -0.0284269992262125 -0.1914059966802597
v 0.8342210054397583 -0.024521000683307648 -0.1914059966802597
v 0.16820600628852844 0.04969799891114235 -0.1914059966802597
v 0.6623460054397583 0.05751100182533264 -0.1914059966802597
v 0.135003000497818 0.06532300263643265 -0.1914059966802597
v 0.1584399938583374 0.06922899931669235 -0.1914059966802597
v -0.7595289945602417 -0.17295800149440765 -0.18945300579071045
v -0.7673410177230835 -0.1670989990234375 -0.18945300579071045
v -0.7263249754905701 -0.1202239990234375 -0.18945300579071045
v -0.1032790020108223 -0.04014600068330765 -0.18945300579071045
v -0.800544023513794 -0.034285999834537506 -0.18945300579071045
v 0.095940001308918 0.03407299891114235 -0.18945300579071045
v 0.095940001308918 0.043839000165462494 -0.18945300579071045
v 0.6271899938583374 0.1063390001654625 -0.18945300579071045
v 0.16820600628852844 0.11219800263643265 -0.18945300579071045
v -0.8454380035400391 -0.11483199894428253 -0.18944799900054932
v -0.7246090173721313 -0.18554699420928955 -0.1875
v -0.7575749754905701 -0.1788180023431778 -0.1875
v -0.5915600061416626 -0.17686399817466736 -0.1875
v -0.7673410177230835 -0.17295800149440765 -0.1875
v -0.7575749754905701 -0.1553799957036972 -0.1875
v -0.7634350061416626 -0.14952099323272705 -0.1875
v 0.8107839822769165 -0.0616299994289875 -0.1875
v -0.009529000148177147 -0.0030360000673681498 -0.1875
v 0.777580976486206 0.014542000368237495 -0.1875
v 0.16820600628852844 0.04188600182533264 -0.1875
v 0.095940001308918 0.05360399931669235 -0.1875
v 0.4201590120792389 0.1375889927148819 -0.1875
v 0.4201590120792389 0.1454010009765625 -0.1875
v 0.3889090120792389 0.15516699850559235 -0.1875
v 0.4201590120792389 0.1571200042963028 -0.1875
v 0.40258100628852844 0.1610260009765625 -0.1875
v 0.4201590120792389 0.1727450042963028 -0.1875
v -0.7556220293045044 -0.1866299957036972 -0.18554699420928955
v -0.5915600061416626 -0.1827239990234375 -0.18554699420928955
v -0.765388011932373 -0.1788180023431778 -0.18554699420928955
v -0.7595289945602417 -0.1592860072851181 -0.18554699420928955
v -0.8259350061416626 -0.11827100068330765 -0.18554699420928955
v 0.8342210054397583 -0.020614000037312508 -0.18554699420928955
v 0.6271899938583374 0.06532300263643265 -0.18554699420928955
v 0.6271899938583374 0.08680800348520279 -0.18554699420928955
v 0.6271899938583374 0.09657300263643265 -0.18554699420928955
v 0.6271899938583374 0.11610399931669235 -0.18554699420928955
v 0.16820600628852844 0.1844639927148819 -0.18554699420928955
v 0.24633100628852844 0.1883700042963028 -0.18554699420928955
v 0.33617499470710754 0.19032299518585205 -0.18554699420928955
v -0.7614820003509521 -0.19248899817466736 -0.1835940033197403
v -0.7634350061416626 -0.1866299957036972 -0.1835940033197403
v -0.7595289945602417 -0.16514599323272705 -0.1835940033197403
v -0.7712470293045044 -0.1553799957036972 -0.1835940033197403
v -0.7263249754905701 -0.14170800149440765 -0.1835940033197403
v -0.8259350061416626 -0.1241300031542778 -0.1835940033197403
v -0.894294023513794 -0.09092699736356735 -0.1835940033197403
v -0.8962470293045044 -0.08702100068330765 -0.1835940033197403
v -0.894294023513794 -0.0616299994289875 -0.1835940033197403
v -0.8923410177230835 -0.0538179986178875 -0.1835940033197403
v -0.8825749754905701 -0.04405200108885765 -0.1835940033197403
v -0.6032789945602417 -0.00108299998100847 -0.1835940033197403
v 0.095940001308918 0.026260999962687492 -0.1835940033197403
v 0.40258100628852844 0.1766510009765625 -0.1835940033197403
v 0.4201590120792389 0.18251100182533264 -0.1835940033197403
v 0.31273698806762695 -0.26670798659324646 -0.18164099752902985
v 0.36742499470710754 -0.26280200481414795 -0.18164099752902985
v 0.4201590120792389 -0.2569420039653778 -0.18164099752902985
v 0.47289299964904785 -0.24717700481414795 -0.18164099752902985
v 0.5764089822769165 -0.20811399817466736 -0.18164099752902985
v -0.7575749754905701 -0.1710049957036972 -0.18164099752902985
v -0.7732009887695312 -0.16123899817466736 -0.18164099752902985
v -0.8259350061416626 -0.12998899817466736 -0.18164099752902985
v -0.5720289945602417 -0.04405200108885765 -0.18164099752902985
v 0.777580976486206 -0.004989000037312508 -0.18164099752902985
v -0.19507500529289246 0.0028230000752955675 -0.18164099752902985
v 0.111565001308918 0.1688389927148819 -0.18164099752902985
v 0.4904710054397583 0.1727450042963028 -0.18164099752902985
v 0.3889090120792389 0.1844639927148819 -0.18164099752902985
v 0.3771899938583374 0.18641699850559235 -0.18164099752902985
v -0.1501539945602417 -0.2647550106048584 -0.1796880066394806
v -0.593513011932373 -0.2061610072851181 -0.1796880066394806
v -0.7556220293045044 -0.1788180023431778 -0.1796880066394806
v -0.7712470293045044 -0.1670989990234375 -0.1796880066394806
v -0.8259350061416626 -0.13780200481414795 -0.1796880066394806
v 0.8342210054397583 -0.05186399817466736 -0.1796880066394806
v -0.6032789945602417 -0.04014600068330765 -0.1796880066394806
v -0.1814039945602417 0.008682000450789928 -0.1796880066394806
v -0.009529000148177147 0.008682000450789928 -0.1796880066394806
v -0.30445098876953125 0.014542000368237495 -0.1796880066394806
v -0.009529000148177147 0.0184480007737875 -0.1796880066394806
v 0.5764089822769165 0.14344799518585205 -0.1796880066394806
v 0.5256279706954956 -0.23545800149440765 -0.17773400247097015
v -0.7265620231628418 -0.18554699420928955 -0.17773400247097015
v -0.753669023513794 -0.18467700481414795 -0.17773400247097015
v -0.7712470293045044 -0.17295800149440765 -0.17773400247097015
v -0.8259350061416626 -0.1436610072851181 -0.17773400247097015
v -0.23023200035095215 0.014542000368237495 -0.17773400247097015
v 0.6623460054397583 0.059464000165462494 -0.17773400247097015
v 0.31273698806762695 -0.2764739990234375 -0.1757809966802597
v 0.36742499470710754 -0.2686609923839569 -0.1757809966802597
v 0.4201590120792389 -0.2608489990234375 -0.1757809966802597
v 0.47289299964904785 -0.25108298659324646 -0.1757809966802597
v -0.7634350061416626 -0.1944420039653778 -0.1757809966802597
v -0.769294023513794 -0.1788180023431778 -0.1757809966802597
v 0.6623460054397583 -0.1749110072851181 -0.1757809966802597
v -0.8259350061416626 -0.14952099323272705 -0.1757809966802597
v 0.8342210054397583 -0.05577100068330765 -0.1757809966802597
v -0.6013249754905701 -0.04014600068330765 -0.1757809966802597
v -0.6345289945602417 0.0028230000752955675 -0.1757809966802597
v -0.009529000148177147 0.028214000165462494 -0.1757809966802597
v 0.14086200296878815 0.28016701340675354 -0.1757809966802597
v 0.1428149938583374 0.28797900676727295 -0.1757809966802597
v 0.5256279706954956 -0.2374110072851181 -0.17382800579071045
v -0.593513011932373 -0.21202099323272705 -0.17382800579071045
v -0.7673410177230835 -0.1866299957036972 -0.17382800579071045
v -0.8259350061416626 -0.1553799957036972 -0.17382800579071045
v -0.7556220293045044 -0.15342700481414795 -0.17382800579071045
v -0.8571850061416626 -0.034285999834537506 -0.17382800579071045
v 0.8517990112304688 -0.024521000683307648 -0.17382800579071045
v 0.8517990112304688 -0.020614000037312508 -0.17382800579071045
v -0.11695100367069244 -0.018660999834537506 -0.17382800579071045
v -0.009529000148177147 0.0008699999889358878 -0.17382800579071045
v 0.6623460054397583 0.10047899931669235 -0.17382800579071045
v 0.16820600628852844 0.18641699850559235 -0.17382800579071045
v 0.4201590120792389 0.19422900676727295 -0.17382800579071045
v 0.13695600628852844 0.27235400676727295 -0.17382800579071045
v 0.1271899938583374 0.2782140076160431 -0.17382800579071045
v 0.1310960054397583 0.28407299518585205 -0.17382800579071045
v 0.1310960054397583 0.28797900676727295 -0.17382800579071045
v 0.1310960054397583 0.2938390076160431 -0.17382800579071045
v 0.14086200296878815 0.2977449893951416 -0.17382800579071045
v -0.8259350061416626 -0.16123899817466736 -0.171875
v -0.7575749754905701 -0.15733300149440765 -0.171875
v 0.718986988067627 -0.1475680023431778 -0.171875
v -0.11695100367069244 -0.008895999751985073 -0.171875
v -0.23023200035095215 -0.0030360000673681498 -0.171875
v -0.1735910028219223 0.016495000571012497 -0.171875
v 0.1232839971780777 0.27626100182533264 -0.171875
v 0.150628000497818 0.27626100182533264 -0.171875
v 0.15258100628852844 0.28797900676727295 -0.171875
v 0.1271899938583374 0.2977449893951416 -0.171875
v -0.8259350061416626 -0.1670989990234375 -0.16992199420928955
v -0.7575749754905701 -0.1631920039653778 -0.16992199420928955
v -0.644294023513794 -0.0284269992262125 -0.16992199420928955
v -0.068121999502182 -0.012802000157535076 -0.16992199420928955
v -0.6032789945602417 -0.00108299998100847 -0.16992199420928955
v -0.2204660028219223 0.0477450005710125 -0.16992199420928955
v 0.6271899938583374 0.12782299518585205 -0.16992199420928955
v 0.31273698806762695 0.22157299518585205 -0.16992199420928955
v 0.12914299964904785 0.2664949893951416 -0.16992199420928955
v 0.1428149938583374 0.2664949893951416 -0.16992199420928955
v 0.11742500215768814 0.28797900676727295 -0.16992199420928955
v 0.1232839971780777 0.29969799518585205 -0.16992199420928955
v 0.150628000497818 0.29969799518585205 -0.16992199420928955
v 0.13695600628852844 0.30360400676727295 -0.16992199420928955
v -0.8259350061416626 -0.17295800149440765 -0.1679690033197403
v 0.8517990112304688 -0.018660999834537506 -0.1679690033197403
v -0.068121999502182 -0.0030360000673681498 -0.1679690033197403
v -0.11695100367069244 0.0008699999889358878 -0.1679690033197403
v -0.2478100061416626 0.045791998505592346 -0.1679690033197403
v -0.2360910028219223 0.045791998505592346 -0.1679690033197403
v -0.20679399371147156 0.0477450005710125 -0.1679690033197403
v 0.6623460054397583 0.08094800263643265 -0.1679690033197403
v 0.6623460054397583 0.0907140001654625 -0.1679690033197403
v 0.6623460054397583 0.1102449968457222 -0.1679690033197403
v 0.11742500215768814 0.2743079960346222 -0.1679690033197403
v 0.15648700296878815 0.2743079960346222 -0.1679690033197403
v 0.1584399938583374 0.28797900676727295 -0.1679690033197403
v 0.119378000497818 0.3016510009765625 -0.1679690033197403
v -0.8259350061416626 -0.1788180023431778 -0.16601599752902985
v -0.7556220293045044 -0.16905200481414795 -0.16601599752902985
v 0.8107839822769165 -0.08311399817466736 -0.16601599752902985
v -0.11695100367069244 -0.03623899817466736 -0.16601599752902985
v -0.874763011932373 -0.034285999834537506 -0.16601599752902985
v -0.8708570003509521 -0.034285999834537506 -0.16601599752902985
v -0.068121999502182 -0.020614000037312508 -0.16601599752902985
v -0.800544023513794 -0.014755000360310078 -0.16601599752902985
v -0.718513011932373 -0.0030360000673681498 -0.16601599752902985
v -0.068121999502182 0.00672899978235364 -0.16601599752902985
v 0.36742499470710754 0.21766699850559235 -0.16601599752902985
v 0.135003000497818 0.2586820125579834 -0.16601599752902985
v 0.12133099883794785 0.26454201340675354 -0.16601599752902985
v 0.11351799964904785 0.27626100182533264 -0.16601599752902985
v 0.1154709979891777 0.29969799518585205 -0.16601599752902985
v 0.12914299964904785 0.3094640076160431 -0.16601599752902985
v 0.1428149938583374 0.3094640076160431 -0.16601599752902985
v 0.1232839971780777 -0.29014599323272705 -0.1640619933605194
v -0.8259350061416626 -0.2061610072851181 -0.1640619933605194
v -0.8259350061416626 -0.1866299957036972 -0.1640619933605194
v -0.753669023513794 -0.17686399817466736 -0.1640619933605194
v -0.644294023513794 -0.0284269992262125 -0.1640619933605194
v 0.6623460054397583 0.059464000165462494 -0.1640619933605194
v 0.6623460054397583 0.0633699968457222 -0.1640619933605194
v 0.095940001308918 0.1688389927148819 -0.1640619933605194
v 0.24633100628852844 0.2235260009765625 -0.1640619933605194
v 0.14867499470710754 0.2625890076160431 -0.1640619933605194
v 0.1584399938583374 0.2743079960346222 -0.1640619933605194
v 0.10961200296878815 0.2782140076160431 -0.1640619933605194
v 0.16039299964904785 0.28797900676727295 -0.1640619933605194
v 0.111565001308918 0.2977449893951416 -0.1640619933605194
v 0.15648700296878815 0.3016510009765625 -0.1640619933605194
v 0.1232839971780777 -0.28233298659324646 -0.16210900247097015
v -0.7517160177230835 -0.1827239990234375 -0.16210900247097015
v 0.718986988067627 -0.1631920039653778 -0.16210900247097015
v -0.8493720293045044 -0.020614000037312508 -0.16210900247097015
v -0.26538801193237305 0.043839000165462494 -0.16210900247097015
v -0.19507500529289246 0.04969799891114235 -0.16210900247097015
v 0.718986988067627 0.0516510009765625 -0.16210900247097015
v 0.718986988067627 0.0750890001654625 -0.16210900247097015
v 0.718986988067627 0.07704199850559235 -0.16210900247097015
v 0.4201590120792389 0.20985400676727295 -0.16210900247097015
v 0.1076589971780777 0.28407299518585205 -0.16210900247097015
v 0.1076589971780777 0.28797900676727295 -0.16210900247097015
v 0.1076589971780777 0.2938390076160431 -0.16210900247097015
v 0.1232839971780777 0.31141701340675354 -0.16210900247097015
v -0.1501539945602417 -0.28623899817466736 -0.1601559966802597
v 0.8342210054397583 -0.0616299994289875 -0.1601559966802597
v 0.8517990112304688 -0.049910999834537506 -0.1601559966802597
v 0.8635179996490479 -0.022568000480532646 -0.1601559966802597
v 0.8635179996490479 -0.018660999834537506 -0.1601559966802597
v -0.6345289945602417 0.0028230000752955675 -0.1601559966802597
v 0.8107839822769165 0.014542000368237495 -0.1601559966802597
v 0.1389089971780777 0.2547760009765625 -0.1601559966802597
v 0.1232839971780777 0.25672900676727295 -0.1601559966802597
v 0.15258100628852844 0.2625890076160431 -0.1601559966802597
v 0.111565001308918 0.2664949893951416 -0.1601559966802597
v 0.1584399938583374 0.3016510009765625 -0.1601559966802597
v 0.14867499470710754 0.31141701340675354 -0.1601559966802597
v 0.135003000497818 0.31532299518585205 -0.1601559966802597
v -0.1501539945602417 -0.2803800106048584 -0.15820300579071045
v -0.593513011932373 -0.23936399817466736 -0.15820300579071045
v 0.718986988067627 -0.16514599323272705 -0.15820300579071045
v -0.30445098876953125 0.03407299891114235 -0.15820300579071045
v -0.2360910028219223 0.07704199850559235 -0.15820300579071045
v -0.2204660028219223 0.07704199850559235 -0.15820300579071045
v 0.4904710054397583 0.1883700042963028 -0.15820300579071045
v 0.38304901123046875 0.2235260009765625 -0.15820300579071045
v 0.1154709979891777 0.3094640076160431 -0.15820300579071045
v -0.30445098876953125 0.016495000571012497 -0.15625
v 0.14086200296878815 0.2547760009765625 -0.15625
v 0.10570599883794785 0.27235400676727295 -0.15625
v 0.1076589971780777 0.30360400676727295 -0.15625
v 0.150628000497818 0.31141701340675354 -0.15625
v 0.1271899938583374 0.3172760009765625 -0.15625
v 0.8517990112304688 -0.0538179986178875 -0.15429699420928955
v 0.8635179996490479 -0.014755000360310078 -0.15429699420928955
v -0.691169023513794 -0.0030360000673681498 -0.15429699420928955
v 0.6935960054397583 0.09657300263643265 -0.15429699420928955
v 0.6623460054397583 0.12001100182533264 -0.15429699420928955
v 0.5764089822769165 0.15907299518585205 -0.15429699420928955
v 0.31273698806762695 0.2313389927148819 -0.15429699420928955
v 0.38304901123046875 0.2313389927148819 -0.15429699420928955
v 0.1271899938583374 0.25282299518585205 -0.15429699420928955
v 0.11351799964904785 0.2586820125579834 -0.15429699420928955
v 0.16039299964904785 0.2743079960346222 -0.15429699420928955
v 0.10179899632930756 0.28016701340675354 -0.15429699420928955
v 0.1623460054397583 0.2860260009765625 -0.15429699420928955
v 0.1389089971780777 0.3172760009765625 -0.15429699420928955
v -0.2673409879207611 0.07704199850559235 -0.1523440033197403
v -0.2517159879207611 0.07704199850559235 -0.1523440033197403
v -0.20679399371147156 0.07704199850559235 -0.1523440033197403
v 0.025628000497817993 0.1102449968457222 -0.1523440033197403
v 0.16820600628852844 0.21766699850559235 -0.1523440033197403
v 0.1545339971780777 0.26454201340675354 -0.1523440033197403
v 0.0998459979891777 0.28797900676727295 -0.1523440033197403
v 0.10179899632930756 0.2977449893951416 -0.1523440033197403
v 0.1584399938583374 0.29969799518585205 -0.1523440033197403
v 0.11742500215768814 0.31532299518585205 -0.1523440033197403
v -0.831794023513794 -0.2061610072851181 -0.15039099752902985
v -0.8513249754905701 -0.11512400209903717 -0.15039099752902985
v 0.049065001308918 0.1414950042963028 -0.15039099752902985
v 0.36742499470710754 0.2274319976568222 -0.15039099752902985
v 0.36742499470710754 0.2391510009765625 -0.15039099752902985
v 0.12914299964904785 0.25282299518585205 -0.15039099752902985
v -0.8611279726028442 -0.11394999921321869 -0.1484519988298416
v -0.8806220293045044 -0.1475680023431778 -0.1484380066394806
v -0.863044023513794 -0.1475680023431778 -0.1484380066394806
v -0.8552320003509521 -0.12998899817466736 -0.1484380066394806
v -0.8513249754905701 -0.1241300031542778 -0.1484380066394806
v -0.8689039945602417 -0.1202239990234375 -0.1484380066394806
v -0.8513249754905701 -0.11827100068330765 -0.1484380066394806
v -0.9118720293045044 -0.09092699736356735 -0.1484380066394806
v -0.9138249754905701 -0.08702100068330765 -0.1484380066394806
v -0.909919023513794 -0.0616299994289875 -0.1484380066394806
v -0.9079660177230835 -0.0538179986178875 -0.1484380066394806
v -0.8884350061416626 -0.034285999834537506 -0.1484380066394806
v -0.8825749754905701 -0.034285999834537506 -0.1484380066394806
v -0.8610910177230835 -0.020614000037312508 -0.1484380066394806
v -0.827888011932373 -0.016707999631762505 -0.1484380066394806
v -0.6909109950065613 -0.0020910000894218683 -0.1484380066394806
v 0.718986988067627 0.05360399931669235 -0.1484380066394806
v -0.2829659879207611 0.07704199850559235 -0.1484380066394806
v 0.6935960054397583 0.0789949968457222 -0.1484380066394806
v 0.6935960054397583 0.08876100182533264 -0.1484380066394806
v 0.058830998837947845 0.15516699850559235 -0.1484380066394806
v 0.060784000903367996 0.1688389927148819 -0.1484380066394806
v 0.060784000903367996 0.1766510009765625 -0.1484380066394806
v 0.24633100628852844 0.2313389927148819 -0.1484380066394806
v 0.14476799964904785 0.25672900676727295 -0.1484380066394806
v 0.103753000497818 0.2664949893951416 -0.1484380066394806
v 0.15258100628852844 0.30751100182533264 -0.1484380066394806
v 0.14086200296878815 0.3172760009765625 -0.1484380066394806
v 0.12914299964904785 0.31922900676727295 -0.1484380066394806
v -0.8513249754905701 -0.1241300031542778 -0.14648400247097015
v 0.8342210054397583 0.012589000165462494 -0.14648400247097015
v -0.4353100061416626 0.045791998505592346 -0.14648400247097015
v 0.6271899938583374 0.14344799518585205 -0.14648400247097015
v 0.4201590120792389 0.22157299518585205 -0.14648400247097015
v 0.1154709979891777 0.2547760009765625 -0.14648400247097015
v 0.1076589971780777 0.3094640076160431 -0.14648400247097015
v -0.8806220293045044 -0.15733300149440765 -0.1445309966802597
v -0.859138011932373 -0.15733300149440765 -0.1445309966802597
v -0.8493720293045044 -0.12998899817466736 -0.1445309966802597
v 0.8635179996490479 -0.047958001494407654 -0.1445309966802597
v 0.777580976486206 0.03407299891114235 -0.1445309966802597
v 0.6935960054397583 0.1063390001654625 -0.1445309966802597
v -0.2360910028219223 0.1102449968457222 -0.1445309966802597
v 0.09789299964904785 0.27626100182533264 -0.1445309966802597
v 0.0998459979891777 0.29969799518585205 -0.1445309966802597
v 0.12133099883794785 0.3172760009765625 -0.1445309966802597
v 0.1232839971780777 -0.2920989990234375 -0.14257800579071045
v 0.31273698806762695 -0.29014599323272705 -0.14257800579071045
v 0.36742499470710754 -0.28623899817466736 -0.14257800579071045
v 0.4201590120792389 -0.2803800106048584 -0.14257800579071045
v 0.47289299964904785 -0.2686609923839569 -0.14257800579071045
v 0.5256279706954956 -0.2530359923839569 -0.14257800579071045
v 0.5549250245094299 -0.24327099323272705 -0.14257800579071045
v 0.5764089822769165 -0.2335049957036972 -0.14257800579071045
v 0.6623460054397583 -0.1983489990234375 -0.14257800579071045
v 0.718986988067627 -0.16905200481414795 -0.14257800579071045
v -0.8493720293045044 -0.13780200481414795 -0.14257800579071045
v -0.863044023513794 -0.12998899817466736 -0.14257800579071045
v 0.8107839822769165 -0.08311399817466736 -0.14257800579071045
v 0.8107839822769165 0.0008699999889358878 -0.14257800579071045
v -0.4353100061416626 0.045791998505592346 -0.14257800579071045
v -0.1735910028219223 0.0672760009765625 -0.14257800579071045
v -0.30445098876953125 0.07704199850559235 -0.14257800579071045
v -0.2517159879207611 0.1102449968457222 -0.14257800579071045
v 0.38304901123046875 0.2430579960346222 -0.14257800579071045
v 0.36742499470710754 0.24891699850559235 -0.14257800579071045
v 0.11742500215768814 0.2547760009765625 -0.14257800579071045
v 0.13304899632930756 0.2547760009765625 -0.14257800579071045
v 0.09789299964904785 0.28797900676727295 -0.14257800579071045
v -0.1501539945602417 -0.29014599323272705 -0.140625
v -0.847419023513794 -0.14952099323272705 -0.140625
v -0.859138011932373 -0.1436610072851181 -0.140625
v -0.847419023513794 -0.1436610072851181 -0.140625
v -0.8610910177230835 -0.13780200481414795 -0.140625
v -0.443121999502182 0.0829010009765625 -0.140625
v -0.2204660028219223 0.1102449968457222 -0.140625
v 0.36742499470710754 0.2313389927148819 -0.140625
v 0.10570599883794785 0.2625890076160431 -0.140625
v 0.14086200296878815 0.3133699893951416 -0.140625
v 0.1232839971780777 0.3172760009765625 -0.140625
v -0.593513011932373 -0.26280200481414795 -0.13867199420928955
v -0.593513011932373 -0.2569420039653778 -0.13867199420928955
v -0.8649970293045044 -0.18858300149440765 -0.13867199420928955
v -0.8513249754905701 -0.17686399817466736 -0.13867199420928955
v -0.8454660177230835 -0.1670989990234375 -0.13867199420928955
v -0.8532789945602417 -0.16514599323272705 -0.13867199420928955
v -0.859138011932373 -0.16123899817466736 -0.13867199420928955
v -0.8454660177230835 -0.16123899817466736 -0.13867199420928955
v -0.8610910177230835 -0.1553799957036972 -0.13867199420928955
v -0.8454660177230835 -0.1553799957036972 -0.13867199420928955
v -0.8571850061416626 -0.14952099323272705 -0.13867199420928955
v 0.8517990112304688 -0.0616299994289875 -0.13867199420928955
v 0.8635179996490479 -0.05186399817466736 -0.13867199420928955
v -0.11695100367069244 0.0633699968457222 -0.13867199420928955
v -0.04273200035095215 0.08094800263643265 -0.13867199420928955
v 0.15648700296878815 0.2704010009765625 -0.13867199420928955
v 0.16039299964904785 0.28016701340675354 -0.13867199420928955
v 0.16039299964904785 0.2899320125579834 -0.13867199420928955
v 0.10961200296878815 0.31141701340675354 -0.13867199420928955
v -0.8493720293045044 -0.21202099323272705 -0.1367190033197403
v -0.8552320003509521 -0.2022549957036972 -0.1367190033197403
v -0.847419023513794 -0.18467700481414795 -0.1367190033197403
v -0.847419023513794 -0.17686399817466736 -0.1367190033197403
v -0.843513011932373 -0.17295800149440765 -0.1367190033197403
v -0.8513249754905701 -0.1710049957036972 -0.1367190033197403
v 0.8107839822769165 -0.08702100068330765 -0.1367190033197403
v 0.8850029706954956 -0.018660999834537506 -0.1367190033197403
v 0.8850029706954956 -0.014755000360310078 -0.1367190033197403
v 0.8517990112304688 0.008682000450789928 -0.1367190033197403
v -0.7553640007972717 0.015487000346183777 -0.1367190033197403
v 0.6935960054397583 0.05751100182533264 -0.1367190033197403
v 0.6935960054397583 0.061416998505592346 -0.1367190033197403
v -0.4079659879207611 0.06532300263643265 -0.1367190033197403
v -0.07788799703121185 0.0672760009765625 -0.1367190033197403
v -0.48413801193237305 0.10829199850559235 -0.1367190033197403
v -0.4314039945602417 0.11219800263643265 -0.1367190033197403
v 0.4904710054397583 0.20204199850559235 -0.1367190033197403
v 0.16820600628852844 0.22547900676727295 -0.1367190033197403
v 0.31273698806762695 0.23329199850559235 -0.1367190033197403
v 0.1232839971780777 0.25672900676727295 -0.1367190033197403
v 0.1076589971780777 0.2625890076160431 -0.1367190033197403
v 0.0998459979891777 0.2743079960346222 -0.1367190033197403
v 0.10179899632930756 0.3016510009765625 -0.1367190033197403
v -0.8396070003509521 -0.2061610072851181 -0.13476599752902985
v -0.8396070003509521 -0.1866299957036972 -0.13476599752902985
v -0.8415600061416626 -0.1788180023431778 -0.13476599752902985
v 0.8342210054397583 -0.08311399817466736 -0.13476599752902985
v 0.8342210054397583 -0.00108299998100847 -0.13476599752902985
v -0.3767159879207611 0.05360399931669235 -0.13476599752902985
v -0.458746999502182 0.12782299518585205 -0.13476599752902985
v 0.35570600628852844 0.2547760009765625 -0.13476599752902985
v 0.14867499470710754 0.2625890076160431 -0.13476599752902985
v 0.09789299964904785 0.28797900676727295 -0.13476599752902985
v 0.15648700296878815 0.29969799518585205 -0.13476599752902985
v 0.111565001308918 0.31141701340675354 -0.13476599752902985
v 0.1310960054397583 0.3133699893951416 -0.13476599752902985
v 0.8850029706954956 -0.010848999954760075 -0.1328119933605194
v -0.8024970293045044 0.010635999962687492 -0.1328119933605194
v -0.7553640007972717 0.015487000346183777 -0.1328119933605194
v -0.1814039945602417 0.08094800263643265 -0.1328119933605194
v -0.349371999502182 0.08680800348520279 -0.1328119933605194
v -0.39820098876953125 0.0985260009765625 -0.1328119933605194
v -0.2829659879207611 0.1102449968457222 -0.1328119933605194
v -0.2673409879207611 0.1102449968457222 -0.1328119933605194
v 0.6935960054397583 0.11610399931669235 -0.1328119933605194
v 0.043205998837947845 0.1766510009765625 -0.1328119933605194
v 0.10179899632930756 0.2743079960346222 -0.1328119933605194
v -0.46070098876953125 0.0672760009765625 -0.13085900247097015
v 0.6623460054397583 0.13563600182533264 -0.13085900247097015
v 0.1389089971780777 0.26063600182533264 -0.13085900247097015
v 0.11351799964904785 0.26454201340675354 -0.13085900247097015
v 0.0998459979891777 0.28797900676727295 -0.13085900247097015
v 0.103753000497818 0.3016510009765625 -0.13085900247097015
v 0.11742500215768814 0.30751100182533264 -0.13085900247097015
v 0.8635179996490479 0.00672899978235364 -0.1289059966802597
v -0.3767159879207611 0.04188600182533264 -0.1289059966802597
v 0.7560960054397583 0.0750890001654625 -0.1289059966802597
v -0.11695100367069244 0.07704199850559235 -0.1289059966802597
v 0.7560960054397583 0.07704199850559235 -0.1289059966802597
v -0.04663800075650215 0.0946199968457222 -0.1289059966802597
v 0.718986988067627 0.09657300263643265 -0.1289059966802597
v -0.2946850061416626 0.1102449968457222 -0.1289059966802597
v 0.5764089822769165 0.1766510009765625 -0.1289059966802597
v 0.060784000903367996 0.2000889927148819 -0.1289059966802597
v 0.4201590120792389 0.23719799518585205 -0.1289059966802597
v 0.1467210054397583 0.3055579960346222 -0.1289059966802597
v -0.3884350061416626 -0.28623899817466736 -0.12695300579071045
v -0.8493720293045044 -0.2413180023431778 -0.12695300579071045
v 0.8517990112304688 -0.0030360000673681498 -0.12695300579071045
v -0.0798410028219223 0.08094800263643265 -0.12695300579071045
v -0.4860909879207611 0.1454010009765625 -0.12695300579071045
v 0.008049000054597855 0.1454010009765625 -0.12695300579071045
v 0.025628000497817993 0.1727450042963028 -0.12695300579071045
v 0.1076589971780777 0.2743079960346222 -0.12695300579071045
v 0.10961200296878815 0.29969799518585205 -0.12695300579071045
v -0.515388011932373 0.09657300263643265 -0.125
v -0.30445098876953125 0.1102449968457222 -0.125
v -0.5251539945602417 0.1375889927148819 -0.125
v 0.12914299964904785 0.2625890076160431 -0.125
v 0.10570599883794785 0.2860260009765625 -0.125
v -0.8728100061416626 -0.1553799957036972 -0.12304700165987015
v 0.8107839822769165 -0.09092699736356735 -0.12304700165987015
v 0.8635179996490479 -0.0030360000673681498 -0.12304700165987015
v 0.4904710054397583 0.2039950042963028 -0.12304700165987015
v 0.12914299964904785 0.3055579960346222 -0.12304700165987015
v 0.5764089822769165 -0.24327099323272705 -0.1210940033197403
v -0.8806220293045044 -0.16514599323272705 -0.1210940033197403
v -0.4079659879207611 0.04969799891114235 -0.1210940033197403
v -0.42554399371147156 0.1336819976568222 -0.1210940033197403
v -0.44898200035095215 0.1414950042963028 -0.1210940033197403
v -0.474371999502182 0.15126100182533264 -0.1210940033197403
v -0.2517159879207611 0.1532139927148819 -0.1210940033197403
v -0.2360910028219223 0.1532139927148819 -0.1210940033197403
v 0.4904710054397583 0.2118079960346222 -0.1210940033197403
v 0.12133099883794785 0.2704010009765625 -0.1210940033197403
v -0.8728100061416626 -0.1827239990234375 -0.11914099752902985
v 0.8635179996490479 -0.0616299994289875 -0.11914099752902985
v 0.8850029706954956 -0.0460049994289875 -0.11914099752902985
v 0.8107839822769165 0.03407299891114235 -0.11914099752902985
v 0.777580976486206 0.045791998505592346 -0.11914099752902985
v 0.718986988067627 0.0789949968457222 -0.11914099752902985
v 0.718986988067627 0.08876100182533264 -0.11914099752902985
v 0.718986988067627 0.1063390001654625 -0.11914099752902985
v -0.3298409879207611 0.1141510009765625 -0.11914099752902985
v -0.3923409879207611 0.12391699850559235 -0.11914099752902985
v 0.6271899938583374 0.1610260009765625 -0.11914099752902985
v 0.3459399938583374 0.2664949893951416 -0.11914099752902985
v 0.12133099883794785 0.29969799518585205 -0.11914099752902985
v -0.8337470293045044 -0.24327099323272705 -0.1171879991889
v -0.863044023513794 -0.1827239990234375 -0.1171879991889
v -0.8571850061416626 -0.1788180023431778 -0.1171879991889
v 0.8850029706954956 -0.004989000037312508 -0.1171879991889
v 0.8850029706954956 0.0008699999889358878 -0.1171879991889
v -0.26538801193237305 0.1493079960346222 -0.1171879991889
v -0.23023200035095215 0.1493079960346222 -0.1171879991889
v -0.5095289945602417 0.1610260009765625 -0.1171879991889
v 0.36742499470710754 0.23329199850559235 -0.1171879991889
v 0.35570600628852844 0.24891699850559235 -0.1171879991889
v 0.11742500215768814 0.28016701340675354 -0.1171879991889
v 0.11742500215768814 0.2899320125579834 -0.1171879991889
v -0.3884350061416626 -0.28623899817466736 -0.11523400247097015
v -0.593513011932373 -0.28233298659324646 -0.11523400247097015
v -0.8532789945602417 -0.18467700481414795 -0.11523400247097015
v 0.765861988067627 0.04969799891114235 -0.1132809966802597
v 0.5764089822769165 0.17860400676727295 -0.1132809966802597
v 0.060784000903367996 0.2079010009765625 -0.1132809966802597
v -0.7556220293045044 0.0184480007737875 -0.11132799834012985
v -0.6052320003509521 0.0321200005710125 -0.11132799834012985
v -0.5681220293045044 0.13563600182533264 -0.11132799834012985
v -0.546638011932373 0.1610260009765625 -0.11132799834012985
v -0.3454659879207611 -0.2960050106048584 -0.109375
v 0.8517990112304688 -0.08311399817466736 -0.109375
v 0.8850029706954956 -0.047958001494407654 -0.109375
v 0.906486988067627 -0.014755000360310078 -0.109375
v 0.906486988067627 -0.010848999954760075 -0.109375
v -0.19507500529289246 0.1024319976568222 -0.109375
v 0.6935960054397583 0.13172900676727295 -0.109375
v 0.4553149938583374 0.2235260009765625 -0.109375
v 0.4553149938583374 0.23329199850559235 -0.109375
v 0.38304901123046875 0.2547760009765625 -0.109375
v 0.3459399938583374 0.2586820125579834 -0.109375
v 0.718986988067627 0.05555799975991249 -0.10742200165987015
v 0.718986988067627 0.061416998505592346 -0.10742200165987015
v 0.718986988067627 0.11610399931669235 -0.10742200165987015
v -0.5290600061416626 0.1766510009765625 -0.10742200165987015
v 0.043205998837947845 0.20594799518585205 -0.10742200165987015
v 0.906486988067627 -0.006941999774426222 -0.1054690033197403
v -0.11695100367069244 0.0985260009765625 -0.1054690033197403
v -0.083746999502182 0.1024319976568222 -0.1054690033197403
v -0.054450999945402145 0.1141510009765625 -0.1054690033197403
v -0.30445098876953125 0.13563600182533264 -0.1054690033197403
v -0.2946850061416626 0.13563600182533264 -0.1054690033197403
v -0.2829659879207611 0.13563600182533264 -0.1054690033197403
v -0.0036689999978989363 0.1649319976568222 -0.1054690033197403
v 0.01195599976927042 0.19032299518585205 -0.1054690033197403
v 0.025628000497817993 0.2000889927148819 -0.1054690033197403
v 0.31273698806762695 -0.3077239990234375 -0.10351599752902985
v 0.36742499470710754 -0.3038179874420166 -0.10351599752902985
v 0.4201590120792389 -0.2960050106048584 -0.10351599752902985
v 0.47289299964904785 -0.2842859923839569 -0.10351599752902985
v 0.5256279706954956 -0.26670798659324646 -0.10351599752902985
v 0.5764089822769165 -0.2491299957036972 -0.10351599752902985
v 0.5920339822769165 -0.24327099323272705 -0.10351599752902985
v 0.6623460054397583 -0.21202099323272705 -0.10351599752902985
v 0.7521899938583374 -0.16905200481414795 -0.10351599752902985
v 0.765861988067627 -0.16514599323272705 -0.10351599752902985
v 0.777580976486206 -0.16123899817466736 -0.10351599752902985
v 0.7873460054397583 -0.1475680023431778 -0.10351599752902985
v 0.797111988067627 -0.13389599323272705 -0.10351599752902985
v 0.8107839822769165 -0.11436399817466736 -0.10351599752902985
v -0.9274970293045044 -0.09092699736356735 -0.10351599752902985
v -0.9314039945602417 -0.08702100068330765 -0.10351599752902985
v -0.9274970293045044 -0.0616299994289875 -0.10351599752902985
v -0.925544023513794 -0.0538179986178875 -0.10351599752902985
v -0.906013011932373 -0.034285999834537506 -0.10351599752902985
v -0.9001539945602417 -0.034285999834537506 -0.10351599752902985
v -0.878669023513794 -0.020614000037312508 -0.10351599752902985
v -0.8513249754905701 -0.016707999631762505 -0.10351599752902985
v -0.8298410177230835 0.010635999962687492 -0.10351599752902985
v -0.8220289945602417 0.014542000368237495 -0.10351599752902985
v -0.7556220293045044 0.02430799975991249 -0.10351599752902985
v -0.6052320003509521 0.0399320013821125 -0.10351599752902985
v 0.7404710054397583 0.09657300263643265 -0.10351599752902985
v 0.6623460054397583 0.1532139927148819 -0.10351599752902985
v 0.6271899938583374 0.1649319976568222 -0.10351599752902985
v -0.1501539945602417 -0.30577099323272705 -0.1015620008111
v -0.4235909879207611 0.1493079960346222 -0.1015620008111
v -0.44507500529289246 0.1532139927148819 -0.1015620008111
v -0.46851301193237305 0.15907299518585205 -0.1015620008111
v -0.4978100061416626 0.16688600182533264 -0.1015620008111
v -0.5583570003509521 0.1766510009765625 -0.1015620008111
v -0.3220289945602417 0.1336819976568222 -0.09960900247097015
v -0.39038801193237305 0.1414950042963028 -0.09960900247097015
v -0.5915600061416626 0.1610260009765625 -0.09960900247097015
v -0.25757500529289246 0.1727450042963028 -0.09960900247097015
v -0.2439039945602417 0.1727450042963028 -0.09960900247097015
v -0.34741899371147156 -0.2920989990234375 -0.0976559966802597
v -0.26929399371147156 0.1688389927148819 -0.09570299834012985
v -0.2360910028219223 0.1688389927148819 -0.09570299834012985
v -0.812263011932373 -0.28233298659324646 -0.09375
v 0.781486988067627 0.0750890001654625 -0.09375
v 0.781486988067627 0.07704199850559235 -0.09375
v 0.7404710054397583 0.1063390001654625 -0.09375
v 0.5295339822769165 0.19422900676727295 -0.09375
v 0.5295339822769165 0.2079010009765625 -0.09375
v 0.3459399938583374 0.27235400676727295 -0.09375
v -0.5993720293045044 0.1766510009765625 -0.09179700165987015
v 0.8635179996490479 -0.08311399817466736 -0.0898440033197403
v 0.8850029706954956 -0.0616299994289875 -0.0898440033197403
v 0.906486988067627 -0.04405200108885765 -0.0898440033197403
v 0.8342210054397583 0.03407299891114235 -0.0898440033197403
v -0.5564039945602417 0.03797899931669235 -0.0898440033197403
v 0.7404710054397583 0.0789949968457222 -0.0898440033197403
v 0.7541429996490479 0.0789949968457222 -0.0898440033197403
v 0.7404710054397583 0.08876100182533264 -0.0898440033197403
v 0.6935960054397583 0.1454010009765625 -0.0898440033197403
v 0.6623460054397583 0.1571200042963028 -0.0898440033197403
v -0.2009350061416626 0.11610399931669235 -0.0859379991889
v 0.718986988067627 0.13172900676727295 -0.0859379991889
v 0.9240649938583374 -0.012802000157535076 -0.0820309966802597
v 0.9240649938583374 -0.008895999751985073 -0.0820309966802597
v 0.8107839822769165 0.045791998505592346 -0.0820309966802597
v 0.734611988067627 0.05555799975991249 -0.0820309966802597
v 0.734611988067627 0.061416998505592346 -0.0820309966802597
v 0.7404710054397583 0.0789949968457222 -0.0820309966802597
v -0.515388011932373 0.08876100182533264 -0.0820309966802597
v 0.7541429996490479 0.09657300263643265 -0.0820309966802597
v 0.7482839822769165 0.1063390001654625 -0.0820309966802597
v -0.11695100367069244 0.11219800263643265 -0.0820309966802597
v -0.08570100367069244 0.11610399931669235 -0.0820309966802597
v 0.7404710054397583 0.11610399931669235 -0.0820309966802597
v -0.060309998691082 0.12782299518585205 -0.0820309966802597
v 0.6935960054397583 0.1454010009765625 -0.0820309966802597
v -0.011482000350952148 0.1766510009765625 -0.0820309966802597
v 0.004143000114709139 0.2000889927148819 -0.0820309966802597
v 0.01781499944627285 0.2079010009765625 -0.0820309966802597
v 0.03539299964904785 0.2118079960346222 -0.0820309966802597
v 0.060784000903367996 0.21376100182533264 -0.0820309966802597
v 0.4904710054397583 0.2196200042963028 -0.0820309966802597
v 0.4904710054397583 0.22938600182533264 -0.0820309966802597
v 0.31273698806762695 0.2352450042963028 -0.0820309966802597
v 0.36742499470710754 0.2352450042963028 -0.0820309966802597
v 0.4553149938583374 0.24110400676727295 -0.0820309966802597
v 0.3459399938583374 0.26844799518585205 -0.0820309966802597
v -0.593513011932373 -0.28623899817466736 -0.08007799834012985
v -0.577888011932373 0.04188600182533264 -0.08007799834012985
v 0.8517990112304688 -0.08311399817466736 -0.078125
v 0.9240649938583374 -0.004989000037312508 -0.078125
v 0.797111988067627 0.04969799891114235 -0.078125
v 0.7560960054397583 0.05751100182533264 -0.078125
v 0.7639089822769165 0.06922899931669235 -0.078125
v -0.5681220293045044 0.12001100182533264 -0.078125
v -0.5915600061416626 0.14344799518585205 -0.078125
v -0.5993720293045044 0.1610260009765625 -0.078125
v -0.5524970293045044 0.2118079960346222 -0.078125
v -0.30445098876953125 0.15126100182533264 -0.07617200165987015
v -0.28882500529289246 0.15126100182533264 -0.07617200165987015
v 0.1310960054397583 0.2782140076160431 -0.07617200165987015
v -0.30445098876953125 -0.3077239990234375 -0.0742190033197403
v 0.7541429996490479 0.09657300263643265 -0.0742190033197403
v 0.7404710054397583 0.11610399931669235 -0.0742190033197403
v 0.718986988067627 0.13172900676727295 -0.0742190033197403
v -0.3220289945602417 0.14735400676727295 -0.0742190033197403
v -0.39038801193237305 0.15516699850559235 -0.0742190033197403
v -0.4235909879207611 0.1610260009765625 -0.0742190033197403
v -0.44507500529289246 0.1649319976568222 -0.0742190033197403
v -0.46851301193237305 0.1688389927148819 -0.0742190033197403
v -0.4978100061416626 0.17469799518585205 -0.0742190033197403
v -0.5290600061416626 0.1805579960346222 -0.0742190033197403
v 0.135003000497818 0.28407299518585205 -0.0742190033197403
v 0.8517990112304688 -0.08702100068330765 -0.07226599752902985
v -0.26148200035095215 0.18641699850559235 -0.0703120008111
v -0.2478100061416626 0.18641699850559235 -0.0703120008111
v -0.5720289945602417 0.21376100182533264 -0.0703120008111
v 0.24633100628852844 0.2352450042963028 -0.0703120008111
v 0.13304899632930756 0.27235400676727295 -0.0703120008111
v -0.27320098876953125 0.1805579960346222 -0.06835900247097015
v -0.239996999502182 0.1805579960346222 -0.06835900247097015
v 0.1271899938583374 0.2196200042963028 -0.06835900247097015
v 0.31273698806762695 0.24110400676727295 -0.06445299834012985
v 0.31273698806762695 -0.31358298659324646 -0.0625
v 0.36742499470710754 -0.3116300106048584 -0.0625
v 0.4201590120792389 -0.3038179874420166 -0.0625
v 0.47289299964904785 -0.29014599323272705 -0.0625
v 0.5256279706954956 -0.27452099323272705 -0.0625
v 0.5764089822769165 -0.2569420039653778 -0.0625
v 0.6271899938583374 -0.2374110072851181 -0.0625
v 0.6623460054397583 -0.2217860072851181 -0.0625
v 0.781486988067627 -0.17295800149440765 -0.0625
v 0.7697679996490479 -0.1710049957036972 -0.0625
v 0.8010179996490479 -0.16514599323272705 -0.0625
v 0.812736988067627 -0.15342700481414795 -0.0625
v 0.824455976486206 -0.13780200481414795 -0.0625
v 0.8381279706954956 -0.11436399817466736 -0.0625
v 0.8517990112304688 -0.09092699736356735 -0.0625
v 0.906486988067627 -0.0460049994289875 -0.0625
v 0.8517990112304688 0.03407299891114235 -0.0625
v 0.797111988067627 0.0750890001654625 -0.0625
v 0.7697679996490479 0.07704199850559235 -0.0625
v 0.797111988067627 0.07704199850559235 -0.0625
v 0.7482839822769165 0.08876100182533264 -0.0625
v 0.734611988067627 0.1063390001654625 -0.0625
v 0.718986988067627 0.1219640001654625 -0.0625
v 0.6935960054397583 0.1375889927148819 -0.0625
v 0.6623460054397583 0.1532139927148819 -0.0625
v 0.6271899938583374 0.1649319976568222 -0.0625
v 0.5764089822769165 0.18251100182533264 -0.0625
v 0.5568779706954956 0.19032299518585205 -0.0625
v 0.5568779706954956 0.20594799518585205 -0.0625
v 0.4201590120792389 0.23329199850559235 -0.0625
v 0.4201590120792389 0.2430579960346222 -0.0625
v 0.38304901123046875 0.26454201340675354 -0.0625
v 0.3459399938583374 0.2782140076160431 -0.0625
v -0.1501539945602417 -0.3155359923839569 -0.05859399959445
v -0.2048410028219223 0.1258700042963028 -0.05859399959445
v 0.1428149938583374 0.28407299518585205 -0.05859399959445
v -0.46070098876953125 0.04969799891114235 -0.056641001254320145
v -0.46070098876953125 0.05555799975991249 -0.056641001254320145
v -0.609138011932373 0.21766699850559235 -0.056641001254320145
v 0.18773700296878815 0.2547760009765625 -0.056641001254320145
v 0.1935960054397583 0.26454201340675354 -0.056641001254320145
v -0.11695100367069244 0.1219640001654625 -0.054687999188899994
v -0.0876540020108223 0.1258700042963028 -0.054687999188899994
v -0.0642160028219223 0.1375889927148819 -0.054687999188899994
v -0.015387999825179577 0.1844639927148819 -0.054687999188899994
v 0.00023700000019744039 0.2039950042963028 -0.054687999188899994
v 0.013908999972045422 0.2118079960346222 -0.054687999188899994
v 0.03148699924349785 0.2157139927148819 -0.054687999188899994
v 0.060784000903367996 0.21766699850559235 -0.054687999188899994
v 0.1232839971780777 0.2274319976568222 -0.054687999188899994
v 0.25804901123046875 0.24110400676727295 -0.054687999188899994
v 0.353753000497818 0.24110400676727295 -0.054687999188899994
v 0.1779710054397583 0.2469639927148819 -0.054687999188899994
v 0.1935960054397583 0.2743079960346222 -0.054687999188899994
v -0.30445098876953125 -0.3038179874420166 -0.052733998745679855
v -0.32398200035095215 -0.30186399817466736 -0.052733998745679855
v -0.941169023513794 -0.09092699736356735 -0.052733998745679855
v -0.9450749754905701 -0.08702100068330765 -0.052733998745679855
v 0.8635179996490479 -0.08311399817466736 -0.052733998745679855
v -0.941169023513794 -0.0616299994289875 -0.052733998745679855
v -0.937263011932373 -0.0538179986178875 -0.052733998745679855
v 0.9240649938583374 -0.04405200108885765 -0.052733998745679855
v -0.9177320003509521 -0.034285999834537506 -0.052733998745679855
v -0.9118720293045044 -0.034285999834537506 -0.052733998745679855
v -0.8923410177230835 -0.020614000037312508 -0.052733998745679855
v -0.8669509887695312 -0.016707999631762505 -0.052733998745679855
v -0.8493720293045044 0.010635999962687492 -0.052733998745679855
v -0.8415600061416626 0.014542000368237495 -0.052733998745679855
v -0.7556220293045044 0.028214000165462494 -0.052733998745679855
v -0.6052320003509521 0.04188600182533264 -0.052733998745679855
v 0.7482839822769165 0.05555799975991249 -0.052733998745679855
v 0.7697679996490479 0.05555799975991249 -0.052733998745679855
v 0.7482839822769165 0.061416998505592346 -0.052733998745679855
v 0.777580976486206 0.06922899931669235 -0.052733998745679855
v 0.7482839822769165 0.07704199850559235 -0.052733998745679855
v 0.7482839822769165 0.08876100182533264 -0.052733998745679855
v 0.734611988067627 0.1063390001654625 -0.052733998745679855
v 0.718986988067627 0.1219640001654625 -0.052733998745679855
v 0.6935960054397583 0.1375889927148819 -0.052733998745679855
v 0.6623460054397583 0.1532139927148819 -0.052733998745679855
v 0.6271899938583374 0.16688600182533264 -0.052733998745679855
v 0.5764089822769165 0.18641699850559235 -0.052733998745679855
v 0.562736988067627 0.1922760009765625 -0.052733998745679855
v 0.562736988067627 0.20594799518585205 -0.052733998745679855
v 0.5217210054397583 0.2157139927148819 -0.052733998745679855
v -0.5564039945602417 0.21766699850559235 -0.052733998745679855
v 0.5217210054397583 0.22547900676727295 -0.052733998745679855
v 0.1389089971780777 0.2664949893951416 -0.052733998745679855
v 0.3459399938583374 0.27235400676727295 -0.052733998745679855
v -0.5739820003509521 0.2196200042963028 -0.04882799834012985
v 0.2053149938583374 0.2313389927148819 -0.04882799834012985
v 0.166253000497818 0.24501100182533264 -0.04882799834012985
v 0.18773700296878815 0.28407299518585205 -0.04882799834012985
v -0.593513011932373 -0.29405200481414795 -0.046875
v 0.8635179996490479 -0.08702100068330765 -0.046875
v 0.1896899938583374 0.22938600182533264 -0.046875
v 0.21898700296878815 0.2352450042963028 -0.046875
v 0.18383100628852844 0.2430579960346222 -0.046875
v 0.19554899632930756 0.2508699893951416 -0.046875
v -0.30445098876953125 0.1610260009765625 -0.04492200165987015
v -0.29273200035095215 0.1610260009765625 -0.04492200165987015
v -0.3220289945602417 0.15516699850559235 -0.04296899959445
v -0.39038801193237305 0.16297900676727295 -0.04296899959445
v -0.4235909879207611 0.1688389927148819 -0.04296899959445
v -0.44507500529289246 0.1727450042963028 -0.04296899959445
v -0.46851301193237305 0.1766510009765625 -0.04296899959445
v -0.4978100061416626 0.1805579960346222 -0.04296899959445
v -0.5290600061416626 0.1844639927148819 -0.04296899959445
v 0.20336200296878815 0.26063600182533264 -0.04296899959445
v 0.1428149938583374 0.2664949893951416 -0.04296899959445
v 0.1467210054397583 0.2782140076160431 -0.04296899959445
v 0.15648700296878815 0.2469639927148819 -0.041016001254320145
v 0.1779710054397583 0.28797900676727295 -0.041016001254320145
v 0.31273698806762695 -0.31358298659324646 -0.039062000811100006
v 0.36742499470710754 -0.3116300106048584 -0.039062000811100006
v 0.4201590120792389 -0.3038179874420166 -0.039062000811100006
v 0.47289299964904785 -0.29014599323272705 -0.039062000811100006
v 0.5256279706954956 -0.2764739990234375 -0.039062000811100006
v 0.5764089822769165 -0.25889599323272705 -0.039062000811100006
v 0.6271899938583374 -0.23936399817466736 -0.039062000811100006
v 0.6623460054397583 -0.2256920039653778 -0.039062000811100006
v 0.7892990112304688 -0.17686399817466736 -0.039062000811100006
v 0.777580976486206 -0.1749110072851181 -0.039062000811100006
v 0.808830976486206 -0.16905200481414795 -0.039062000811100006
v 0.824455976486206 -0.15733300149440765 -0.039062000811100006
v 0.8361750245094299 -0.1397549957036972 -0.039062000811100006
v 0.8517990112304688 -0.11436399817466736 -0.039062000811100006
v 0.8635179996490479 -0.09092699736356735 -0.039062000811100006
v 0.8850029706954956 -0.08311399817466736 -0.039062000811100006
v 0.906486988067627 -0.0616299994289875 -0.039062000811100006
v 0.9416429996490479 -0.012802000157535076 -0.039062000811100006
v 0.9416429996490479 -0.008895999751985073 -0.039062000811100006
v 0.8635179996490479 0.03407299891114235 -0.039062000811100006
v 0.8342210054397583 0.045791998505592346 -0.039062000811100006
v 0.8185960054397583 0.04969799891114235 -0.039062000811100006
v 0.5295339822769165 0.2157139927148819 -0.039062000811100006
v 0.5295339822769165 0.22547900676727295 -0.039062000811100006
v 0.17601799964904785 0.2274319976568222 -0.039062000811100006
v 0.4396899938583374 0.23329199850559235 -0.039062000811100006
v 0.2326589971780777 0.23719799518585205 -0.039062000811100006
v 0.17211200296878815 0.2391510009765625 -0.039062000811100006
v 0.4904710054397583 0.2391510009765625 -0.039062000811100006
v 0.4396899938583374 0.24110400676727295 -0.039062000811100006
v 0.1467210054397583 0.27626100182533264 -0.039062000811100006
v -0.1501539945602417 -0.3155359923839569 -0.037108998745679855
v -0.8239820003509521 -0.28233298659324646 -0.037108998745679855
v -0.515388011932373 0.07313600182533264 -0.037108998745679855
v -0.2751539945602417 0.18641699850559235 -0.037108998745679855
v -0.24195100367069244 0.18641699850559235 -0.037108998745679855
v -0.2634350061416626 0.1922760009765625 -0.037108998745679855
v -0.24976299703121185 0.1922760009765625 -0.037108998745679855
v -0.613044023513794 0.22157299518585205 -0.037108998745679855
v 0.1467210054397583 0.27235400676727295 -0.037108998745679855
v 0.16820600628852844 0.28797900676727295 -0.037108998745679855
v -0.30445098876953125 -0.30967700481414795 -0.03515600040555
v 0.9416429996490479 -0.004989000037312508 -0.03515600040555
v 0.14867499470710754 0.2547760009765625 -0.03515600040555
v 0.3459399938583374 0.28016701340675354 -0.03515600040555
v 0.1584399938583374 0.28407299518585205 -0.03515600040555
v 0.2092210054397583 0.26844799518585205 -0.03320299834012985
v 0.8068779706954956 0.0750890001654625 -0.03125
v 0.781486988067627 0.07704199850559235 -0.03125
v 0.8068779706954956 0.07704199850559235 -0.03125
v 0.1467210054397583 0.26454201340675354 -0.03125
v 0.150628000497818 0.2743079960346222 -0.03125
v -0.20679399371147156 0.13172900676727295 -0.029296999797225
v -0.11695100367069244 0.12782299518585205 -0.027343999594449997
v -0.08960700035095215 0.13172900676727295 -0.027343999594449997
v -0.06616900116205215 0.14344799518585205 -0.027343999594449997
v -0.019293999299407005 0.1883700042963028 -0.027343999594449997
v -0.0017160000279545784 0.20594799518585205 -0.027343999594449997
v 0.01195599976927042 0.21376100182533264 -0.027343999594449997
v 0.029534000903367996 0.21766699850559235 -0.027343999594449997
v 0.1271899938583374 0.2196200042963028 -0.027343999594449997
v 0.060784000903367996 0.22157299518585205 -0.027343999594449997
v 0.16039299964904785 0.22547900676727295 -0.027343999594449997
v 0.16820600628852844 0.2274319976568222 -0.027343999594449997
v 0.1232839971780777 0.2313389927148819 -0.027343999594449997
v 0.36742499470710754 0.2352450042963028 -0.027343999594449997
v 0.4201590120792389 0.2352450042963028 -0.027343999594449997
v 0.1623460054397583 0.24110400676727295 -0.027343999594449997
v 0.2404710054397583 0.24110400676727295 -0.027343999594449997
v 0.353753000497818 0.24110400676727295 -0.027343999594449997
v 0.3459399938583374 0.2743079960346222 -0.027343999594449997
v 0.7560960054397583 0.05555799975991249 -0.025390999391674995
v 0.777580976486206 0.05555799975991249 -0.025390999391674995
v 0.7560960054397583 0.061416998505592346 -0.025390999391674995
v 0.7853929996490479 0.06922899931669235 -0.025390999391674995
v 0.7560960054397583 0.07704199850559235 -0.025390999391674995
v 0.7560960054397583 0.08876100182533264 -0.025390999391674995
v 0.5685960054397583 0.1922760009765625 -0.025390999391674995
v 0.5685960054397583 0.20594799518585205 -0.025390999391674995
v -0.5681220293045044 0.12001100182533264 -0.023437999188899994
v 0.5392990112304688 0.21376100182533264 -0.019531000405550003
v 0.5392990112304688 0.2235260009765625 -0.019531000405550003
v 0.447503000497818 0.23329199850559235 -0.019531000405550003
v 0.447503000497818 0.2391510009765625 -0.019531000405550003
v 0.21117499470710754 0.27235400676727295 -0.019531000405550003
v -0.5388249754905701 0.0829010009765625 -0.017578000202775
v -0.531013011932373 0.0750890001654625 -0.015625
v 0.1623460054397583 0.22547900676727295 -0.013671999797224998
v 0.16039299964904785 0.2352450042963028 -0.013671999797224998
v 0.244378000497818 0.24110400676727295 -0.013671999797224998
v 0.15648700296878815 0.2469639927148819 -0.013671999797224998
v 0.23851799964904785 0.24891699850559235 -0.013671999797224998
v 0.1545339971780777 0.2586820125579834 -0.013671999797224998
v 0.1584399938583374 0.2704010009765625 -0.013671999797224998
v 0.16820600628852844 0.2782140076160431 -0.013671999797224998
v 0.17992499470710754 0.2821199893951416 -0.013671999797224998
v 0.19554899632930756 0.2821199893951416 -0.013671999797224998
v -0.5681220293045044 0.08680800348520279 -0.011718999594449997
v -0.515388011932373 0.061416998505592346 -0.005859000142663717
v -0.1501539945602417 -0.31748899817466736 0.0
v 0.31273698806762695 -0.3155359923839569 0.0
v -0.30445098876953125 -0.3116300106048584 0.0
v 0.36742499470710754 -0.3116300106048584 0.0
v -0.32398200035095215 -0.3038179874420166 0.0
v 0.4201590120792389 -0.3038179874420166 0.0
v -0.593513011932373 -0.2960050106048584 0.0
v 0.47289299964904785 -0.2920989990234375 0.0
v -0.8298410177230835 -0.28233298659324646 0.0
v 0.5256279706954956 -0.2764739990234375 0.0
v 0.5764089822769165 -0.25889599323272705 0.0
v -0.8532789945602417 -0.24327099323272705 0.0
v -0.874763011932373 -0.2413180023431778 0.0
v 0.6271899938583374 -0.23936399817466736 0.0
v 0.6623460054397583 -0.2256920039653778 0.0
v -0.878669023513794 -0.21202099323272705 0.0
v -0.8689039945602417 -0.2061610072851181 0.0
v -0.878669023513794 -0.2022549957036972 0.0
v -0.8864820003509521 -0.18858300149440765 0.0
v -0.8513249754905701 -0.1866299957036972 0.0
v -0.8649970293045044 -0.18467700481414795 0.0
v -0.8552320003509521 -0.18467700481414795 0.0
v -0.8884350061416626 -0.18077099323272705 0.0
v -0.878669023513794 -0.18077099323272705 0.0
v -0.874763011932373 -0.1788180023431778 0.0
v -0.8689039945602417 -0.1788180023431778 0.0
v -0.8552320003509521 -0.1788180023431778 0.0
v 0.797111988067627 -0.1788180023431778 0.0
v -0.8610910177230835 -0.17686399817466736 0.0
v 0.7853929996490479 -0.17686399817466736 0.0
v -0.8649970293045044 -0.1710049957036972 0.0
v 0.8185960054397583 -0.1710049957036972 0.0
v -0.8962470293045044 -0.16514599323272705 0.0
v -0.8708570003509521 -0.16514599323272705 0.0
v -0.874763011932373 -0.16123899817466736 0.0
v 0.8342210054397583 -0.15733300149440765 0.0
v -0.8767160177230835 -0.1553799957036972 0.0
v -0.8728100061416626 -0.1553799957036972 0.0
v -0.8845289945602417 -0.15342700481414795 0.0
v -0.8728100061416626 -0.14952099323272705 0.0
v -0.8689039945602417 -0.14952099323272705 0.0
v -0.8962470293045044 -0.1475680023431778 0.0
v -0.874763011932373 -0.1436610072851181 0.0
v -0.8708570003509521 -0.1436610072851181 0.0
v 0.8459399938583374 -0.1397549957036972 0.0
v -0.878669023513794 -0.13780200481414795 0.0
v -0.874763011932373 -0.13780200481414795 0.0
v -0.8806220293045044 -0.12998899817466736 0.0
v -0.8767160177230835 -0.12998899817466736 0.0
v -0.8864820003509521 -0.1202239990234375 0.0
v 0.8615649938583374 -0.11436399817466736 0.0
v -0.878620982170105 -0.1132349967956543 0.0
v -0.9470289945602417 -0.09092699736356735 0.0
v -0.9235910177230835 -0.09092699736356735 0.0
v 0.8732839822769165 -0.09092699736356735 0.0
v -0.9489820003509521 -0.08702100068330765 0.0
v 0.8732839822769165 -0.08702100068330765 0.0
v 0.8732839822769165 -0.08311399817466736 0.0
v 0.8928149938583374 -0.08311399817466736 0.0
v -0.9450749754905701 -0.0616299994289875 0.0
v 0.9142990112304688 -0.0616299994289875 0.0
v -0.9431220293045044 -0.0538179986178875 0.0
v 0.9240649938583374 -0.04405200108885765 0.0
v 0.937736988067627 -0.04405200108885765 0.0
v -0.9235910177230835 -0.034285999834537506 0.0
v -0.9196850061416626 -0.034285999834537506 0.0
v -0.8982009887695312 -0.020614000037312508 0.0
v -0.874763011932373 -0.016707999631762505 0.0
v 0.949455976486206 -0.012802000157535076 0.0
v 0.949455976486206 -0.008895999751985073 0.0
v 0.949455976486206 -0.004989000037312508 0.0
v -0.8552320003509521 0.010635999962687492 -0.0
v -0.8493720293045044 0.014542000368237495 -0.0
v -0.7556220293045044 0.028214000165462494 -0.0
v 0.8732839822769165 0.03407299891114235 -0.0
v -0.5564039945602417 0.03797899931669235 -0.0
v -0.6052320003509521 0.04188600182533264 -0.0
v -0.577888011932373 0.04188600182533264 -0.0
v -0.5212470293045044 0.04188600182533264 -0.0
v 0.8459399938583374 0.045791998505592346 -0.0
v -0.515388011932373 0.04969799891114235 -0.0
v 0.828361988067627 0.04969799891114235 -0.0
v -0.515388011932373 0.05555799975991249 -0.0
v 0.7600029706954956 0.05555799975991249 -0.0
v 0.781486988067627 0.05555799975991249 -0.0
v -0.515388011932373 0.061416998505592346 -0.0
v 0.7600029706954956 0.061416998505592346 -0.0
v 0.7892990112304688 0.06922899931669235 -0.0
v -0.531013011932373 0.0750890001654625 -0.0
v 0.8107839822769165 0.0750890001654625 -0.0
v 0.7600029706954956 0.07704199850559235 -0.0
v 0.7853929996490479 0.07704199850559235 -0.0
v 0.8107839822769165 0.07704199850559235 -0.0
v -0.5388249754905701 0.0829010009765625 -0.0
v -0.5681220293045044 0.08680800348520279 -0.0
v 0.7600029706954956 0.08876100182533264 -0.0
v 0.734611988067627 0.1063390001654625 -0.0
v -0.5681220293045044 0.12001100182533264 -0.0
v 0.718986988067627 0.1219640001654625 -0.0
v -0.11695100367069244 0.1297760009765625 -0.0
v -0.20679399371147156 0.1336819976568222 -0.0
v -0.08960700035095215 0.1336819976568222 -0.0
v 0.6935960054397583 0.1375889927148819 -0.0
v -0.5915600061416626 0.14344799518585205 -0.0
v -0.068121999502182 0.1454010009765625 -0.0
v 0.6623460054397583 0.1532139927148819 -0.0
v -0.3220289945602417 0.15907299518585205 -0.0
v -0.5993720293045044 0.1610260009765625 -0.0
v -0.30445098876953125 0.1649319976568222 -0.0
v -0.2946850061416626 0.1649319976568222 -0.0
v -0.39038801193237305 0.16688600182533264 -0.0
v 0.6271899938583374 0.1688389927148819 -0.0
v -0.4235909879207611 0.1727450042963028 -0.0
v -0.44507500529289246 0.1766510009765625 -0.0
v -0.46851301193237305 0.17860400676727295 -0.0
v -0.4978100061416626 0.18251100182533264 -0.0
v -0.5290600061416626 0.18641699850559235 -0.0
v -0.2751539945602417 0.1883700042963028 -0.0
v -0.24195100367069244 0.1883700042963028 -0.0
v -0.019293999299407005 0.19032299518585205 -0.0
v 0.5705490112304688 0.1922760009765625 -0.0
v 0.5764089822769165 0.1922760009765625 -0.0
v -0.26538801193237305 0.19422900676727295 -0.0
v -0.2517159879207611 0.19422900676727295 -0.0
v -0.0017160000279545784 0.20594799518585205 -0.0
v 0.5705490112304688 0.20594799518585205 -0.0
v 0.01195599976927042 0.21376100182533264 -0.0
v 0.543205976486206 0.21376100182533264 -0.0
v 0.029534000903367996 0.21766699850559235 -0.0
v -0.5564039945602417 0.2196200042963028 -0.0
v 0.1271899938583374 0.2196200042963028 -0.0
v -0.5739820003509521 0.22157299518585205 -0.0
v 0.060784000903367996 0.22157299518585205 -0.0
v -0.613044023513794 0.2235260009765625 -0.0
v 0.543205976486206 0.2235260009765625 -0.0
v 0.16039299964904785 0.22547900676727295 -0.0
v 0.1232839971780777 0.2313389927148819 -0.0
v 0.16039299964904785 0.23329199850559235 -0.0
v 0.44945600628852844 0.23329199850559235 -0.0
v 0.36742499470710754 0.2352450042963028 -0.0
v 0.4201590120792389 0.2352450042963028 -0.0
v 0.44945600628852844 0.2391510009765625 -0.0
v 0.24633100628852844 0.24110400676727295 -0.0
v 0.31273698806762695 0.24110400676727295 -0.0
v 0.353753000497818 0.24110400676727295 -0.0
v 0.4904710054397583 0.24110400676727295 -0.0
v 0.15648700296878815 0.24501100182533264 -0.0
v 0.23851799964904785 0.2508699893951416 -0.0
v 0.1545339971780777 0.25672900676727295 -0.0
v 0.1389089971780777 0.2664949893951416 -0.0
v 0.1428149938583374 0.2664949893951416 -0.0
v 0.1584399938583374 0.26844799518585205 -0.0
v 0.38304901123046875 0.26844799518585205 -0.0
v 0.13304899632930756 0.27235400676727295 -0.0
v 0.1467210054397583 0.27235400676727295 -0.0
v 0.21117499470710754 0.2743079960346222 -0.0
v 0.3459399938583374 0.2743079960346222 -0.0
v 0.16820600628852844 0.27626100182533264 -0.0
v 0.1310960054397583 0.2782140076160431 -0.0
v 0.1467210054397583 0.2782140076160431 -0.0
v 0.17992499470710754 0.28016701340675354 -0.0
v 0.19554899632930756 0.28016701340675354 -0.0
v 0.3459399938583374 0.2821199893951416 -0.0
v 0.135003000497818 0.28407299518585205 -0.0
v 0.1428149938583374 0.28407299518585205 -0.0
v -0.9098119735717773 -0.11604300141334534 6.000000212225132e-06
v -0.515388011932373 0.061416998505592346 0.005859000142663717
v -0.5681220293045044 0.08680800348520279 0.011718999594449997
v 0.1623460054397583 0.22547900676727295 0.013671999797224998
v 0.16039299964904785 0.2352450042963028 0.013671999797224998
v 0.244378000497818 0.24110400676727295 0.013671999797224998
v 0.15648700296878815 0.2469639927148819 0.013671999797224998
v 0.23851799964904785 0.24891699850559235 0.013671999797224998
v 0.1545339971780777 0.2586820125579834 0.013671999797224998
v 0.1584399938583374 0.2704010009765625 0.013671999797224998
v 0.16820600628852844 0.2782140076160431 0.013671999797224998
v 0.17992499470710754 0.2821199893951416 0.013671999797224998
v 0.19554899632930756 0.2821199893951416 0.013671999797224998
v -0.531013011932373 0.0750890001654625 0.015625
v -0.5388249754905701 0.0829010009765625 0.017578000202775
v 0.5392990112304688 0.21376100182533264 0.019531000405550003
v 0.5392990112304688 0.2235260009765625 0.019531000405550003
v 0.447503000497818 0.23329199850559235 0.019531000405550003
v 0.447503000497818 0.2391510009765625 0.019531000405550003
v 0.21117499470710754 0.27235400676727295 0.019531000405550003
v -0.5681220293045044 0.12001100182533264 0.023437999188899994
v 0.7560960054397583 0.05555799975991249 0.025390999391674995
v 0.777580976486206 0.05555799975991249 0.025390999391674995
v 0.7560960054397583 0.061416998505592346 0.025390999391674995
v 0.7853929996490479 0.06922899931669235 0.025390999391674995
v 0.7560960054397583 0.07704199850559235 0.025390999391674995
v 0.7560960054397583 0.08876100182533264 0.025390999391674995
v 0.5685960054397583 0.1922760009765625 0.025390999391674995
v 0.5685960054397583 0.20594799518585205 0.025390999391674995
v -0.11695100367069244 0.12782299518585205 0.027343999594449997
v -0.08960700035095215 0.13172900676727295 0.027343999594449997
v -0.06616900116205215 0.14344799518585205 0.027343999594449997
v -0.019293999299407005 0.1883700042963028 0.027343999594449997
v -0.0017160000279545784 0.20594799518585205 0.027343999594449997
v 0.01195599976927042 0.21376100182533264 0.027343999594449997
v 0.029534000903367996 0.21766699850559235 0.027343999594449997
v 0.1271899938583374 0.2196200042963028 0.027343999594449997
v 0.060784000903367996 0.22157299518585205 0.027343999594449997
v 0.16039299964904785 0.22547900676727295 0.027343999594449997
v 0.16820600628852844 0.2274319976568222 0.027343999594449997
v 0.1232839971780777 0.2313389927148819 0.027343999594449997
v 0.36742499470710754 0.2352450042963028 0.027343999594449997
v 0.4201590120792389 0.2352450042963028 0.027343999594449997
v 0.1623460054397583 0.24110400676727295 0.027343999594449997
v 0.2404710054397583 0.24110400676727295 0.027343999594449997
v 0.353753000497818 0.24110400676727295 0.027343999594449997
v 0.3459399938583374 0.2743079960346222 0.027343999594449997
v -0.20679399371147156 0.13172900676727295 0.029296999797225
v 0.8068779706954956 0.0750890001654625 0.03125
v 0.781486988067627 0.07704199850559235 0.03125
v 0.8068779706954956 0.07704199850559235 0.03125
v 0.1467210054397583 0.26454201340675354 0.03125
v 0.150628000497818 0.2743079960346222 0.03125
v 0.2092210054397583 0.26844799518585205 0.03320299834012985
v -0.30445098876953125 -0.30967700481414795 0.03515600040555
v 0.9416429996490479 -0.004989000037312508 0.03515600040555
v 0.14867499470710754 0.2547760009765625 0.03515600040555
v 0.3459399938583374 0.28016701340675354 0.03515600040555
v 0.1584399938583374 0.28407299518585205 0.03515600040555
v -0.1501539945602417 -0.3155359923839569 0.037108998745679855
v -0.8239820003509521 -0.28233298659324646 0.037108998745679855
v -0.515388011932373 0.07313600182533264 0.037108998745679855
v -0.2751539945602417 0.18641699850559235 0.037108998745679855
v -0.24195100367069244 0.18641699850559235 0.037108998745679855
v -0.2634350061416626 0.1922760009765625 0.037108998745679855
v -0.24976299703121185 0.1922760009765625 0.037108998745679855
v -0.613044023513794 0.22157299518585205 0.037108998745679855
v 0.1467210054397583 0.27235400676727295 0.037108998745679855
v 0.16820600628852844 0.28797900676727295 0.037108998745679855
v 0.31273698806762695 -0.31358298659324646 0.039062000811100006
v 0.36742499470710754 -0.3116300106048584 0.039062000811100006
v 0.4201590120792389 -0.3038179874420166 0.039062000811100006
v 0.47289299964904785 -0.29014599323272705 0.039062000811100006
v 0.5256279706954956 -0.2764739990234375 0.039062000811100006
v 0.5764089822769165 -0.25889599323272705 0.039062000811100006
v 0.6271899938583374 -0.23936399817466736 0.039062000811100006
v 0.6623460054397583 -0.2256920039653778 0.039062000811100006
v 0.7892990112304688 -0.17686399817466736 0.039062000811100006
v 0.777580976486206 -0.1749110072851181 0.039062000811100006
v 0.808830976486206 -0.16905200481414795 0.039062000811100006
v 0.824455976486206 -0.15733300149440765 0.039062000811100006
v 0.8361750245094299 -0.1397549957036972 0.039062000811100006
v 0.8517990112304688 -0.11436399817466736 0.039062000811100006
v 0.8635179996490479 -0.09092699736356735 0.039062000811100006
v 0.8850029706954956 -0.08311399817466736 0.039062000811100006
v 0.906486988067627 -0.0616299994289875 0.039062000811100006
v 0.9416429996490479 -0.012802000157535076 0.039062000811100006
v 0.9416429996490479 -0.008895999751985073 0.039062000811100006
v 0.8635179996490479 0.03407299891114235 0.039062000811100006
v 0.8342210054397583 0.045791998505592346 0.039062000811100006
v 0.8185960054397583 0.04969799891114235 0.039062000811100006
v 0.5295339822769165 0.2157139927148819 0.039062000811100006
v 0.5295339822769165 0.22547900676727295 0.039062000811100006
v 0.17601799964904785 0.2274319976568222 0.039062000811100006
v 0.4396899938583374 0.23329199850559235 0.039062000811100006
v 0.2326589971780777 0.23719799518585205 0.039062000811100006
v 0.17211200296878815 0.2391510009765625 0.039062000811100006
v 0.4904710054397583 0.2391510009765625 0.039062000811100006
v 0.4396899938583374 0.24110400676727295 0.039062000811100006
v 0.1467210054397583 0.27626100182533264 0.039062000811100006
v 0.15648700296878815 0.2469639927148819 0.041016001254320145
v 0.1779710054397583 0.28797900676727295 0.041016001254320145
v -0.3220289945602417 0.15516699850559235 0.04296899959445
v -0.39038801193237305 0.16297900676727295 0.04296899959445
v -0.4235909879207611 0.1688389927148819 0.04296899959445
v -0.44507500529289246 0.1727450042963028 0.04296899959445
v -0.46851301193237305 0.1766510009765625 0.04296899959445
v -0.4978100061416626 0.1805579960346222 0.04296899959445
v -0.5290600061416626 0.1844639927148819 0.04296899959445
v 0.20336200296878815 0.26063600182533264 0.04296899959445
v 0.1428149938583374 0.2664949893951416 0.04296899959445
v 0.1467210054397583 0.2782140076160431 0.04296899959445
v -0.30445098876953125 0.1610260009765625 0.04492200165987015
v -0.29273200035095215 0.1610260009765625 0.04492200165987015
v -0.593513011932373 -0.29405200481414795 0.046875
v 0.8635179996490479 -0.08702100068330765 0.046875
v 0.1896899938583374 0.22938600182533264 0.046875
v 0.21898700296878815 0.2352450042963028 0.046875
v 0.18383100628852844 0.2430579960346222 0.046875
v 0.19554899632930756 0.2508699893951416 0.046875
v -0.5739820003509521 0.2196200042963028 0.04882799834012985
v 0.2053149938583374 0.2313389927148819 0.04882799834012985
v 0.166253000497818 0.24501100182533264 0.04882799834012985
v 0.18773700296878815 0.28407299518585205 0.04882799834012985
v -0.30445098876953125 -0.3038179874420166 0.052733998745679855
v -0.32398200035095215 -0.30186399817466736 0.052733998745679855
v -0.941169023513794 -0.09092699736356735 0.052733998745679855
v -0.9450749754905701 -0.08702100068330765 0.052733998745679855
v 0.8635179996490479 -0.08311399817466736 0.052733998745679855
v -0.941169023513794 -0.0616299994289875 0.052733998745679855
v -0.937263011932373 -0.0538179986178875 0.052733998745679855
v 0.9240649938583374 -0.04405200108885765 0.052733998745679855
v -0.9177320003509521 -0.034285999834537506 0.052733998745679855
v -0.9118720293045044 -0.034285999834537506 0.052733998745679855
v -0.8923410177230835 -0.020614000037312508 0.052733998745679855
v -0.8669509887695312 -0.016707999631762505 0.052733998745679855
v -0.8493720293045044 0.010635999962687492 0.052733998745679855
v -0.8415600061416626 0.014542000368237495 0.052733998745679855
v -0.7556220293045044 0.028214000165462494 0.052733998745679855
v -0.6052320003509521 0.04188600182533264 0.052733998745679855
v 0.7482839822769165 0.05555799975991249 0.052733998745679855
v 0.7697679996490479 0.05555799975991249 0.052733998745679855
v 0.7482839822769165 0.061416998505592346 0.052733998745679855
v 0.777580976486206 0.06922899931669235 0.052733998745679855
v 0.7482839822769165 0.07704199850559235 0.052733998745679855
v 0.7482839822769165 0.08876100182533264 0.052733998745679855
v 0.734611988067627 0.1063390001654625 0.052733998745679855
v 0.718986988067627 0.1219640001654625 0.052733998745679855
v 0.6935960054397583 0.1375889927148819 0.052733998745679855
v 0.6623460054397583 0.1532139927148819 0.052733998745679855
v 0.6271899938583374 0.16688600182533264 0.052733998745679855
v 0.5764089822769165 0.18641699850559235 0.052733998745679855
v 0.562736988067627 0.1922760009765625 0.052733998745679855
v 0.562736988067627 0.20594799518585205 0.052733998745679855
v 0.5217210054397583 0.2157139927148819 0.052733998745679855
v -0.5564039945602417 0.21766699850559235 0.052733998745679855
v 0.5217210054397583 0.22547900676727295 0.052733998745679855
v 0.1389089971780777 0.2664949893951416 0.052733998745679855
v 0.3459399938583374 0.27235400676727295 0.052733998745679855
v -0.11695100367069244 0.1219640001654625 0.054687999188899994
v -0.0876540020108223 0.1258700042963028 0.054687999188899994
v -0.0642160028219223 0.1375889927148819 0.054687999188899994
v -0.015387999825179577 0.1844639927148819 0.054687999188899994
v 0.00023700000019744039 0.2039950042963028 0.054687999188899994
v 0.013908999972045422 0.2118079960346222 0.054687999188899994
v 0.03148699924349785 0.2157139927148819 0.054687999188899994
v 0.060784000903367996 0.21766699850559235 0.054687999188899994
v 0.1232839971780777 0.2274319976568222 0.054687999188899994
v 0.25804901123046875 0.24110400676727295 0.054687999188899994
v 0.353753000497818 0.24110400676727295 0.054687999188899994
v 0.1779710054397583 0.2469639927148819 0.054687999188899994
v 0.1935960054397583 0.2743079960346222 0.054687999188899994
v -0.46070098876953125 0.04969799891114235 0.056641001254320145
v -0.46070098876953125 0.05555799975991249 0.056641001254320145
v -0.609138011932373 0.21766699850559235 0.056641001254320145
v 0.18773700296878815 0.2547760009765625 0.056641001254320145
v 0.1935960054397583 0.26454201340675354 0.056641001254320145
v -0.1501539945602417 -0.3155359923839569 0.05859399959445
v -0.2048410028219223 0.1258700042963028 0.05859399959445
v 0.1428149938583374 0.28407299518585205 0.05859399959445
v 0.31273698806762695 -0.31358298659324646 0.0625
v 0.36742499470710754 -0.3116300106048584 0.0625
v 0.4201590120792389 -0.3038179874420166 0.0625
v 0.47289299964904785 -0.29014599323272705 0.0625
v 0.5256279706954956 -0.27452099323272705 0.0625
v 0.5764089822769165 -0.2569420039653778 0.0625
v 0.6271899938583374 -0.2374110072851181 0.0625
v 0.6623460054397583 -0.2217860072851181 0.0625
v 0.781486988067627 -0.17295800149440765 0.0625
v 0.7697679996490479 -0.1710049957036972 0.0625
v 0.8010179996490479 -0.16514599323272705 0.0625
v 0.812736988067627 -0.15342700481414795 0.0625
v 0.824455976486206 -0.13780200481414795 0.0625
v 0.8381279706954956 -0.11436399817466736 0.0625
v 0.8517990112304688 -0.09092699736356735 0.0625
v 0.906486988067627 -0.0460049994289875 0.0625
v 0.8517990112304688 0.03407299891114235 0.0625
v 0.797111988067627 0.0750890001654625 0.0625
v 0.7697679996490479 0.07704199850559235 0.0625
v 0.797111988067627 0.07704199850559235 0.0625
v 0.7482839822769165 0.08876100182533264 0.0625
v 0.734611988067627 0.1063390001654625 0.0625
v 0.718986988067627 0.1219640001654625 0.0625
v 0.6935960054397583 0.1375889927148819 0.0625
v 0.6623460054397583 0.1532139927148819 0.0625
v 0.6271899938583374 0.1649319976568222 0.0625
v 0.5764089822769165 0.18251100182533264 0.0625
v 0.5568779706954956 0.19032299518585205 0.0625
v 0.5568779706954956 0.20594799518585205 0.0625
v 0.4201590120792389 0.23329199850559235 0.0625
v 0.4201590120792389 0.2430579960346222 0.0625
v 0.38304901123046875 0.26454201340675354 0.0625
v 0.3459399938583374 0.2782140076160431 0.0625
v 0.31273698806762695 0.24110400676727295 0.06445299834012985
v -0.27320098876953125 0.1805579960346222 0.06835900247097015
v -0.239996999502182 0.1805579960346222 0.06835900247097015
v 0.1271899938583374 0.2196200042963028 0.06835900247097015
v -0.26148200035095215 0.18641699850559235 0.0703120008111
v -0.2478100061416626 0.18641699850559235 0.0703120008111
v -0.5720289945602417 0.21376100182533264 0.0703120008111
v 0.24633100628852844 0.2352450042963028 0.0703120008111
v 0.13304899632930756 0.27235400676727295 0.0703120008111
v 0.8517990112304688 -0.08702100068330765 0.07226599752902985
v -0.30445098876953125 -0.3077239990234375 0.0742190033197403
v 0.7541429996490479 0.09657300263643265 0.0742190033197403
v 0.7404710054397583 0.11610399931669235 0.0742190033197403
v 0.718986988067627 0.13172900676727295 0.0742190033197403
v -0.3220289945602417 0.14735400676727295 0.0742190033197403
v -0.39038801193237305 0.15516699850559235 0.0742190033197403
v -0.4235909879207611 0.1610260009765625 0.0742190033197403
v -0.44507500529289246 0.1649319976568222 0.0742190033197403
v -0.46851301193237305 0.1688389927148819 0.0742190033197403
v -0.4978100061416626 0.17469799518585205 0.0742190033197403
v -0.5290600061416626 0.1805579960346222 0.0742190033197403
v 0.135003000497818 0.28407299518585205 0.0742190033197403
v -0.30445098876953125 0.15126100182533264 0.07617200165987015
v -0.28882500529289246 0.15126100182533264 0.07617200165987015
v 0.1310960054397583 0.2782140076160431 0.07617200165987015
v 0.8517990112304688 -0.08311399817466736 0.078125
v 0.9240649938583374 -0.004989000037312508 0.078125
v 0.797111988067627 0.04969799891114235 0.078125
v 0.7560960054397583 0.05751100182533264 0.078125
v 0.7639089822769165 0.06922899931669235 0.078125
v -0.5681220293045044 0.12001100182533264 0.078125
v -0.5915600061416626 0.14344799518585205 0.078125
v -0.5993720293045044 0.1610260009765625 0.078125
v -0.5524970293045044 0.2118079960346222 0.078125
v -0.593513011932373 -0.28623899817466736 0.08007799834012985
v -0.577888011932373 0.04188600182533264 0.08007799834012985
v 0.9240649938583374 -0.012802000157535076 0.0820309966802597
v 0.9240649938583374 -0.008895999751985073 0.0820309966802597
v 0.8107839822769165 0.045791998505592346 0.0820309966802597
v 0.734611988067627 0.05555799975991249 0.0820309966802597
v 0.734611988067627 0.061416998505592346 0.0820309966802597
v 0.7404710054397583 0.0789949968457222 0.0820309966802597
v -0.515388011932373 0.08876100182533264 0.0820309966802597
v 0.7541429996490479 0.09657300263643265 0.0820309966802597
v 0.7482839822769165 0.1063390001654625 0.0820309966802597
v -0.11695100367069244 0.11219800263643265 0.0820309966802597
v -0.08570100367069244 0.11610399931669235 0.0820309966802597
v 0.7404710054397583 0.11610399931669235 0.0820309966802597
v -0.060309998691082 0.12782299518585205 0.0820309966802597
v 0.6935960054397583 0.1454010009765625 0.0820309966802597
v -0.011482000350952148 0.1766510009765625 0.0820309966802597
v 0.004143000114709139 0.2000889927148819 0.0820309966802597
v 0.01781499944627285 0.2079010009765625 0.0820309966802597
v 0.03539299964904785 0.2118079960346222 0.0820309966802597
v 0.060784000903367996 0.21376100182533264 0.0820309966802597
v 0.4904710054397583 0.2196200042963028 0.0820309966802597
v 0.4904710054397583 0.22938600182533264 0.0820309966802597
v 0.31273698806762695 0.2352450042963028 0.0820309966802597
v 0.36742499470710754 0.2352450042963028 0.0820309966802597
v 0.4553149938583374 0.24110400676727295 0.0820309966802597
v 0.3459399938583374 0.26844799518585205 0.0820309966802597
v -0.2009350061416626 0.11610399931669235 0.0859379991889
v 0.718986988067627 0.13172900676727295 0.0859379991889
v 0.8635179996490479 -0.08311399817466736 0.0898440033197403
v 0.8850029706954956 -0.0616299994289875 0.0898440033197403
v 0.906486988067627 -0.04405200108885765 0.0898440033197403
v 0.8342210054397583 0.03407299891114235 0.0898440033197403
v -0.5564039945602417 0.03797899931669235 0.0898440033197403
v 0.7404710054397583 0.0789949968457222 0.0898440033197403
v 0.7541429996490479 0.0789949968457222 0.0898440033197403
v 0.7404710054397583 0.08876100182533264 0.0898440033197403
v 0.6935960054397583 0.1454010009765625 0.0898440033197403
v 0.6623460054397583 0.1571200042963028 0.0898440033197403
v -0.5993720293045044 0.1766510009765625 0.09179700165987015
v -0.812263011932373 -0.28233298659324646 0.09375
v 0.781486988067627 0.0750890001654625 0.09375
v 0.781486988067627 0.07704199850559235 0.09375
v 0.7404710054397583 0.1063390001654625 0.09375
v 0.5295339822769165 0.19422900676727295 0.09375
v 0.5295339822769165 0.2079010009765625 0.09375
v 0.3459399938583374 0.27235400676727295 0.09375
v -0.26929399371147156 0.1688389927148819 0.09570299834012985
v -0.2360910028219223 0.1688389927148819 0.09570299834012985
v -0.34741899371147156 -0.2920989990234375 0.0976559966802597
v -0.3220289945602417 0.1336819976568222 0.09960900247097015
v -0.39038801193237305 0.1414950042963028 0.09960900247097015
v -0.5915600061416626 0.1610260009765625 0.09960900247097015
v -0.25757500529289246 0.1727450042963028 0.09960900247097015
v -0.2439039945602417 0.1727450042963028 0.09960900247097015
v -0.1501539945602417 -0.30577099323272705 0.1015620008111
v -0.4235909879207611 0.1493079960346222 0.1015620008111
v -0.44507500529289246 0.1532139927148819 0.1015620008111
v -0.46851301193237305 0.15907299518585205 0.1015620008111
v -0.4978100061416626 0.16688600182533264 0.1015620008111
v -0.5583570003509521 0.1766510009765625 0.1015620008111
v 0.31273698806762695 -0.3077239990234375 0.10351599752902985
v 0.36742499470710754 -0.3038179874420166 0.10351599752902985
v 0.4201590120792389 -0.2960050106048584 0.10351599752902985
v 0.47289299964904785 -0.2842859923839569 0.10351599752902985
v 0.5256279706954956 -0.26670798659324646 0.10351599752902985
v 0.5764089822769165 -0.2491299957036972 0.10351599752902985
v 0.5920339822769165 -0.24327099323272705 0.10351599752902985
v 0.6623460054397583 -0.21202099323272705 0.10351599752902985
v 0.7521899938583374 -0.16905200481414795 0.10351599752902985
v 0.765861988067627 -0.16514599323272705 0.10351599752902985
v 0.777580976486206 -0.16123899817466736 0.10351599752902985
v 0.7873460054397583 -0.1475680023431778 0.10351599752902985
v 0.797111988067627 -0.13389599323272705 0.10351599752902985
v 0.8107839822769165 -0.11436399817466736 0.10351599752902985
v -0.9274970293045044 -0.09092699736356735 0.10351599752902985
v -0.9314039945602417 -0.08702100068330765 0.10351599752902985
v -0.9274970293045044 -0.0616299994289875 0.10351599752902985
v -0.925544023513794 -0.0538179986178875 0.10351599752902985
v -0.906013011932373 -0.034285999834537506 0.10351599752902985
v -0.9001539945602417 -0.034285999834537506 0.10351599752902985
v -0.878669023513794 -0.020614000037312508 0.10351599752902985
v -0.8513249754905701 -0.016707999631762505 0.10351599752902985
v -0.8298410177230835 0.010635999962687492 0.10351599752902985
v -0.8220289945602417 0.014542000368237495 0.10351599752902985
v -0.7556220293045044 0.02430799975991249 0.10351599752902985
v -0.6052320003509521 0.0399320013821125 0.10351599752902985
v 0.7404710054397583 0.09657300263643265 0.10351599752902985
v 0.6623460054397583 0.1532139927148819 0.10351599752902985
v 0.6271899938583374 0.1649319976568222 0.10351599752902985
v 0.906486988067627 -0.006941999774426222 0.1054690033197403
v -0.11695100367069244 0.0985260009765625 0.1054690033197403
v -0.083746999502182 0.1024319976568222 0.1054690033197403
v -0.054450999945402145 0.1141510009765625 0.1054690033197403
v -0.30445098876953125 0.13563600182533264 0.1054690033197403
v -0.2946850061416626 0.13563600182533264 0.1054690033197403
v -0.2829659879207611 0.13563600182533264 0.1054690033197403
v -0.0036689999978989363 0.1649319976568222 0.1054690033197403
v 0.01195599976927042 0.19032299518585205 0.1054690033197403
v 0.025628000497817993 0.2000889927148819 0.1054690033197403
v 0.718986988067627 0.05555799975991249 0.10742200165987015
v 0.718986988067627 0.061416998505592346 0.10742200165987015
v 0.718986988067627 0.11610399931669235 0.10742200165987015
v -0.5290600061416626 0.1766510009765625 0.10742200165987015
v 0.043205998837947845 0.20594799518585205 0.10742200165987015
v -0.3454659879207611 -0.2960050106048584 0.109375
v 0.8517990112304688 -0.08311399817466736 0.109375
v 0.8850029706954956 -0.047958001494407654 0.109375
v 0.906486988067627 -0.014755000360310078 0.109375
v 0.906486988067627 -0.010848999954760075 0.109375
v -0.19507500529289246 0.1024319976568222 0.109375
v 0.6935960054397583 0.13172900676727295 0.109375
v 0.4553149938583374 0.2235260009765625 0.109375
v 0.4553149938583374 0.23329199850559235 0.109375
v 0.38304901123046875 0.2547760009765625 0.109375
v 0.3459399938583374 0.2586820125579834 0.109375
v -0.7556220293045044 0.0184480007737875 0.11132799834012985
v -0.6052320003509521 0.0321200005710125 0.11132799834012985
v -0.5681220293045044 0.13563600182533264 0.11132799834012985
v -0.546638011932373 0.1610260009765625 0.11132799834012985
v 0.765861988067627 0.04969799891114235 0.1132809966802597
v 0.5764089822769165 0.17860400676727295 0.1132809966802597
v 0.060784000903367996 0.2079010009765625 0.1132809966802597
v -0.3884350061416626 -0.28623899817466736 0.11523400247097015
v -0.593513011932373 -0.28233298659324646 0.11523400247097015
v -0.8532789945602417 -0.18467700481414795 0.11523400247097015
v -0.8337470293045044 -0.24327099323272705 0.1171879991889
v -0.863044023513794 -0.1827239990234375 0.1171879991889
v -0.8571850061416626 -0.1788180023431778 0.1171879991889
v 0.8850029706954956 -0.004989000037312508 0.1171879991889
v 0.8850029706954956 0.0008699999889358878 0.1171879991889
v -0.26538801193237305 0.1493079960346222 0.1171879991889
v -0.23023200035095215 0.1493079960346222 0.1171879991889
v -0.5095289945602417 0.1610260009765625 0.1171879991889
v 0.36742499470710754 0.23329199850559235 0.1171879991889
v 0.35570600628852844 0.24891699850559235 0.1171879991889
v 0.11742500215768814 0.28016701340675354 0.1171879991889
v 0.11742500215768814 0.2899320125579834 0.1171879991889
v -0.8728100061416626 -0.1827239990234375 0.11914099752902985
v 0.8635179996490479 -0.0616299994289875 0.11914099752902985
v 0.8850029706954956 -0.0460049994289875 0.11914099752902985
v 0.8107839822769165 0.03407299891114235 0.11914099752902985
v 0.777580976486206 0.045791998505592346 0.11914099752902985
v 0.718986988067627 0.0789949968457222 0.11914099752902985
v 0.718986988067627 0.08876100182533264 0.11914099752902985
v 0.718986988067627 0.1063390001654625 0.11914099752902985
v -0.3298409879207611 0.1141510009765625 0.11914099752902985
v -0.3923409879207611 0.12391699850559235 0.11914099752902985
v 0.6271899938583374 0.1610260009765625 0.11914099752902985
v 0.3459399938583374 0.2664949893951416 0.11914099752902985
v 0.12133099883794785 0.29969799518585205 0.11914099752902985
v 0.5764089822769165 -0.24327099323272705 0.1210940033197403
v -0.8806220293045044 -0.16514599323272705 0.1210940033197403
v -0.4079659879207611 0.04969799891114235 0.1210940033197403
v -0.42554399371147156 0.1336819976568222 0.1210940033197403
v -0.44898200035095215 0.1414950042963028 0.1210940033197403
v -0.474371999502182 0.15126100182533264 0.1210940033197403
v -0.2517159879207611 0.1532139927148819 0.1210940033197403
v -0.2360910028219223 0.1532139927148819 0.1210940033197403
v 0.4904710054397583 0.2118079960346222 0.1210940033197403
v 0.12133099883794785 0.2704010009765625 0.1210940033197403
v -0.8728100061416626 -0.1553799957036972 0.12304700165987015
v 0.8107839822769165 -0.09092699736356735 0.12304700165987015
v 0.8635179996490479 -0.0030360000673681498 0.12304700165987015
v 0.4904710054397583 0.2039950042963028 0.12304700165987015
v 0.12914299964904785 0.3055579960346222 0.12304700165987015
v -0.515388011932373 0.09657300263643265 0.125
v -0.30445098876953125 0.1102449968457222 0.125
v -0.5251539945602417 0.1375889927148819 0.125
v 0.12914299964904785 0.2625890076160431 0.125
v 0.10570599883794785 0.2860260009765625 0.125
v -0.3884350061416626 -0.28623899817466736 0.12695300579071045
v -0.8493720293045044 -0.2413180023431778 0.12695300579071045
v 0.8517990112304688 -0.0030360000673681498 0.12695300579071045
v -0.0798410028219223 0.08094800263643265 0.12695300579071045
v -0.4860909879207611 0.1454010009765625 0.12695300579071045
v 0.008049000054597855 0.1454010009765625 0.12695300579071045
v 0.025628000497817993 0.1727450042963028 0.12695300579071045
v 0.1076589971780777 0.2743079960346222 0.12695300579071045
v 0.10961200296878815 0.29969799518585205 0.12695300579071045
v 0.8635179996490479 0.00672899978235364 0.1289059966802597
v -0.3767159879207611 0.04188600182533264 0.1289059966802597
v 0.7560960054397583 0.0750890001654625 0.1289059966802597
v -0.11695100367069244 0.07704199850559235 0.1289059966802597
v 0.7560960054397583 0.07704199850559235 0.1289059966802597
v -0.04663800075650215 0.0946199968457222 0.1289059966802597
v 0.718986988067627 0.09657300263643265 0.1289059966802597
v -0.2946850061416626 0.1102449968457222 0.1289059966802597
v 0.5764089822769165 0.1766510009765625 0.1289059966802597
v 0.060784000903367996 0.2000889927148819 0.1289059966802597
v 0.4201590120792389 0.23719799518585205 0.1289059966802597
v 0.1467210054397583 0.3055579960346222 0.1289059966802597
v -0.46070098876953125 0.0672760009765625 0.13085900247097015
v 0.6623460054397583 0.13563600182533264 0.13085900247097015
v 0.1389089971780777 0.26063600182533264 0.13085900247097015
v 0.11351799964904785 0.26454201340675354 0.13085900247097015
v 0.0998459979891777 0.28797900676727295 0.13085900247097015
v 0.103753000497818 0.3016510009765625 0.13085900247097015
v 0.11742500215768814 0.30751100182533264 0.13085900247097015
v 0.8850029706954956 -0.010848999954760075 0.1328119933605194
v -0.8024970293045044 0.010635999962687492 0.1328119933605194
v -0.7553470134735107 0.015549000352621078 0.1328119933605194
v -0.1814039945602417 0.08094800263643265 0.1328119933605194
v -0.349371999502182 0.08680800348520279 0.1328119933605194
v -0.39820098876953125 0.0985260009765625 0.1328119933605194
v -0.2829659879207611 0.1102449968457222 0.1328119933605194
v -0.2673409879207611 0.1102449968457222 0.1328119933605194
v 0.6935960054397583 0.11610399931669235 0.1328119933605194
v 0.043205998837947845 0.1766510009765625 0.1328119933605194
v 0.10179899632930756 0.2743079960346222 0.1328119933605194
v -0.8396070003509521 -0.2061610072851181 0.13476599752902985
v -0.8396070003509521 -0.1866299957036972 0.13476599752902985
v -0.8415600061416626 -0.1788180023431778 0.13476599752902985
v 0.8342210054397583 -0.08311399817466736 0.13476599752902985
v 0.8342210054397583 -0.00108299998100847 0.13476599752902985
v -0.3767159879207611 0.05360399931669235 0.13476599752902985
v -0.458746999502182 0.12782299518585205 0.13476599752902985
v 0.35570600628852844 0.2547760009765625 0.13476599752902985
v 0.14867499470710754 0.2625890076160431 0.13476599752902985
v 0.09789299964904785 0.28797900676727295 0.13476599752902985
v 0.15648700296878815 0.29969799518585205 0.13476599752902985
v 0.111565001308918 0.31141701340675354 0.13476599752902985
v 0.1310960054397583 0.3133699893951416 0.13476599752902985
v -0.8493720293045044 -0.21202099323272705 0.1367190033197403
v -0.8552320003509521 -0.2022549957036972 0.1367190033197403
v -0.847419023513794 -0.18467700481414795 0.1367190033197403
v -0.847419023513794 -0.17686399817466736 0.1367190033197403
v -0.843513011932373 -0.17295800149440765 0.1367190033197403
v -0.8513249754905701 -0.1710049957036972 0.1367190033197403
v 0.8107839822769165 -0.08702100068330765 0.1367190033197403
v 0.8850029706954956 -0.018660999834537506 0.1367190033197403
v 0.8850029706954956 -0.014755000360310078 0.1367190033197403
v 0.8517990112304688 0.008682000450789928 0.1367190033197403
v -0.7553470134735107 0.015549000352621078 0.1367190033197403
v 0.6935960054397583 0.05751100182533264 0.1367190033197403
v 0.6935960054397583 0.061416998505592346 0.1367190033197403
v -0.4079659879207611 0.06532300263643265 0.1367190033197403
v -0.07788799703121185 0.0672760009765625 0.1367190033197403
v -0.48413801193237305 0.10829199850559235 0.1367190033197403
v -0.4314039945602417 0.11219800263643265 0.1367190033197403
v 0.4904710054397583 0.20204199850559235 0.1367190033197403
v 0.16820600628852844 0.22547900676727295 0.1367190033197403
v 0.31273698806762695 0.23329199850559235 0.1367190033197403
v 0.1232839971780777 0.25672900676727295 0.1367190033197403
v 0.1076589971780777 0.2625890076160431 0.1367190033197403
v 0.0998459979891777 0.2743079960346222 0.1367190033197403
v 0.10179899632930756 0.3016510009765625 0.1367190033197403
v -0.593513011932373 -0.26280200481414795 0.13867199420928955
v -0.593513011932373 -0.2569420039653778 0.13867199420928955
v -0.8649970293045044 -0.18858300149440765 0.13867199420928955
v -0.8513249754905701 -0.17686399817466736 0.13867199420928955
v -0.8454660177230835 -0.1670989990234375 0.13867199420928955
v -0.8532789945602417 -0.16514599323272705 0.13867199420928955
v -0.859138011932373 -0.16123899817466736 0.13867199420928955
v -0.8454660177230835 -0.16123899817466736 0.13867199420928955
v -0.8610910177230835 -0.1553799957036972 0.13867199420928955
v -0.8454660177230835 -0.1553799957036972 0.13867199420928955
v -0.8571850061416626 -0.14952099323272705 0.13867199420928955
v 0.8517990112304688 -0.0616299994289875 0.13867199420928955
v 0.8635179996490479 -0.05186399817466736 0.13867199420928955
v -0.11695100367069244 0.0633699968457222 0.13867199420928955
v -0.04273200035095215 0.08094800263643265 0.13867199420928955
v 0.15648700296878815 0.2704010009765625 0.13867199420928955
v 0.16039299964904785 0.28016701340675354 0.13867199420928955
v 0.16039299964904785 0.2899320125579834 0.13867199420928955
v 0.10961200296878815 0.31141701340675354 0.13867199420928955
v -0.1501539945602417 -0.29014599323272705 0.140625
v -0.847419023513794 -0.14952099323272705 0.140625
v -0.859138011932373 -0.1436610072851181 0.140625
v -0.847419023513794 -0.1436610072851181 0.140625
v -0.8610910177230835 -0.13780200481414795 0.140625
v -0.443121999502182 0.0829010009765625 0.140625
v -0.2204660028219223 0.1102449968457222 0.140625
v 0.36742499470710754 0.2313389927148819 0.140625
v 0.10570599883794785 0.2625890076160431 0.140625
v 0.14086200296878815 0.3133699893951416 0.140625
v 0.1232839971780777 0.3172760009765625 0.140625
v 0.1232839971780777 -0.2920989990234375 0.14257800579071045
v 0.31273698806762695 -0.29014599323272705 0.14257800579071045
v 0.36742499470710754 -0.28623899817466736 0.14257800579071045
v 0.4201590120792389 -0.2803800106048584 0.14257800579071045
v 0.47289299964904785 -0.2686609923839569 0.14257800579071045
v 0.5256279706954956 -0.2530359923839569 0.14257800579071045
v 0.5549250245094299 -0.24327099323272705 0.14257800579071045
v 0.5764089822769165 -0.2335049957036972 0.14257800579071045
v 0.6623460054397583 -0.1983489990234375 0.14257800579071045
v 0.718986988067627 -0.16905200481414795 0.14257800579071045
v -0.8493720293045044 -0.13780200481414795 0.14257800579071045
v -0.863044023513794 -0.12998899817466736 0.14257800579071045
v 0.8107839822769165 -0.08311399817466736 0.14257800579071045
v 0.8107839822769165 0.0008699999889358878 0.14257800579071045
v -0.4353100061416626 0.045791998505592346 0.14257800579071045
v -0.1735910028219223 0.0672760009765625 0.14257800579071045
v -0.30445098876953125 0.07704199850559235 0.14257800579071045
v -0.2517159879207611 0.1102449968457222 0.14257800579071045
v 0.38304901123046875 0.2430579960346222 0.14257800579071045
v 0.36742499470710754 0.24891699850559235 0.14257800579071045
v 0.11742500215768814 0.2547760009765625 0.14257800579071045
v 0.13304899632930756 0.2547760009765625 0.14257800579071045
v 0.09789299964904785 0.28797900676727295 0.14257800579071045
v -0.8806220293045044 -0.15733300149440765 0.1445309966802597
v -0.859138011932373 -0.15733300149440765 0.1445309966802597
v -0.8493720293045044 -0.12998899817466736 0.1445309966802597
v 0.8635179996490479 -0.047958001494407654 0.1445309966802597
v 0.777580976486206 0.03407299891114235 0.1445309966802597
v 0.6935960054397583 0.1063390001654625 0.1445309966802597
v -0.2360910028219223 0.1102449968457222 0.1445309966802597
v 0.09789299964904785 0.27626100182533264 0.1445309966802597
v 0.0998459979891777 0.29969799518585205 0.1445309966802597
v 0.12133099883794785 0.3172760009765625 0.1445309966802597
v -0.8513249754905701 -0.1241300031542778 0.14648400247097015
v 0.8342210054397583 0.012589000165462494 0.14648400247097015
v -0.4353100061416626 0.045791998505592346 0.14648400247097015
v 0.6271899938583374 0.14344799518585205 0.14648400247097015
v 0.4201590120792389 0.22157299518585205 0.14648400247097015
v 0.1154709979891777 0.2547760009765625 0.14648400247097015
v 0.1076589971780777 0.3094640076160431 0.14648400247097015
v -0.8806220293045044 -0.1475680023431778 0.1484380066394806
v -0.863044023513794 -0.1475680023431778 0.1484380066394806
v -0.8552320003509521 -0.12998899817466736 0.1484380066394806
v -0.8513249754905701 -0.1241300031542778 0.1484380066394806
v -0.8689039945602417 -0.1202239990234375 0.1484380066394806
v -0.8513249754905701 -0.11827100068330765 0.1484380066394806
v -0.9118720293045044 -0.09092699736356735 0.1484380066394806
v -0.9138249754905701 -0.08702100068330765 0.1484380066394806
v -0.909919023513794 -0.0616299994289875 0.1484380066394806
v -0.9079660177230835 -0.0538179986178875 0.1484380066394806
v -0.8884350061416626 -0.034285999834537506 0.1484380066394806
v -0.8825749754905701 -0.034285999834537506 0.1484380066394806
v -0.8610910177230835 -0.020614000037312508 0.1484380066394806
v -0.827888011932373 -0.016707999631762505 0.1484380066394806
v -0.6910340189933777 -0.0025430000387132168 0.1484380066394806
v 0.718986988067627 0.05360399931669235 0.1484380066394806
v -0.2829659879207611 0.07704199850559235 0.1484380066394806
v 0.6935960054397583 0.0789949968457222 0.1484380066394806
v 0.6935960054397583 0.08876100182533264 0.1484380066394806
v 0.058830998837947845 0.15516699850559235 0.1484380066394806
v 0.060784000903367996 0.1688389927148819 0.1484380066394806
v 0.060784000903367996 0.1766510009765625 0.1484380066394806
v 0.24633100628852844 0.2313389927148819 0.1484380066394806
v 0.14476799964904785 0.25672900676727295 0.1484380066394806
v 0.103753000497818 0.2664949893951416 0.1484380066394806
v 0.15258100628852844 0.30751100182533264 0.1484380066394806
v 0.14086200296878815 0.3172760009765625 0.1484380066394806
v 0.12914299964904785 0.31922900676727295 0.1484380066394806
v -0.8611130118370056 -0.1133899986743927 0.1484459936618805
v -0.831794023513794 -0.2061610072851181 0.15039099752902985
v -0.8513249754905701 -0.11502400040626526 0.15039099752902985
v 0.049065001308918 0.1414950042963028 0.15039099752902985
v 0.36742499470710754 0.2274319976568222 0.15039099752902985
v 0.36742499470710754 0.2391510009765625 0.15039099752902985
v 0.12914299964904785 0.25282299518585205 0.15039099752902985
v -0.2673409879207611 0.07704199850559235 0.1523440033197403
v -0.2517159879207611 0.07704199850559235 0.1523440033197403
v -0.20679399371147156 0.07704199850559235 0.1523440033197403
v 0.025628000497817993 0.1102449968457222 0.1523440033197403
v 0.16820600628852844 0.21766699850559235 0.1523440033197403
v 0.1545339971780777 0.26454201340675354 0.1523440033197403
v 0.0998459979891777 0.28797900676727295 0.1523440033197403
v 0.10179899632930756 0.2977449893951416 0.1523440033197403
v 0.1584399938583374 0.29969799518585205 0.1523440033197403
v 0.11742500215768814 0.31532299518585205 0.1523440033197403
v 0.8517990112304688 -0.0538179986178875 0.15429699420928955
v 0.8635179996490479 -0.014755000360310078 0.15429699420928955
v -0.6910279989242554 -0.0025220001116394997 0.15429699420928955
v 0.6935960054397583 0.09657300263643265 0.15429699420928955
v 0.6623460054397583 0.12001100182533264 0.15429699420928955
v 0.5764089822769165 0.15907299518585205 0.15429699420928955
v 0.31273698806762695 0.2313389927148819 0.15429699420928955
v 0.38304901123046875 0.2313389927148819 0.15429699420928955
v 0.1271899938583374 0.25282299518585205 0.15429699420928955
v 0.11351799964904785 0.2586820125579834 0.15429699420928955
v 0.16039299964904785 0.2743079960346222 0.15429699420928955
v 0.10179899632930756 0.28016701340675354 0.15429699420928955
v 0.1623460054397583 0.2860260009765625 0.15429699420928955
v 0.1389089971780777 0.3172760009765625 0.15429699420928955
v -0.30445098876953125 0.016495000571012497 0.15625
v 0.14086200296878815 0.2547760009765625 0.15625
v 0.10570599883794785 0.27235400676727295 0.15625
v 0.1076589971780777 0.30360400676727295 0.15625
v 0.150628000497818 0.31141701340675354 0.15625
v 0.1271899938583374 0.3172760009765625 0.15625
v -0.1501539945602417 -0.2803800106048584 0.15820300579071045
v -0.593513011932373 -0.23936399817466736 0.15820300579071045
v 0.718986988067627 -0.16514599323272705 0.15820300579071045
v -0.30445098876953125 0.03407299891114235 0.15820300579071045
v -0.2360910028219223 0.07704199850559235 0.15820300579071045
v -0.2204660028219223 0.07704199850559235 0.15820300579071045
v 0.4904710054397583 0.1883700042963028 0.15820300579071045
v 0.38304901123046875 0.2235260009765625 0.15820300579071045
v 0.1154709979891777 0.3094640076160431 0.15820300579071045
v -0.1501539945602417 -0.28623899817466736 0.1601559966802597
v 0.8342210054397583 -0.0616299994289875 0.1601559966802597
v 0.8517990112304688 -0.049910999834537506 0.1601559966802597
v 0.8635179996490479 -0.022568000480532646 0.1601559966802597
v 0.8635179996490479 -0.018660999834537506 0.1601559966802597
v -0.6345289945602417 0.0028230000752955675 0.1601559966802597
v 0.8107839822769165 0.014542000368237495 0.1601559966802597
v 0.1389089971780777 0.2547760009765625 0.1601559966802597
v 0.1232839971780777 0.25672900676727295 0.1601559966802597
v 0.15258100628852844 0.2625890076160431 0.1601559966802597
v 0.111565001308918 0.2664949893951416 0.1601559966802597
v 0.1584399938583374 0.3016510009765625 0.1601559966802597
v 0.14867499470710754 0.31141701340675354 0.1601559966802597
v 0.135003000497818 0.31532299518585205 0.1601559966802597
v 0.1232839971780777 -0.28233298659324646 0.16210900247097015
v -0.7517160177230835 -0.1827239990234375 0.16210900247097015
v 0.718986988067627 -0.1631920039653778 0.16210900247097015
v -0.8493720293045044 -0.020614000037312508 0.16210900247097015
v -0.26538801193237305 0.043839000165462494 0.16210900247097015
v -0.19507500529289246 0.04969799891114235 0.16210900247097015
v 0.718986988067627 0.0516510009765625 0.16210900247097015
v 0.718986988067627 0.0750890001654625 0.16210900247097015
v 0.718986988067627 0.07704199850559235 0.16210900247097015
v 0.4201590120792389 0.20985400676727295 0.16210900247097015
v 0.1076589971780777 0.28407299518585205 0.16210900247097015
v 0.1076589971780777 0.28797900676727295 0.16210900247097015
v 0.1076589971780777 0.2938390076160431 0.16210900247097015
v 0.1232839971780777 0.31141701340675354 0.16210900247097015
v 0.1232839971780777 -0.29014599323272705 0.1640619933605194
v -0.8259350061416626 -0.2061610072851181 0.1640619933605194
v -0.8259350061416626 -0.1866299957036972 0.1640619933605194
v -0.753669023513794 -0.17686399817466736 0.1640619933605194
v -0.644294023513794 -0.0284269992262125 0.1640619933605194
v 0.6623460054397583 0.059464000165462494 0.1640619933605194
v 0.6623460054397583 0.0633699968457222 0.1640619933605194
v 0.095940001308918 0.1688389927148819 0.1640619933605194
v 0.24633100628852844 0.2235260009765625 0.1640619933605194
v 0.14867499470710754 0.2625890076160431 0.1640619933605194
v 0.1584399938583374 0.2743079960346222 0.1640619933605194
v 0.10961200296878815 0.2782140076160431 0.1640619933605194
v 0.16039299964904785 0.28797900676727295 0.1640619933605194
v 0.111565001308918 0.2977449893951416 0.1640619933605194
v 0.15648700296878815 0.3016510009765625 0.1640619933605194
v -0.8259350061416626 -0.1788180023431778 0.16601599752902985
v -0.7556220293045044 -0.16905200481414795 0.16601599752902985
v 0.8107839822769165 -0.08311399817466736 0.16601599752902985
v -0.11695100367069244 -0.03623899817466736 0.16601599752902985
v -0.874763011932373 -0.034285999834537506 0.16601599752902985
v -0.8708570003509521 -0.034285999834537506 0.16601599752902985
v -0.068121999502182 -0.020614000037312508 0.16601599752902985
v -0.800544023513794 -0.014755000360310078 0.16601599752902985
v -0.718513011932373 -0.0030360000673681498 0.16601599752902985
v -0.068121999502182 0.00672899978235364 0.16601599752902985
v 0.36742499470710754 0.21766699850559235 0.16601599752902985
v 0.135003000497818 0.2586820125579834 0.16601599752902985
v 0.12133099883794785 0.26454201340675354 0.16601599752902985
v 0.11351799964904785 0.27626100182533264 0.16601599752902985
v 0.1154709979891777 0.29969799518585205 0.16601599752902985
v 0.12914299964904785 0.3094640076160431 0.16601599752902985
v 0.1428149938583374 0.3094640076160431 0.16601599752902985
v -0.8259350061416626 -0.17295800149440765 0.1679690033197403
v 0.8517990112304688 -0.018660999834537506 0.1679690033197403
v -0.068121999502182 -0.0030360000673681498 0.1679690033197403
v -0.11695100367069244 0.0008699999889358878 0.1679690033197403
v -0.2478100061416626 0.045791998505592346 0.1679690033197403
v -0.2360910028219223 0.045791998505592346 0.1679690033197403
v -0.20679399371147156 0.0477450005710125 0.1679690033197403
v 0.6623460054397583 0.08094800263643265 0.1679690033197403
v 0.6623460054397583 0.0907140001654625 0.1679690033197403
v 0.6623460054397583 0.1102449968457222 0.1679690033197403
v 0.11742500215768814 0.2743079960346222 0.1679690033197403
v 0.15648700296878815 0.2743079960346222 0.1679690033197403
v 0.1584399938583374 0.28797900676727295 0.1679690033197403
v 0.119378000497818 0.3016510009765625 0.1679690033197403
v -0.8259350061416626 -0.1670989990234375 0.16992199420928955
v -0.7575749754905701 -0.1631920039653778 0.16992199420928955
v -0.644294023513794 -0.0284269992262125 0.16992199420928955
v -0.068121999502182 -0.012802000157535076 0.16992199420928955
v -0.6032789945602417 -0.00108299998100847 0.16992199420928955
v -0.2204660028219223 0.0477450005710125 0.16992199420928955
v 0.6271899938583374 0.12782299518585205 0.16992199420928955
v 0.31273698806762695 0.22157299518585205 0.16992199420928955
v 0.12914299964904785 0.2664949893951416 0.16992199420928955
v 0.1428149938583374 0.2664949893951416 0.16992199420928955
v 0.11742500215768814 0.28797900676727295 0.16992199420928955
v 0.1232839971780777 0.29969799518585205 0.16992199420928955
v 0.150628000497818 0.29969799518585205 0.16992199420928955
v 0.13695600628852844 0.30360400676727295 0.16992199420928955
v -0.8259350061416626 -0.16123899817466736 0.171875
v -0.7575749754905701 -0.15733300149440765 0.171875
v 0.718986988067627 -0.1475680023431778 0.171875
v -0.11695100367069244 -0.008895999751985073 0.171875
v -0.23023200035095215 -0.0030360000673681498 0.171875
v -0.1735910028219223 0.016495000571012497 0.171875
v 0.1232839971780777 0.27626100182533264 0.171875
v 0.150628000497818 0.27626100182533264 0.171875
v 0.15258100628852844 0.28797900676727295 0.171875
v 0.1271899938583374 0.2977449893951416 0.171875
v 0.5256279706954956 -0.2374110072851181 0.17382800579071045
v -0.593513011932373 -0.21202099323272705 0.17382800579071045
v -0.7673410177230835 -0.1866299957036972 0.17382800579071045
v -0.8259350061416626 -0.1553799957036972 0.17382800579071045
v -0.7556220293045044 -0.15342700481414795 0.17382800579071045
v -0.8571850061416626 -0.034285999834537506 0.17382800579071045
v 0.8517990112304688 -0.024521000683307648 0.17382800579071045
v 0.8517990112304688 -0.020614000037312508 0.17382800579071045
v -0.11695100367069244 -0.018660999834537506 0.17382800579071045
v -0.009529000148177147 0.0008699999889358878 0.17382800579071045
v 0.6623460054397583 0.10047899931669235 0.17382800579071045
v 0.16820600628852844 0.18641699850559235 0.17382800579071045
v 0.4201590120792389 0.19422900676727295 0.17382800579071045
v 0.13695600628852844 0.27235400676727295 0.17382800579071045
v 0.1271899938583374 0.2782140076160431 0.17382800579071045
v 0.1310960054397583 0.28407299518585205 0.17382800579071045
v 0.1310960054397583 0.28797900676727295 0.17382800579071045
v 0.1310960054397583 0.2938390076160431 0.17382800579071045
v 0.14086200296878815 0.2977449893951416 0.17382800579071045
v 0.31273698806762695 -0.2764739990234375 0.1757809966802597
v 0.36742499470710754 -0.2686609923839569 0.1757809966802597
v 0.4201590120792389 -0.2608489990234375 0.1757809966802597
v 0.47289299964904785 -0.25108298659324646 0.1757809966802597
v -0.7634350061416626 -0.1944420039653778 0.1757809966802597
v -0.769294023513794 -0.1788180023431778 0.1757809966802597
v 0.6623460054397583 -0.1749110072851181 0.1757809966802597
v -0.8259350061416626 -0.14952099323272705 0.1757809966802597
v 0.8342210054397583 -0.05577100068330765 0.1757809966802597
v -0.6013249754905701 -0.04014600068330765 0.1757809966802597
v -0.6345289945602417 0.0028230000752955675 0.1757809966802597
v -0.009529000148177147 0.028214000165462494 0.1757809966802597
v 0.14086200296878815 0.28016701340675354 0.1757809966802597
v 0.1428149938583374 0.28797900676727295 0.1757809966802597
v 0.5256279706954956 -0.23545800149440765 0.17773400247097015
v -0.7265620231628418 -0.18554699420928955 0.17773400247097015
v -0.753669023513794 -0.18467700481414795 0.17773400247097015
v -0.7712470293045044 -0.17295800149440765 0.17773400247097015
v -0.8259350061416626 -0.1436610072851181 0.17773400247097015
v -0.23023200035095215 0.014542000368237495 0.17773400247097015
v 0.6623460054397583 0.059464000165462494 0.17773400247097015
v -0.1501539945602417 -0.2647550106048584 0.1796880066394806
v -0.593513011932373 -0.2061610072851181 0.1796880066394806
v -0.7556220293045044 -0.1788180023431778 0.1796880066394806
v -0.7712470293045044 -0.1670989990234375 0.1796880066394806
v -0.8259350061416626 -0.13780200481414795 0.1796880066394806
v 0.8342210054397583 -0.05186399817466736 0.1796880066394806
v -0.6032789945602417 -0.04014600068330765 0.1796880066394806
v -0.1814039945602417 0.008682000450789928 0.1796880066394806
v -0.009529000148177147 0.008682000450789928 0.1796880066394806
v -0.30445098876953125 0.014542000368237495 0.1796880066394806
v -0.009529000148177147 0.0184480007737875 0.1796880066394806
v 0.5764089822769165 0.14344799518585205 0.1796880066394806
v 0.31273698806762695 -0.26670798659324646 0.18164099752902985
v 0.36742499470710754 -0.26280200481414795 0.18164099752902985
v 0.4201590120792389 -0.2569420039653778 0.18164099752902985
v 0.47289299964904785 -0.24717700481414795 0.18164099752902985
v 0.5764089822769165 -0.20811399817466736 0.18164099752902985
v -0.7575749754905701 -0.1710049957036972 0.18164099752902985
v -0.7732009887695312 -0.16123899817466736 0.18164099752902985
v -0.8259350061416626 -0.12998899817466736 0.18164099752902985
v -0.5720289945602417 -0.04405200108885765 0.18164099752902985
v 0.777580976486206 -0.004989000037312508 0.18164099752902985
v -0.19507500529289246 0.0028230000752955675 0.18164099752902985
v 0.111565001308918 0.1688389927148819 0.18164099752902985
v 0.4904710054397583 0.1727450042963028 0.18164099752902985
v 0.3889090120792389 0.1844639927148819 0.18164099752902985
v 0.3771899938583374 0.18641699850559235 0.18164099752902985
v -0.7614820003509521 -0.19248899817466736 0.1835940033197403
v -0.7634350061416626 -0.1866299957036972 0.1835940033197403
v -0.7595289945602417 -0.16514599323272705 0.1835940033197403
v -0.7712470293045044 -0.1553799957036972 0.1835940033197403
v -0.7263249754905701 -0.14170800149440765 0.1835940033197403
v -0.8259350061416626 -0.1241300031542778 0.1835940033197403
v -0.894294023513794 -0.09092699736356735 0.1835940033197403
v -0.8962470293045044 -0.08702100068330765 0.1835940033197403
v -0.894294023513794 -0.0616299994289875 0.1835940033197403
v -0.8923410177230835 -0.0538179986178875 0.1835940033197403
v -0.8825749754905701 -0.04405200108885765 0.1835940033197403
v -0.6032789945602417 -0.00108299998100847 0.1835940033197403
v 0.095940001308918 0.026260999962687492 0.1835940033197403
v 0.40258100628852844 0.1766510009765625 0.1835940033197403
v 0.4201590120792389 0.18251100182533264 0.1835940033197403
v -0.7556220293045044 -0.1866299957036972 0.18554699420928955
v -0.5915600061416626 -0.1827239990234375 0.18554699420928955
v -0.765388011932373 -0.1788180023431778 0.18554699420928955
v -0.7595289945602417 -0.1592860072851181 0.18554699420928955
v -0.8259350061416626 -0.11827100068330765 0.18554699420928955
v 0.8342210054397583 -0.020614000037312508 0.18554699420928955
v 0.6271899938583374 0.06532300263643265 0.18554699420928955
v 0.6271899938583374 0.08680800348520279 0.18554699420928955
v 0.6271899938583374 0.09657300263643265 0.18554699420928955
v 0.6271899938583374 0.11610399931669235 0.18554699420928955
v 0.16820600628852844 0.1844639927148819 0.18554699420928955
v 0.24633100628852844 0.1883700042963028 0.18554699420928955
v 0.33617499470710754 0.19032299518585205 0.18554699420928955
v -0.7246090173721313 -0.18554699420928955 0.1875
v -0.7575749754905701 -0.1788180023431778 0.1875
v -0.5915600061416626 -0.17686399817466736 0.1875
v -0.7673410177230835 -0.17295800149440765 0.1875
v -0.7575749754905701 -0.1553799957036972 0.1875
v -0.7634350061416626 -0.14952099323272705 0.1875
v 0.8107839822769165 -0.0616299994289875 0.1875
v -0.009529000148177147 -0.0030360000673681498 0.1875
v 0.777580976486206 0.014542000368237495 0.1875
v 0.16820600628852844 0.04188600182533264 0.1875
v 0.095940001308918 0.05360399931669235 0.1875
v 0.4201590120792389 0.1375889927148819 0.1875
v 0.4201590120792389 0.1454010009765625 0.1875
v 0.3889090120792389 0.15516699850559235 0.1875
v 0.4201590120792389 0.1571200042963028 0.1875
v 0.40258100628852844 0.1610260009765625 0.1875
v 0.4201590120792389 0.1727450042963028 0.1875
v -0.845445990562439 -0.11418700218200684 0.1894489973783493
v -0.7595289945602417 -0.17295800149440765 0.18945300579071045
v -0.7673410177230835 -0.1670989990234375 0.18945300579071045
v -0.7263249754905701 -0.1202239990234375 0.18945300579071045
v -0.1032790020108223 -0.04014600068330765 0.18945300579071045
v -0.800544023513794 -0.034285999834537506 0.18945300579071045
v 0.095940001308918 0.03407299891114235 0.18945300579071045
v 0.095940001308918 0.043839000165462494 0.18945300579071045
v 0.6271899938583374 0.1063390001654625 0.18945300579071045
v 0.16820600628852844 0.11219800263643265 0.18945300579071045
v 0.1232839971780777 -0.26670798659324646 0.1914059966802597
v -0.5917969942092896 -0.18554699420928955 0.1914059966802597
v -0.5915600061416626 -0.16905200481414795 0.1914059966802597
v -0.7614820003509521 -0.1670989990234375 0.1914059966802597
v -0.769294023513794 -0.16123899817466736 0.1914059966802597
v 0.718986988067627 -0.11436399817466736 0.1914059966802597
v 0.8342210054397583 -0.0284269992262125 0.1914059966802597
v 0.8342210054397583 -0.024521000683307648 0.1914059966802597
v 0.16820600628852844 0.04969799891114235 0.1914059966802597
v 0.6623460054397583 0.05751100182533264 0.1914059966802597
v 0.135003000497818 0.06532300263643265 0.1914059966802597
v 0.1584399938583374 0.06922899931669235 0.1914059966802597
v 0.6623460054397583 -0.1710049957036972 0.19335900247097015
v -0.5915600061416626 -0.1631920039653778 0.19335900247097015
v -0.7614820003509521 -0.16123899817466736 0.19335900247097015
v -0.7673410177230835 -0.15733300149440765 0.19335900247097015
v -0.859138011932373 -0.09092699736356735 0.19335900247097015
v -0.8571850061416626 -0.04405200108885765 0.19335900247097015
v 0.24633100628852844 0.04969799891114235 0.19335900247097015
v 0.16820600628852844 0.059464000165462494 0.19335900247097015
v 0.6271899938583374 0.06532300263643265 0.19335900247097015
v 0.31273698806762695 0.18641699850559235 0.19335900247097015
v -0.593513011932373 -0.2061610072851181 0.1953119933605194
v 0.6271899938583374 -0.1788180023431778 0.1953119933605194
v -0.7595289945602417 -0.15733300149440765 0.1953119933605194
v -0.5915600061416626 -0.15733300149440765 0.1953119933605194
v 0.24633100628852844 0.059464000165462494 0.1953119933605194
v 0.16820600628852844 0.07313600182533264 0.1953119933605194
v 0.5764089822769165 0.10047899931669235 0.1953119933605194
v 0.5764089822769165 0.1102449968457222 0.1953119933605194
v 0.47289299964904785 0.11610399931669235 0.1953119933605194
v 0.5764089822769165 0.13172900676727295 0.1953119933605194
v 0.6623460054397583 -0.16905200481414795 0.19726599752902985
v -0.5915600061416626 -0.15342700481414795 0.19726599752902985
v -0.7614820003509521 -0.1514739990234375 0.19726599752902985
v -0.7282789945602417 -0.1436610072851181 0.19726599752902985
v -0.734138011932373 -0.13780200481414795 0.19726599752902985
v -0.8259350061416626 -0.11436399817466736 0.19726599752902985
v 0.24633100628852844 0.06922899931669235 0.19726599752902985
v 0.4904710054397583 0.1610260009765625 0.19726599752902985
v 0.16820600628852844 0.1688389927148819 0.19726599752902985
v 0.32836198806762695 0.18251100182533264 0.19726599752902985
v 0.24633100628852844 0.18641699850559235 0.19726599752902985
v -0.593513011932373 -0.1944420039653778 0.1992190033197403
v 0.8107839822769165 -0.0577239990234375 0.1992190033197403
v 0.718986988067627 0.03407299891114235 0.1992190033197403
v 0.6623460054397583 0.0750890001654625 0.1992190033197403
v 0.6623460054397583 0.0789949968457222 0.1992190033197403
v 0.22289299964904785 0.0829010009765625 0.1992190033197403
v 0.5549250245094299 0.08485399931669235 0.1992190033197403
v 0.5764089822769165 0.1219640001654625 0.1992190033197403
v 0.47289299964904785 0.1414950042963028 0.1992190033197403
v 0.47289299964904785 0.15126100182533264 0.1992190033197403
v -0.593513011932373 -0.18467700481414795 0.20117199420928955
v -0.878669023513794 -0.09092699736356735 0.20117199420928955
v 0.777580976486206 -0.08311399817466736 0.20117199420928955
v 0.38304901123046875 0.15516699850559235 0.20117199420928955
v 0.5256279706954956 -0.21202099323272705 0.203125
v -0.5915600061416626 -0.14170800149440765 0.203125
v -0.8259350061416626 -0.09092699736356735 0.203125
v -0.8825749754905701 -0.08702100068330765 0.203125
v 0.8107839822769165 -0.0538179986178875 0.203125
v -0.874763011932373 -0.047958001494407654 0.203125
v -0.009529000148177147 -0.02647400088608265 0.203125
v -0.1735910028219223 -0.022568000480532646 0.203125
v 0.777580976486206 0.00672899978235364 0.203125
v 0.31273698806762695 0.04969799891114235 0.203125
v 0.5764089822769165 0.0789949968457222 0.203125
v 0.16820600628852844 0.1414950042963028 0.203125
v 0.4904710054397583 0.1532139927148819 0.203125
v -0.7302320003509521 -0.14561399817466736 0.20507800579071045
v -0.7321850061416626 -0.14170800149440765 0.20507800579071045
v -0.8806220293045044 -0.0616299994289875 0.20507800579071045
v -0.878669023513794 -0.0538179986178875 0.20507800579071045
v -0.5095289945602417 -0.0460049994289875 0.20507800579071045
v 0.8107839822769165 -0.024521000683307648 0.20507800579071045
v 0.31273698806762695 0.05555799975991249 0.20507800579071045
v 0.6271899938583374 0.0633699968457222 0.20507800579071045
v 0.5549250245094299 0.08485399931669235 0.20507800579071045
v 0.47289299964904785 0.11610399931669235 0.20507800579071045
v 0.4201590120792389 0.1375889927148819 0.20507800579071045
v 0.31273698806762695 0.18251100182533264 0.20507800579071045
v -0.1501539945602417 -0.23936399817466736 0.2070309966802597
v -0.593513011932373 -0.19248899817466736 0.2070309966802597
v -0.5917969942092896 -0.18554699420928955 0.2070309966802597
v -0.47851601243019104 -0.18554699420928955 0.2070309966802597
v -0.6542969942092896 -0.14257800579071045 0.2070309966802597
v -0.800544023513794 -0.04405200108885765 0.2070309966802597
v -0.1384350061416626 -0.03623899817466736 0.2070309966802597
v 0.16820600628852844 0.1649319976568222 0.2070309966802597
v -0.593513011932373 -0.1866299957036972 0.20898400247097015
v -0.5915600061416626 -0.1202239990234375 0.20898400247097015
v 0.718986988067627 -0.09092699736356735 0.20898400247097015
v 0.47289299964904785 0.1336819976568222 0.20898400247097015
v 0.47289299964904785 0.13954199850559235 0.20898400247097015
v 0.36742499470710754 0.1532139927148819 0.20898400247097015
v 0.47289299964904785 -0.22764599323272705 0.2109380066394806
v -0.3610909879207611 -0.1827239990234375 0.2109380066394806
v 0.6271899938583374 -0.1749110072851181 0.2109380066394806
v 0.6623460054397583 -0.1475680023431778 0.2109380066394806
v -0.863044023513794 -0.09092699736356735 0.2109380066394806
v 0.095940001308918 0.022353999316692352 0.2109380066394806
v 0.32445600628852844 0.1649319976568222 0.2109380066394806
v -0.8649970293045044 -0.08702100068330765 0.21289099752902985
v -0.48023200035095215 -0.03623899817466736 0.21289099752902985
v 0.8107839822769165 -0.032333001494407654 0.21289099752902985
v 0.8107839822769165 -0.0284269992262125 0.21289099752902985
v 0.4201590120792389 0.1336819976568222 0.21289099752902985
v 0.33226799964904785 0.1571200042963028 0.21289099752902985
v 0.24633100628852844 0.1610260009765625 0.21289099752902985
v -0.3571850061416626 -0.17686399817466736 0.2148440033197403
v 0.6271899938583374 -0.1710049957036972 0.2148440033197403
v -0.8610910177230835 -0.047958001494407654 0.2148440033197403
v -0.1032790020108223 -0.04405200108885765 0.2148440033197403
v -0.009529000148177147 -0.03623899817466736 0.2148440033197403
v 0.5764089822769165 0.07704199850559235 0.2148440033197403
v 0.6271899938583374 0.07704199850559235 0.2148440033197403
v 0.6271899938583374 0.0829010009765625 0.2148440033197403
v 0.47289299964904785 0.11219800263643265 0.2148440033197403
v 0.16820600628852844 0.1571200042963028 0.2148440033197403
v 0.5764089822769165 -0.1827239990234375 0.21679699420928955
v -0.6523439884185791 -0.1445309966802597 0.21679699420928955
v -0.8454660177230835 -0.09092699736356735 0.21679699420928955
v -0.8649970293045044 -0.0616299994289875 0.21679699420928955
v -0.863044023513794 -0.0538179986178875 0.21679699420928955
v 0.31273698806762695 0.0633699968457222 0.21679699420928955
v 0.5549250245094299 0.0829010009765625 0.21679699420928955
v 0.16820600628852844 0.1414950042963028 0.21679699420928955
v -0.35523200035095215 -0.16905200481414795 0.21875
v -0.5195310115814209 -0.14257800579071045 0.21875
v 0.777580976486206 -0.0616299994289875 0.21875
v 0.5764089822769165 0.09266699850559235 0.21875
v 0.5764089822769165 0.09657300263643265 0.21875
v 0.31273698806762695 0.1571200042963028 0.21875
v -0.35523200035095215 -0.1631920039653778 0.22070300579071045
v -0.40625 -0.14257800579071045 0.22070300579071045
v -0.4040600061416626 -0.14170800149440765 0.22070300579071045
v -0.8454660177230835 -0.08702100068330765 0.22070300579071045
v 0.1232839971780777 -0.2374110072851181 0.2226559966802597
v 0.47289299964904785 -0.21202099323272705 0.2226559966802597
v -0.4804689884185791 -0.18554699420928955 0.2226559966802597
v -0.3571850061416626 -0.15733300149440765 0.2226559966802597
v -0.8415600061416626 -0.047958001494407654 0.2226559966802597
v 0.16820600628852844 0.0360260009765625 0.2226559966802597
v 0.4201590120792389 -0.2256920039653778 0.22460900247097015
v -0.1501539945602417 -0.21202099323272705 0.22460900247097015
v -0.3554689884185791 -0.18554699420928955 0.22460900247097015
v -0.35913801193237305 -0.15342700481414795 0.22460900247097015
v 0.718986988067627 -0.08702100068330765 0.22460900247097015
v -0.8454660177230835 -0.0616299994289875 0.22460900247097015
v -0.843513011932373 -0.0538179986178875 0.22460900247097015
v -0.1032790020108223 -0.0460049994289875 0.22460900247097015
v 0.095940001308918 -0.020614000037312508 0.22460900247097015
v -0.800544023513794 -0.09092699736356735 0.2265619933605194
v 0.777580976486206 -0.0616299994289875 0.2265619933605194
v 0.24633100628852844 0.1532139927148819 0.2265619933605194
v -0.1501539945602417 -0.2061610072851181 0.22851599752902985
v -0.35132500529289246 -0.1944420039653778 0.22851599752902985
v -0.35913801193237305 -0.18467700481414795 0.22851599752902985
v 0.6271899938583374 -0.1475680023431778 0.22851599752902985
v -0.4040600061416626 -0.1202239990234375 0.22851599752902985
v 0.6623460054397583 -0.11436399817466736 0.22851599752902985
v -0.009529000148177147 -0.0420989990234375 0.22851599752902985
v 0.24633100628852844 0.08876100182533264 0.22851599752902985
v 0.31273698806762695 -0.23155200481414795 0.2304690033197403
v 0.36742499470710754 -0.22764599323272705 0.2304690033197403
v -0.800544023513794 -0.08702100068330765 0.2304690033197403
v 0.718986988067627 -0.08311399817466736 0.2304690033197403
v 0.777580976486206 -0.0538179986178875 0.2304690033197403
v 0.777580976486206 -0.0284269992262125 0.2304690033197403
v 0.718986988067627 0.02040099911391735 0.2304690033197403
v -0.34741899371147156 -0.1866299957036972 0.23242199420928955
v 0.5256279706954956 -0.1866299957036972 0.23242199420928955
v -0.35523200035095215 -0.1788180023431778 0.23242199420928955
v 0.5764089822769165 -0.1788180023431778 0.23242199420928955
v -0.40820300579071045 -0.14257800579071045 0.23242199420928955
v -0.796638011932373 -0.047958001494407654 0.23242199420928955
v 0.24633100628852844 0.045791998505592346 0.23242199420928955
v 0.4201590120792389 -0.21202099323272705 0.234375
v -0.34351301193237305 -0.1788180023431778 0.234375
v 0.5764089822769165 -0.1749110072851181 0.234375
v -0.3532789945602417 -0.1710049957036972 0.234375
v -0.5214840173721313 -0.1445309966802597 0.234375
v -0.4040600061416626 -0.1436610072851181 0.234375
v -0.800544023513794 -0.0616299994289875 0.234375
v -0.7985910177230835 -0.0538179986178875 0.234375
v 0.095940001308918 -0.032333001494407654 0.234375
v 0.16820600628852844 -0.010848999954760075 0.234375
v -0.3532789945602417 -0.19248899817466736 0.23632800579071045
v -0.3571850061416626 -0.1866299957036972 0.23632800579071045
v -0.3554689884185791 -0.18554699420928955 0.23632800579071045
v -0.3532789945602417 -0.16514599323272705 0.23632800579071045
v -0.48023200035095215 -0.03623899817466736 0.23632800579071045
v 0.718986988067627 0.014542000368237495 0.23632800579071045
v 0.36742499470710754 0.0516510009765625 0.23632800579071045
v 0.36742499470710754 0.1258700042963028 0.23632800579071045
v 0.31273698806762695 0.13563600182533264 0.23632800579071045
v 0.24633100628852844 0.1454010009765625 0.23632800579071045
v -0.35132500529289246 -0.1866299957036972 0.2382809966802597
v -0.3415600061416626 -0.1710049957036972 0.2382809966802597
v -0.35523200035095215 -0.1592860072851181 0.2382809966802597
v 0.777580976486206 -0.03623899817466736 0.2382809966802597
v 0.777580976486206 -0.032333001494407654 0.2382809966802597
v 0.36742499470710754 0.05555799975991249 0.2382809966802597
v 0.1232839971780777 -0.21202099323272705 0.24023400247097015
v 0.36742499470710754 -0.21202099323272705 0.24023400247097015
v -0.3532789945602417 -0.1788180023431778 0.24023400247097015
v -0.34741899371147156 -0.1788180023431778 0.24023400247097015
v -0.3415600061416626 -0.16514599323272705 0.24023400247097015
v -0.3571850061416626 -0.1553799957036972 0.24023400247097015
v -0.009529000148177147 -0.04405200108885765 0.24023400247097015
v 0.31273698806762695 -0.21202099323272705 0.2421880066394806
v 0.47289299964904785 -0.1905360072851181 0.2421880066394806
v -0.35132500529289246 -0.17295800149440765 0.2421880066394806
v -0.3454659879207611 -0.17295800149440765 0.2421880066394806
v -0.34351301193237305 -0.1592860072851181 0.2421880066394806
v -0.4040600061416626 -0.13780200481414795 0.2421880066394806
v 0.16820600628852844 -0.024521000683307648 0.2421880066394806
v 0.24633100628852844 0.00672899978235364 0.2421880066394806
v 0.1232839971780777 -0.2061610072851181 0.24414099752902985
v -0.35132500529289246 -0.1670989990234375 0.24414099752902985
v -0.3454659879207611 -0.1670989990234375 0.24414099752902985
v -0.3454659879207611 -0.1553799957036972 0.24414099752902985
v -0.4040600061416626 -0.14561399817466736 0.24414099752902985
v -0.4040600061416626 -0.12998899817466736 0.24414099752902985
v 0.6623460054397583 -0.09092699736356735 0.24414099752902985
v 0.718986988067627 -0.022568000480532646 0.24414099752902985
v 0.718986988067627 -0.006941999774426222 0.24414099752902985
v -0.1501539945602417 -0.2061610072851181 0.2460940033197403
v 0.5256279706954956 -0.1827239990234375 0.2460940033197403
v -0.3532789945602417 -0.16123899817466736 0.2460940033197403
v -0.34741899371147156 -0.16123899817466736 0.2460940033197403
v -0.3532789945602417 -0.14952099323272705 0.2460940033197403
v -0.4040600061416626 -0.14170800149440765 0.2460940033197403
v -0.4040600061416626 -0.1241300031542778 0.2460940033197403
v 0.6271899938583374 -0.11436399817466736 0.2460940033197403
v 0.718986988067627 -0.08311399817466736 0.2460940033197403
v 0.095940001308918 -0.04014600068330765 0.2460940033197403
v 0.47289299964904785 0.08485399931669235 0.2460940033197403
v 0.4201590120792389 -0.1944420039653778 0.24804699420928955
v 0.5256279706954956 -0.1788180023431778 0.24804699420928955
v -0.35523200035095215 -0.15733300149440765 0.24804699420928955
v -0.349371999502182 -0.15733300149440765 0.24804699420928955
v 0.24633100628852844 -0.006941999774426222 0.24804699420928955
v 0.39867499470710754 0.05360399931669235 0.24804699420928955
v 0.24633100628852844 0.08876100182533264 0.24804699420928955
v 0.31273698806762695 -0.20030200481414795 0.25
v 0.36742499470710754 -0.1983489990234375 0.25
v -0.3571850061416626 -0.1514739990234375 0.25
v 0.5764089822769165 -0.1475680023431778 0.25
v -0.4101560115814209 -0.1445309966802597 0.25
v -0.302496999502182 -0.1436610072851181 0.25
v 0.718986988067627 -0.016707999631762505 0.25
v 0.36742499470710754 0.061416998505592346 0.25
v 0.31273698806762695 0.12391699850559235 0.25
v -0.30445098876953125 -0.1475680023431778 0.25195300579071045
v -0.40429699420928955 -0.1445309966802597 0.25195300579071045
v -0.27710700035095215 -0.1436610072851181 0.25195300579071045
v -0.4040600061416626 -0.04405200108885765 0.25195300579071045
v 0.16820600628852844 -0.032333001494407654 0.25195300579071045
v 0.6623460054397583 0.030167000368237495 0.25195300579071045
v -0.1501539945602417 -0.1866299957036972 0.2539060115814209
v -0.4040600061416626 -0.11436399817466736 0.2539060115814209
v -0.34351301193237305 -0.11436399817466736 0.2539060115814209
v 0.6623460054397583 0.02430799975991249 0.25585898756980896
v 0.47289299964904785 -0.1866299957036972 0.2578119933605194
v -0.34741899371147156 -0.11436399817466736 0.2578119933605194
v 0.36742499470710754 0.0516510009765625 0.2578119933605194
v 0.47289299964904785 0.07704199850559235 0.2578119933605194
v 0.31273698806762695 0.0789949968457222 0.2578119933605194
v 0.4201590120792389 0.08876100182533264 0.2578119933605194
v -0.27710700035095215 -0.11436399817466736 0.25976601243019104
v -0.4040600061416626 -0.09092699736356735 0.25976601243019104
v 0.6271899938583374 -0.09092699736356735 0.25976601243019104
v 0.24633100628852844 -0.014755000360310078 0.25976601243019104
v 0.31273698806762695 0.10047899931669235 0.25976601243019104
v 0.6623460054397583 -0.08702100068330765 0.2617189884185791
v 0.4201590120792389 0.059464000165462494 0.2617189884185791
v 0.1232839971780777 -0.2061610072851181 0.26367199420928955
v 0.4201590120792389 -0.1905360072851181 0.26367199420928955
v 0.5256279706954956 -0.1475680023431778 0.26367199420928955
v 0.718986988067627 -0.0616299994289875 0.26367199420928955
v 0.095940001308918 -0.0420989990234375 0.26367199420928955
v 0.16820600628852844 -0.034285999834537506 0.26367199420928955
v 0.6271899938583374 0.03797899931669235 0.26367199420928955
v 0.4201590120792389 -0.1866299957036972 0.265625
v -0.1501539945602417 -0.1475680023431778 0.265625
v 0.5764089822769165 -0.11436399817466736 0.265625
v 0.31273698806762695 0.0789949968457222 0.265625
v 0.36742499470710754 0.0946199968457222 0.265625
v 0.31273698806762695 -0.1983489990234375 0.26757800579071045
v 0.36742499470710754 -0.1944420039653778 0.26757800579071045
v -0.4040600061416626 -0.09092699736356735 0.26757800579071045
v 0.6623460054397583 -0.08311399817466736 0.26757800579071045
v 0.718986988067627 -0.0616299994289875 0.26757800579071045
v 0.111565001308918 -0.03623899817466736 0.26757800579071045
v 0.718986988067627 -0.03623899817466736 0.26757800579071045
v 0.24633100628852844 0.0028230000752955675 0.26757800579071045
v 0.6271899938583374 0.03407299891114235 0.26757800579071045
v 0.47289299964904785 0.0633699968457222 0.26757800579071045
v 0.718986988067627 -0.0538179986178875 0.2695310115814209
v 0.6623460054397583 -0.018660999834537506 0.2695310115814209
v 0.1232839971780777 -0.1866299957036972 0.27148398756980896
v 0.36742499470710754 -0.1866299957036972 0.27148398756980896
v -0.4040600061416626 -0.08702100068330765 0.27148398756980896
v 0.4201590120792389 0.07704199850559235 0.27148398756980896
v 0.31273698806762695 -0.1866299957036972 0.2734380066394806
v 0.47289299964904785 -0.1475680023431778 0.2734380066394806
v 0.718986988067627 -0.04405200108885765 0.2734380066394806
v -0.1501539945602417 -0.11436399817466736 0.27539101243019104
v 0.718986988067627 -0.04014600068330765 0.27539101243019104
v 0.5764089822769165 0.04969799891114235 0.27539101243019104
v 0.5256279706954956 -0.11436399817466736 0.2773439884185791
v 0.5764089822769165 -0.09092699736356735 0.2773439884185791
v 0.6271899938583374 -0.08702100068330765 0.2773439884185791
v 0.6623460054397583 -0.08311399817466736 0.2773439884185791
v -0.4040600061416626 -0.047958001494407654 0.2773439884185791
v 0.6271899938583374 -0.018660999834537506 0.2773439884185791
v 0.36742499470710754 0.0711819976568222 0.2773439884185791
v 0.36742499470710754 0.07704199850559235 0.2773439884185791
v -0.4040600061416626 -0.0616299994289875 0.27929699420928955
v -0.4040600061416626 -0.0538179986178875 0.27929699420928955
v 0.5764089822769165 0.045791998505592346 0.27929699420928955
v 0.4201590120792389 0.0672760009765625 0.27929699420928955
v 0.4201590120792389 -0.1475680023431778 0.28125
v 0.1232839971780777 -0.1475680023431778 0.28320300579071045
v -0.1501539945602417 -0.09092699736356735 0.28320300579071045
v 0.6271899938583374 -0.08311399817466736 0.28320300579071045
v 0.5256279706954956 0.061416998505592346 0.28320300579071045
v 0.36742499470710754 -0.1475680023431778 0.2851560115814209
v 0.47289299964904785 -0.11436399817466736 0.2851560115814209
v 0.31273698806762695 -0.1475680023431778 0.28710898756980896
v 0.5256279706954956 -0.09092699736356735 0.28710898756980896
v 0.6623460054397583 -0.03623899817466736 0.28710898756980896
v 0.5764089822769165 -0.018660999834537506 0.28710898756980896
v 0.5256279706954956 0.05751100182533264 0.28710898756980896
v 0.6271899938583374 -0.08311399817466736 0.2890619933605194
v 0.47289299964904785 0.061416998505592346 0.2890619933605194
v 0.4201590120792389 -0.11436399817466736 0.29101601243019104
v 0.111565001308918 -0.03623899817466736 0.29101601243019104
v 0.6271899938583374 -0.03623899817466736 0.29101601243019104
v 0.24633100628852844 0.0028230000752955675 0.29101601243019104
v 0.31273698806762695 0.026260999962687492 0.29101601243019104
v 0.36742499470710754 0.04188600182533264 0.29101601243019104
v 0.4201590120792389 0.05360399931669235 0.29101601243019104
v 0.1232839971780777 -0.11436399817466736 0.2929689884185791
v 0.5764089822769165 -0.08702100068330765 0.2929689884185791
v 0.6623460054397583 -0.0616299994289875 0.2929689884185791
v 0.47289299964904785 0.05555799975991249 0.2929689884185791
v 0.36742499470710754 -0.11436399817466736 0.29492199420928955
v 0.47289299964904785 -0.09092699736356735 0.29492199420928955
v 0.6623460054397583 -0.0538179986178875 0.29492199420928955
v 0.6623460054397583 -0.047958001494407654 0.29492199420928955
v 0.5256279706954956 -0.018660999834537506 0.29492199420928955
v 0.31273698806762695 0.016495000571012497 0.29492199420928955
v 0.36742499470710754 0.03407299891114235 0.29492199420928955
v 0.4201590120792389 0.0477450005710125 0.29492199420928955
v 0.31273698806762695 -0.11436399817466736 0.296875
v 0.5764089822769165 -0.08311399817466736 0.296875
v 0.6271899938583374 -0.04405200108885765 0.296875
v 0.1623460054397583 -0.03623899817466736 0.296875
v 0.5764089822769165 -0.03623899817466736 0.296875
v 0.24633100628852844 -0.006941999774426222 0.296875
v 0.1232839971780777 -0.09092699736356735 0.29882800579071045
v 0.4201590120792389 -0.09092699736356735 0.29882800579071045
v 0.1232839971780777 -0.04405200108885765 0.3007810115814209
v 0.31273698806762695 -0.018660999834537506 0.3007810115814209
v 0.36742499470710754 -0.018660999834537506 0.3007810115814209
v 0.4201590120792389 -0.018660999834537506 0.3007810115814209
v 0.47289299964904785 -0.018660999834537506 0.3007810115814209
v 0.31273698806762695 -0.09092699736356735 0.30273398756980896
v 0.36742499470710754 -0.09092699736356735 0.30273398756980896
v 0.5256279706954956 -0.08702100068330765 0.30273398756980896
v 0.5256279706954956 -0.03623899817466736 0.30273398756980896
v 0.5764089822769165 -0.04405200108885765 0.3046880066394806
v 0.31273698806762695 -0.03623899817466736 0.3046880066394806
v 0.47289299964904785 -0.03623899817466736 0.3046880066394806
v 0.5256279706954956 -0.08311399817466736 0.30664101243019104
v 0.6271899938583374 -0.0616299994289875 0.30664101243019104
v 0.6271899938583374 -0.0538179986178875 0.30664101243019104
v 0.6271899938583374 -0.047958001494407654 0.30664101243019104
v 0.36742499470710754 -0.03623899817466736 0.30664101243019104
v 0.4201590120792389 -0.03623899817466736 0.30664101243019104
v 0.1232839971780777 -0.08702100068330765 0.3085939884185791
v 0.47289299964904785 -0.08702100068330765 0.3085939884185791
v 0.5256279706954956 -0.04405200108885765 0.31054699420928955
v 0.4201590120792389 -0.08702100068330765 0.3125
v 0.1232839971780777 -0.08311399817466736 0.3125
v 0.47289299964904785 -0.08311399817466736 0.3125
v 0.3185960054397583 0.15907299518585205 0.3125
v 0.3576590120792389 0.15907299518585205 0.3125
v 0.306878000497818 0.1610260009765625 0.3125
v 0.37133100628852844 0.1610260009765625 0.3125
v 0.30101799964904785 0.1649319976568222 0.3125
v 0.37914299964904785 0.1649319976568222 0.3125
v 0.37914299964904785 0.1766510009765625 0.3125
v 0.30101799964904785 0.18251100182533264 0.3125
v 0.37133100628852844 0.18251100182533264 0.3125
v 0.3576590120792389 0.18641699850559235 0.3125
v 0.306878000497818 0.1883700042963028 0.3125
v 0.3185960054397583 0.19032299518585205 0.3125
v 0.31273698806762695 -0.08702100068330765 0.31445300579071045
v 0.36742499470710754 -0.08702100068330765 0.31445300579071045
v 0.31273698806762695 -0.04405200108885765 0.31445300579071045
v 0.47289299964904785 -0.04405200108885765 0.31445300579071045
v 0.4201590120792389 -0.08311399817466736 0.3164060115814209
v 0.5764089822769165 -0.047958001494407654 0.3164060115814209
v 0.36742499470710754 -0.04405200108885765 0.3164060115814209
v 0.4201590120792389 -0.04405200108885765 0.3164060115814209
v 0.31273698806762695 -0.08311399817466736 0.31835898756980896
v 0.36742499470710754 -0.08311399817466736 0.31835898756980896
v 0.5764089822769165 -0.0616299994289875 0.31835898756980896
v 0.5764089822769165 -0.0538179986178875 0.31835898756980896
v 0.1232839971780777 -0.047958001494407654 0.3203119933605194
v 0.1232839971780777 -0.0616299994289875 0.32226601243019104
v 0.1232839971780777 -0.0538179986178875 0.32226601243019104
v 0.3185960054397583 0.1649319976568222 0.32226601243019104
v 0.3185960054397583 0.18251100182533264 0.32226601243019104
v 0.5256279706954956 -0.0616299994289875 0.3242189884185791
v 0.5256279706954956 -0.0538179986178875 0.3242189884185791
v 0.5256279706954956 -0.047958001494407654 0.3242189884185791
v 0.3576590120792389 0.1649319976568222 0.3242189884185791
v 0.3576590120792389 0.1766510009765625 0.3242189884185791
v 0.47289299964904785 -0.0616299994289875 0.328125
v 0.47289299964904785 -0.0538179986178875 0.328125
v 0.31273698806762695 -0.047958001494407654 0.328125
v 0.47289299964904785 -0.047958001494407654 0.328125
v 0.31273698806762695 -0.0616299994289875 0.33007800579071045
v 0.31273698806762695 -0.0538179986178875 0.33007800579071045
v 0.36742499470710754 -0.047958001494407654 0.33007800579071045
v 0.4201590120792389 -0.047958001494407654 0.33007800579071045
v 0.36742499470710754 -0.0616299994289875 0.3320310115814209
v 0.4201590120792389 -0.0616299994289875 0.3320310115814209
v 0.36742499470710754 -0.0538179986178875 0.3320310115814209
v 0.4201590120792389 -0.0538179986178875 0.3320310115814209
vt 0.5397049784660339 0.6736729741096497
vt 0.541933000087738 0.6827239990234375
vt 0.5330089926719666 0.6823909878730774
vt 0.5333560109138489 0.6727979779243469
vt 0.3761819899082184 0.8786619901657104
vt 0.3766010105609894 0.8840759992599487
vt 0.3681510090827942 0.8882409930229187
vt 0.3677099943161011 0.883463978767395
vt 0.5425810217857361 0.554265022277832
vt 0.5552250146865845 0.5574640035629272
vt 0.5555949807167053 0.5627530217170715
vt 0.5428929924964905 0.5595279932022095
vt 0.10587900131940842 0.9652259945869446
vt 0.09934599697589874 0.9634400010108948
vt 0.11154799908399582 0.9425579905509949
vt 0.11310199648141861 0.9489070177078247
vt 0.45131999254226685 0.3986159861087799
vt 0.4437829852104187 0.398063987493515
vt 0.4436529874801636 0.38058799505233765
vt 0.45110899209976196 0.3810270130634308
vt 0.7619180083274841 0.1715729981660843
vt 0.761916995048523 0.16965800523757935
vt 0.7638130187988281 0.16903699934482574
vt 0.7638139724731445 0.17095300555229187
vt 0.9857339859008789 0.5959500074386597
vt 0.9857050180435181 0.593940019607544
vt 0.9880790114402771 0.5931699872016907
vt 0.9883040189743042 0.595786988735199
vt 0.6035559773445129 0.9556480050086975
vt 0.6035730242729187 0.9120640158653259
vt 0.6167889833450317 0.9358959794044495
vt 0.6167889833450317 0.9788249731063843
vt 0.5921880006790161 0.6321690082550049
vt 0.5921880006790161 0.6606940031051636
vt 0.5847910046577454 0.660647988319397
vt 0.5841540098190308 0.6320989727973938
vt 0.837149977684021 0.9298080205917358
vt 0.8406440019607544 0.9309080243110657
vt 0.8410549759864807 0.959613025188446
vt 0.8376820087432861 0.9590880274772644
vt 0.7167440056800842 0.9374009966850281
vt 0.7170789837837219 0.9226539731025696
vt 0.7244830131530762 0.926065981388092
vt 0.7237470149993896 0.9381960034370422
vt 0.8415899872779846 0.9793310165405273
vt 0.843861997127533 0.9753649830818176
vt 0.847690999507904 0.976643979549408
vt 0.8463119864463806 0.9804829955101013
vt 0.8664360046386719 0.959909975528717
vt 0.8621159791946411 0.9599850177764893
vt 0.862030029296875 0.9571750164031982
vt 0.8663510084152222 0.9570990204811096
vt 0.8061680197715759 0.40619999170303345
vt 0.8077690005302429 0.4239160120487213
vt 0.8022080063819885 0.4234730005264282
vt 0.8013240098953247 0.40584099292755127
vt 0.5709519982337952 0.1824219971895218
vt 0.5537199974060059 0.18234899640083313
vt 0.5545160174369812 0.09438800066709518
vt 0.5698400139808655 0.09445600211620331
vt 0.4683769941329956 0.8922799825668335
vt 0.4776900112628937 0.8978090286254883
vt 0.47766000032424927 0.9016370177268982
vt 0.4683380126953125 0.897383987903595
vt 0.534965991973877 0.5916370153427124
vt 0.5521759986877441 0.5922799706459045
vt 0.5520250201225281 0.6027200222015381
vt 0.5348150134086609 0.6020780205726624
vt 0.40557798743247986 0.9266279935836792
vt 0.41251999139785767 0.926826000213623
vt 0.40996700525283813 0.9357219934463501
vt 0.4030260145664215 0.9355239868164062
vt 0.5346540212631226 0.768530011177063
vt 0.5349069833755493 0.7654619812965393
vt 0.5418869853019714 0.7690010070800781
vt 0.540353000164032 0.7713540196418762
vt 0.5527380108833313 0.460317999124527
vt 0.5531489849090576 0.47714701294898987
vt 0.540427029132843 0.4771119952201843
vt 0.5400159955024719 0.4602830111980438
vt 0.05268099904060364 0.8694940209388733
vt 0.050787001848220825 0.8516010046005249
vt 0.05778300017118454 0.8505169749259949
vt 0.05846500024199486 0.8685389757156372
vt 0.6491680145263672 0.009674999862909317
vt 0.6504279971122742 0.009058999828994274
vt 0.6503270268440247 0.01551000028848648
vt 0.649088978767395 0.015471000224351883
vt 0.8584150075912476 0.9570789933204651
vt 0.8596370220184326 0.9529119729995728
vt 0.8626800179481506 0.9527279734611511
vt 0.21366000175476074 0.46544599533081055
vt 0.2103399932384491 0.46533799171447754
vt 0.21097800135612488 0.4481090009212494
vt 0.21429799497127533 0.4482159912586212
vt 0.41001999378204346 0.9693210124969482
vt 0.40557798743247986 0.9609770178794861
vt 0.41251999139785767 0.9611759781837463
vt 0.41698700189590454 0.9707340002059937
vt 0.6308190226554871 0.9908069968223572
vt 0.6352890133857727 0.9916660189628601
vt 0.6354320049285889 0.9930580258369446
vt 0.6309620141983032 0.9921990036964417
vt 0.7572100162506104 0.6974800229072571
vt 0.7471399903297424 0.6908980011940002
vt 0.7477309703826904 0.6867939829826355
vt 0.7595679759979248 0.6945620179176331
vt 0.934112012386322 0.10359100252389908
vt 0.9341130256652832 0.10501199960708618
vt 0.9301249980926514 0.10583800077438354
vt 0.9306949973106384 0.10413199663162231
vt 0.2620390057563782 0.9904230237007141
vt 0.2620390057563782 0.9759920239448547
vt 0.27270400524139404 0.9764959812164307
vt 0.27417200803756714 0.9865909814834595
vt 0.5346130132675171 0.6137930154800415
vt 0.5517910122871399 0.6144049763679504
vt 0.5514500141143799 0.6312810182571411
vt 0.5343350172042847 0.630728006362915
vt 0.2188279926776886 0.43103599548339844
vt 0.21429799497127533 0.43098899722099304
vt 0.21366000175476074 0.4131239950656891
vt 0.218190997838974 0.4131709933280945
vt 0.8045070171356201 0.6431679725646973
vt 0.8077179789543152 0.6431630253791809
vt 0.8145859837532043 0.6624280214309692
vt 0.8113560080528259 0.6624490022659302
vt 0.9564269781112671 0.3661310076713562
vt 0.9545130133628845 0.3693160116672516
vt 0.9428840279579163 0.3662630021572113
vt 0.9454370141029358 0.3618040084838867
vt 0.8904179930686951 0.9884510040283203
vt 0.8933489918708801 0.98717200756073
vt 0.8947839736938477 0.989408016204834
vt 0.8917160034179688 0.9913110136985779
vt 0.8345540165901184 0.23247100412845612
vt 0.8433169722557068 0.23274099826812744
vt 0.8420109748840332 0.3222529888153076
vt 0.833886981010437 0.32199200987815857
vt 0.4260599911212921 0.8190230131149292
vt 0.4260900020599365 0.8315050005912781
vt 0.4203769862651825 0.8311989903450012
vt 0.4203470051288605 0.8187170028686523
vt 0.8103200197219849 0.5902780294418335
vt 0.8046320080757141 0.5902060270309448
vt 0.811244010925293 0.5658349990844727
vt 0.8169699907302856 0.5658739805221558
vt 0.6071310043334961 0.5251380205154419
vt 0.6084610223770142 0.5251669883728027
vt 0.5893120169639587 0.5442860126495361
vt 0.5892220139503479 0.5404049754142761
vt 0.4961700141429901 0.425911009311676
vt 0.49634701013565063 0.44327300786972046
vt 0.49455299973487854 0.44332098960876465
vt 0.4943769872188568 0.4259589910507202
vt 0.43062400817871094 0.4177530109882355
vt 0.4320090115070343 0.41784700751304626
vt 0.4314059913158417 0.4357059895992279
vt 0.4300209879875183 0.4356119930744171
vt 0.8274279832839966 0.3132669925689697
vt 0.8249779939651489 0.3134959936141968
vt 0.8224890232086182 0.22582200169563293
vt 0.8243060111999512 0.2256219983100891
vt 0.7373359799385071 0.08666899800300598
vt 0.7371659874916077 0.16223399341106415
vt 0.7352480292320251 0.16104699671268463
vt 0.7353540062904358 0.08662500232458115
vt 0.19704100489616394 0.5147429704666138
vt 0.195700004696846 0.5146880149841309
vt 0.19933100044727325 0.4979180097579956
vt 0.2006720006465912 0.4979720115661621
vt 0.5083209872245789 0.5907580256462097
vt 0.5145679712295532 0.5908759832382202
vt 0.5144169926643372 0.601315975189209
vt 0.5055559873580933 0.6010429859161377
vt 0.5173709988594055 0.613120973110199
vt 0.5176039934158325 0.6014350056648254
vt 0.8533530235290527 0.6679069995880127
vt 0.8599600195884705 0.6639180183410645
vt 0.8682439923286438 0.6690580248832703
vt 0.8622729778289795 0.6736879944801331
vt 0.8278070092201233 0.6397979855537415
vt 0.8322209715843201 0.651324987411499
vt 0.9863709807395935 0.8627539873123169
vt 0.9863799810409546 0.8499670028686523
vt 0.9921259880065918 0.8499670028686523
vt 0.990202009677887 0.8627539873123169
vt 0.7246639728546143 0.4263249933719635
vt 0.72530198097229 0.4438520073890686
vt 0.713962972164154 0.443450003862381
vt 0.7134069800376892 0.4260370135307312
vt 0.01271700020879507 0.956430971622467
vt 0.012001999653875828 0.9666370153427124
vt 0.010724999941885471 0.9666360020637512
vt 0.010800999589264393 0.9564300179481506
vt 0.476500004529953 0.4440299868583679
vt 0.4796850085258484 0.46132200956344604
vt 0.47534701228141785 0.4613629877567291
vt 0.47152599692344666 0.4440689980983734
vt 0.9404879808425903 0.7903379797935486
vt 0.9404640197753906 0.7994530200958252
vt 0.936631977558136 0.7994499802589417
vt 0.9366549849510193 0.7903349995613098
vt 0.5066890120506287 0.32851898670196533
vt 0.49974900484085083 0.32852599024772644
vt 0.5017110109329224 0.23923900723457336
vt 0.5079569816589355 0.23920400440692902
vt 0.9583410024642944 0.3406200110912323
vt 0.9486550092697144 0.34264299273490906
vt 0.9454370141029358 0.33629000186920166
vt 0.9564269781112671 0.33168599009513855
vt 0.4221070110797882 0.503741979598999
vt 0.42584601044654846 0.48725399374961853
vt 0.43219199776649475 0.48773300647735596
vt 0.4297240078449249 0.5042589902877808
vt 0.37350401282310486 0.5926949977874756
vt 0.38063499331474304 0.58713698387146
vt 0.3820210099220276 0.5872309803962708
vt 0.37552499771118164 0.5928080081939697
vt 0.24515999853610992 0.9906349778175354
vt 0.24393099546432495 0.9844170212745667
vt 0.24638299643993378 0.9832659959793091
vt 0.24996399879455566 0.9884309768676758
vt 0.37036600708961487 0.5965099930763245
vt 0.36191999912261963 0.6033049821853638
vt 0.3586840033531189 0.6031820178031921
vt 0.3683449923992157 0.5963969826698303
vt 0.4751090109348297 0.7692919969558716
vt 0.4771290123462677 0.7674810290336609
vt 0.47846001386642456 0.7702280282974243
vt 0.47644099593162537 0.7720400094985962
vt 0.09357699751853943 0.01319199986755848
vt 0.07699199765920639 0.017057999968528748
vt 0.07699199765920639 0.015143999829888344
vt 0.09357699751853943 0.011277000419795513
vt 0.6295560002326965 0.781777024269104
vt 0.6289299726486206 0.7816780209541321
vt 0.6304590106010437 0.7612450122833252
vt 0.6317110061645508 0.761443018913269
vt 0.69656902551651 0.9010649919509888
vt 0.6919829845428467 0.9051340222358704
vt 0.6900529861450195 0.8964669704437256
vt 0.6932500004768372 0.8937069773674011
vt 0.7790539860725403 0.15251000225543976
vt 0.7795680165290833 0.01411299966275692
vt 0.7871710062026978 0.014166999608278275
vt 0.7866569757461548 0.15256400406360626
vt 0.5538300275802612 0.8186529874801636
vt 0.5449190139770508 0.8196550011634827
vt 0.5452229976654053 0.8153120279312134
vt 0.5541340112686157 0.8143100142478943
vt 0.1216059997677803 0.9116179943084717
vt 0.13586699962615967 0.9350469708442688
vt 0.1358480006456375 0.9790030121803284
vt 0.1216059997677803 0.9555569887161255
vt 0.39891600608825684 0.5496519804000854
vt 0.40400201082229614 0.5498049855232239
vt 0.388731986284256 0.5684990286827087
vt 0.3692910075187683 0.5787680149078369
vt 0.31129899621009827 0.9573990106582642
vt 0.3003599941730499 0.9612799882888794
vt 0.29972100257873535 0.9440879821777344
vt 0.3106609880924225 0.9433900117874146
vt 0.8112769722938538 0.9529240131378174
vt 0.8207600116729736 0.9429479837417603
vt 0.8288459777832031 0.9586279988288879
vt 0.821806013584137 0.9662230014801025
vt 0.5095270276069641 0.813979983329773
vt 0.5098170042037964 0.8083009719848633
vt 0.5187469720840454 0.8093019723892212
vt 0.5184569954872131 0.8149799704551697
vt 0.6522539854049683 0.8656280040740967
vt 0.6573330163955688 0.9038709998130798
vt 0.656029999256134 0.9039239883422852
vt 0.6502869725227356 0.8657360076904297
vt 0.8577960133552551 0.44846901297569275
vt 0.8561930060386658 0.4474169909954071
vt 0.8571900129318237 0.44457200169563293
vt 0.8582479953765869 0.4452899992465973
vt 0.8344169855117798 0.8820800185203552
vt 0.8361949920654297 0.870743989944458
vt 0.8393489718437195 0.8707889914512634
vt 0.8375509977340698 0.8821420073509216
vt 0.5508419871330261 0.8568360209465027
vt 0.5510939955711365 0.8843590021133423
vt 0.542277991771698 0.885450005531311
vt 0.5420770049095154 0.8566529750823975
vt 0.4386979937553406 0.5763980150222778
vt 0.43996500968933105 0.5763540267944336
vt 0.43991801142692566 0.5848950147628784
vt 0.4386509954929352 0.5849390029907227
vt 0.5579419732093811 0.9444850087165833
vt 0.5616850256919861 0.9445919990539551
vt 0.562408983707428 0.9553390145301819
vt 0.558667004108429 0.9545940160751343
vt 0.6056249737739563 0.8743090033531189
vt 0.6050410270690918 0.866644024848938
vt 0.6075839996337891 0.866644024848938
vt 0.6088060140609741 0.8743090033531189
vt 0.6242120265960693 0.4950590133666992
vt 0.6255990266799927 0.4951150119304657
vt 0.6198580265045166 0.50661301612854
vt 0.6185280084609985 0.5065829753875732
vt 0.7251150012016296 0.5863770246505737
vt 0.7183610200881958 0.5801100134849548
vt 0.7194979786872864 0.5663859844207764
vt 0.7269290089607239 0.5734140276908875
vt 0.9383940100669861 0.10352300107479095
vt 0.9386829733848572 0.10137499868869781
vt 0.9423990249633789 0.10171899944543839
vt 0.9429680109024048 0.10414999723434448
vt 0.8963299989700317 0.9826160073280334
vt 0.8963810205459595 0.9793400168418884
vt 0.8996120095252991 0.9793559908866882
vt 0.8994240164756775 0.9832559823989868
vt 0.8684399724006653 0.9763339757919312
vt 0.8651840090751648 0.9744380116462708
vt 0.867464005947113 0.9727479815483093
vt 0.8695799708366394 0.9758059978485107
vt 0.4831179976463318 0.6976540088653564
vt 0.4863690137863159 0.6978330016136169
vt 0.4869680106639862 0.7157620191574097
vt 0.4811989963054657 0.7155179977416992
vt 0.566087007522583 0.8922799825668335
vt 0.5638859868049622 0.8996189832687378
vt 0.5601149797439575 0.9008200168609619
vt 0.5616779923439026 0.8934800028800964
vt 0.04220300167798996 0.833670973777771
vt 0.03950599953532219 0.8335430026054382
vt 0.03971000015735626 0.7822499871253967
vt 0.04233499988913536 0.7828919887542725
vt 0.7390490174293518 0.6777340173721313
vt 0.7291110157966614 0.6733880043029785
vt 0.7297229766845703 0.6689580082893372
vt 0.739512026309967 0.6730679869651794
vt 0.3369719982147217 0.7021070122718811
vt 0.33881300687789917 0.6783559918403625
vt 0.34268900752067566 0.6789860129356384
vt 0.34145501255989075 0.7028650045394897
vt 0.8700010180473328 0.9568250179290771
vt 0.8661500215530396 0.9529439806938171
vt 0.869799017906189 0.9526699781417847
vt 0.4247480034828186 0.852433979511261
vt 0.41967400908470154 0.8521280288696289
vt 0.4203470051288605 0.8441849946975708
vt 0.4260599911212921 0.8444920182228088
vt 0.5102279782295227 0.7987679839134216
vt 0.5111939907073975 0.7785149812698364
vt 0.5201810002326965 0.7789080142974854
vt 0.5192149877548218 0.7991610169410706
vt 0.9431480169296265 0.7156640291213989
vt 0.9421430230140686 0.7044870257377625
vt 0.9474220275878906 0.7043399810791016
vt 0.946340024471283 0.7156659960746765
vt 0.06189500167965889 0.6535249948501587
vt 0.05153699964284897 0.6441280245780945
vt 0.06589099764823914 0.6365810036659241
vt 0.07222899794578552 0.6462810039520264
vt 0.7681099772453308 0.2356089949607849
vt 0.7788680195808411 0.23569700121879578
vt 0.7787219882011414 0.3252359926700592
vt 0.7679640054702759 0.32514700293540955
vt 0.0680290013551712 0.7535560131072998
vt 0.08247599750757217 0.7634999752044678
vt 0.08098100125789642 0.7687870264053345
vt 0.0655059963464737 0.7631170153617859
vt 0.031065000221133232 0.6820970177650452
vt 0.030319999903440475 0.6904360055923462
vt 0.022935999557375908 0.690729022026062
vt 0.024139000102877617 0.6805379986763
vt 0.03845499828457832 0.4460090100765228
vt 0.0394040010869503 0.4284929931163788
vt 0.04192199930548668 0.4335620105266571
vt 0.04094099998474121 0.44594600796699524
vt 0.7568759918212891 0.4563539922237396
vt 0.7581329941749573 0.4563719928264618
vt 0.7595490217208862 0.47285598516464233
vt 0.7582910060882568 0.47283899784088135
vt 0.8699769973754883 0.9208289980888367
vt 0.8744590282440186 0.9188370108604431
vt 0.8740910291671753 0.9238060116767883
vt 0.8701639771461487 0.9246529936790466
vt 0.2007479965686798 0.843845009803772
vt 0.20649099349975586 0.7953799962997437
vt 0.2089349925518036 0.7954970002174377
vt 0.20321400463581085 0.8439679741859436
vt 0.8748530149459839 0.42832499742507935
vt 0.8753799796104431 0.416828989982605
vt 0.8835309743881226 0.416828989982605
vt 0.883063018321991 0.42832499742507935
vt 0.9088460206985474 0.1404780000448227
vt 0.906919002532959 0.14567099511623383
vt 0.906919002532959 0.12657000124454498
vt 0.9088460206985474 0.12646999955177307
vt 0.7358790040016174 0.7950479984283447
vt 0.7342519760131836 0.8025460243225098
vt 0.7095379829406738 0.7724400162696838
vt 0.7140489816665649 0.7692959904670715
vt 0.5757899880409241 0.5518550276756287
vt 0.5761100053787231 0.5558419823646545
vt 0.5683370232582092 0.5595980286598206
vt 0.5680249929428101 0.5543339848518372
vt 0.7335429787635803 0.5990849733352661
vt 0.7382709980010986 0.589847981929779
vt 0.5170300006866455 0.6299960017204285
vt 0.5169479846954346 0.6345490217208862
vt 0.5136529803276062 0.6363130211830139
vt 0.5137789845466614 0.6298180222511292
vt 0.43911901116371155 0.9268389940261841
vt 0.44749701023101807 0.9268389940261841
vt 0.4476720094680786 0.9440839886665344
vt 0.43935298919677734 0.9440839886665344
vt 0.39525601267814636 0.9048389792442322
vt 0.39528998732566833 0.9208400249481201
vt 0.39019501209259033 0.9131860136985779
vt 0.3907969892024994 0.8984599709510803
vt 0.8897579908370972 0.9765220284461975
vt 0.8883609771728516 0.9768490195274353
vt 0.8889989852905273 0.9736430048942566
vt 0.8916550278663635 0.9736109972000122
vt 0.5855039954185486 0.6839770078659058
vt 0.580594003200531 0.6839659810066223
vt 0.5780010223388672 0.6605960130691528
vt 0.9847429990768433 0.612525999546051
vt 0.9918439984321594 0.615755021572113
vt 0.9917790293693542 0.624144971370697
vt 0.9852570295333862 0.62117999792099
vt 0.8749269843101501 0.3510420024394989
vt 0.874517023563385 0.33443498611450195
vt 0.8759059906005859 0.33443498611450195
vt 0.8763160109519958 0.3510420024394989
vt 0.584634006023407 0.6034479737281799
vt 0.5894050002098083 0.6152340173721313
vt 0.5820090174674988 0.6151880025863647
vt 0.5772380232810974 0.6034020185470581
vt 0.5452309846878052 0.7581049799919128
vt 0.546101987361908 0.7530580163002014
vt 0.5791410207748413 0.7408829927444458
vt 0.5742110013961792 0.7661529779434204
vt 0.5339260101318359 0.23893499374389648
vt 0.5293920040130615 0.1886110007762909
vt 0.5365039706230164 0.18868300318717957
vt 0.5409240126609802 0.23895399272441864
vt 0.18374599516391754 0.03615500032901764
vt 0.174112007021904 0.031014999374747276
vt 0.17092299461364746 0.022727999836206436
vt 0.181194007396698 0.02978000044822693
vt 0.8383820056915283 0.5350919961929321
vt 0.8428459763526917 0.5242890119552612
vt 0.8500159978866577 0.5260990262031555
vt 0.846809983253479 0.5369240045547485
vt 0.5423920154571533 0.5477780103683472
vt 0.5550410151481628 0.5503389835357666
vt 0.012764000333845615 0.9477499723434448
vt 0.010847999714314938 0.9477490186691284
vt 0.32197099924087524 0.6041600108146667
vt 0.32235801219940186 0.6114820241928101
vt 0.3097279965877533 0.6085489988327026
vt 0.3093410134315491 0.6012259721755981
vt 0.06544499844312668 0.8493019938468933
vt 0.0693499967455864 0.8486070036888123
vt 0.06881699711084366 0.8667579889297485
vt 0.04152600094676018 0.957256019115448
vt 0.0357539989054203 0.9559999704360962
vt 0.035725999623537064 0.9400860071182251
vt 0.04149699956178665 0.9400669932365417
vt 0.5425189733505249 0.8471490144729614
vt 0.5332469940185547 0.856410026550293
vt 0.5336639881134033 0.8475430011749268
vt 0.7388210296630859 0.6875
vt 0.7388079762458801 0.6827539801597595
vt 0.7301679849624634 0.166143000125885
vt 0.7281860113143921 0.16609899699687958
vt 0.7286400198936462 0.16459299623966217
vt 0.7306209802627563 0.1646369993686676
vt 0.5683519840240479 0.9646919965744019
vt 0.5638859868049622 0.9646810293197632
vt 0.5668749809265137 0.9553499817848206
vt 0.579770028591156 0.9879770278930664
vt 0.5824090242385864 0.9877600073814392
vt 0.5822610259056091 0.9892280101776123
vt 0.5796219706535339 0.9894449710845947
vt 0.5513100028038025 0.8466950058937073
vt 0.6612399816513062 0.009778999723494053
vt 0.6613749861717224 0.00457199988886714
vt 0.6633039712905884 0.005841000005602837
vt 0.6631730198860168 0.010409999638795853
vt 0.44686099886894226 0.8000829815864563
vt 0.45212000608444214 0.7984880208969116
vt 0.4560059905052185 0.8152409791946411
vt 0.44774898886680603 0.8177099823951721
vt 0.3821429908275604 0.6264560222625732
vt 0.384319007396698 0.6258460283279419
vt 0.3952910006046295 0.7645549774169922
vt 0.39168599247932434 0.7653980255126953
vt 0.5594220161437988 0.5841630101203918
vt 0.5618640184402466 0.5927559733390808
vt 0.5553640127182007 0.592399001121521
vt 0.5554389953613281 0.5838710069656372
vt 0.45777401328086853 0.537335991859436
vt 0.4500750005245209 0.5365579724311829
vt 0.44798099994659424 0.5151039958000183
vt 0.4556800127029419 0.5158830285072327
vt 0.9694880247116089 0.3152740001678467
vt 0.9712790250778198 0.31591299176216125
vt 0.9712790250778198 0.3401840031147003
vt 0.9694880247116089 0.3401840031147003
vt 0.4788840115070343 0.9587770104408264
vt 0.487976998090744 0.9589700102806091
vt 0.48799899220466614 0.9686269760131836
vt 0.4789400100708008 0.9684630036354065
vt 0.8061649799346924 0.3888759911060333
vt 0.8006870150566101 0.3885459899902344
vt 0.45903199911117554 0.9385870099067688
vt 0.45914098620414734 0.9476519823074341
vt 0.4546709954738617 0.9477109909057617
vt 0.4545620083808899 0.9386469721794128
vt 0.7618359923362732 0.5006340146064758
vt 0.7687249779701233 0.5007539987564087
vt 0.7691130042076111 0.5189369916915894
vt 0.7641010284423828 0.5188519954681396
vt 0.8654159903526306 0.9844250082969666
vt 0.868556022644043 0.9825950264930725
vt 0.8696960210800171 0.983335018157959
vt 0.8676959872245789 0.9865390062332153
vt 0.6367899775505066 0.40990298986434937
vt 0.6426299810409546 0.4099709987640381
vt 0.6413620114326477 0.42725101113319397
vt 0.6361579895019531 0.42718398571014404
vt 0.786325991153717 0.3252890110015869
vt 0.7863060235977173 0.387255996465683
vt 0.7787020206451416 0.38720300793647766
vt 0.6205679774284363 0.8366249799728394
vt 0.6224769949913025 0.8334320187568665
vt 0.6231129765510559 0.8423740267753601
vt 0.6212049722671509 0.8449280261993408
vt 0.8512110114097595 0.9649419784545898
vt 0.8476889729499817 0.9667860269546509
vt 0.8470619916915894 0.963612973690033
vt 0.8500819802284241 0.9625189900398254
vt 0.5520370006561279 0.39023199677467346
vt 0.5648159980773926 0.3902930021286011
vt 0.5647590160369873 0.40818798542022705
vt 0.5520370006561279 0.4081529974937439
vt 0.6162089705467224 0.3291589915752411
vt 0.627249002456665 0.32958099246025085
vt 0.6295679807662964 0.39156898856163025
vt 0.6126310229301453 0.3910520076751709
vt 0.41967400908470154 0.811378002166748
vt 0.4120909869670868 0.8183079957962036
vt 0.4120500087738037 0.811020016670227
vt 0.5372570157051086 0.9002799987792969
vt 0.5372170209884644 0.9053840041160583
vt 0.5271739959716797 0.905472993850708
vt 0.5272039771080017 0.9016439914703369
vt 0.056056998670101166 0.07598699629306793
vt 0.05625300109386444 0.0493599995970726
vt 0.06667099893093109 0.04832499846816063
vt 0.06531400233507156 0.06365499645471573
vt 0.5063480138778687 0.40836799144744873
vt 0.5064089894294739 0.425678014755249
vt 0.49605101346969604 0.40857601165771484
vt 0.21429599821567535 0.7244809865951538
vt 0.20248199999332428 0.7279229760169983
vt 0.2007479965686798 0.7030969858169556
vt 0.21492399275302887 0.6989660263061523
vt 0.7356359958648682 0.4914200007915497
vt 0.7354490160942078 0.5117449760437012
vt 0.7299749851226807 0.5113630294799805
vt 0.72809898853302 0.4908809959888458
vt 0.4683380126953125 0.6559000015258789
vt 0.4736270010471344 0.6562700271606445
vt 0.4756140112876892 0.6796460151672363
vt 0.4722380042076111 0.6793479919433594
vt 0.6212049722671509 0.8628119826316833
vt 0.6212049722671509 0.8538699746131897
vt 0.6237490177154541 0.8538699746131897
vt 0.6231129765510559 0.8653669953346252
vt 0.9327809810638428 0.19882799685001373
vt 0.9348049759864807 0.19882799685001373
vt 0.9342790246009827 0.24481500685214996
vt 0.9323130249977112 0.24481500685214996
vt 0.6270409822463989 0.7739350199699402
vt 0.6243630051612854 0.7731580138206482
vt 0.6243280172348022 0.7618020176887512
vt 0.6276329755783081 0.7626789808273315
vt 0.062320999801158905 0.02283499948680401
vt 0.07676299661397934 0.02387700043618679
vt 0.062091998755931854 0.029652999714016914
vt 0.8419340252876282 0.5882009863853455
vt 0.8419690132141113 0.5830770134925842
vt 0.8550009727478027 0.5784410238265991
vt 0.8562250137329102 0.5829489827156067
vt 0.9545130133628845 0.3284919857978821
vt 0.9428840279579163 0.33181899785995483
vt 0.9326180219650269 0.3222920000553131
vt 0.9455509781837463 0.31829801201820374
vt 0.5678359866142273 0.5478469729423523
vt 0.5679180026054382 0.5440449714660645
vt 0.5756829977035522 0.541566014289856
vt 0.5756009817123413 0.5453680157661438
vt 0.9156609773635864 0.5388659834861755
vt 0.917057991027832 0.5375099778175354
vt 0.9165570139884949 0.5433840155601501
vt 0.9151170253753662 0.5447419881820679
vt 0.5992810130119324 0.42593199014663696
vt 0.6106690168380737 0.4262239933013916
vt 0.6108450293540955 0.44358599185943604
vt 0.5995150208473206 0.44332000613212585
vt 0.19293400645256042 0.4463140070438385
vt 0.17750999331474304 0.44568899273872375
vt 0.18529599905014038 0.42855799198150635
vt 0.19538800418376923 0.42899399995803833
vt 0.7326949834823608 0.9771329760551453
vt 0.7358120083808899 0.978547990322113
vt 0.7343299984931946 0.9810190200805664
vt 0.7312129735946655 0.9796040058135986
vt 0.5705410242080688 0.7010030150413513
vt 0.5762069821357727 0.7190930247306824
vt 0.5583909749984741 0.7184569835662842
vt 0.5590980052947998 0.7006049752235413
vt 0.7331200242042542 0.9839320182800293
vt 0.73505699634552 0.9858649969100952
vt 0.7334529757499695 0.9881359934806824
vt 0.7318800091743469 0.9867950081825256
vt 0.8419569730758667 0.5932760238647461
vt 0.8562099933624268 0.5880560278892517
vt 0.6255040168762207 0.7327160239219666
vt 0.6216319799423218 0.7318670153617859
vt 0.6164439916610718 0.7028300166130066
vt 0.6181979775428772 0.6976199746131897
vt 0.17267300188541412 0.04937899857759476
vt 0.1646910011768341 0.04910999909043312
vt 0.16351300477981567 0.03324799984693527
vt 0.16756999492645264 0.030887000262737274
vt 0.24877199530601501 0.9735199809074402
vt 0.2440200001001358 0.9739480018615723
vt 0.2443690001964569 0.9718760251998901
vt 0.24959300458431244 0.9699990153312683
vt 0.4544290006160736 0.8341460227966309
vt 0.4420740008354187 0.8378540277481079
vt 0.720982015132904 0.17834900319576263
vt 0.7210119962692261 0.18640199303627014
vt 0.711184024810791 0.18629500269889832
vt 0.7111380100250244 0.16527700424194336
vt 0.5012410283088684 0.7983750104904175
vt 0.5066570043563843 0.7769539952278137
vt 0.8544690012931824 0.451445996761322
vt 0.852292001247406 0.45010900497436523
vt 0.8537139892578125 0.4465729892253876
vt 0.625997006893158 0.47836700081825256
vt 0.6312010288238525 0.4784339964389801
vt 0.6190080046653748 0.4949930012226105
vt 0.9479929804801941 0.2790670096874237
vt 0.9481120109558105 0.28372400999069214
vt 0.9449210166931152 0.2838200032711029
vt 0.9448009729385376 0.2791619896888733
vt 0.4874640107154846 0.9051110148429871
vt 0.4978320002555847 0.9053120017051697
vt 0.49832800030708313 0.9109709858894348
vt 0.48799198865890503 0.9107990264892578
vt 0.9429680109024048 0.10557100176811218
vt 0.9421160221099854 0.10819300264120102
vt 0.9383999705314636 0.10785000026226044
vt 0.9383950233459473 0.10494399815797806
vt 0.12214799970388412 0.5772160291671753
vt 0.11758500337600708 0.5567219853401184
vt 0.1265150010585785 0.5541489720344543
vt 0.13490599393844604 0.5701680183410645
vt 0.7286139726638794 0.16270899772644043
vt 0.7305960059165955 0.16275300085544586
vt 0.9587609767913818 0.2716430127620697
vt 0.9587609767913818 0.2805570065975189
vt 0.9549170136451721 0.28065499663352966
vt 0.9549170136451721 0.27174100279808044
vt 0.4223859906196594 0.4698069989681244
vt 0.42695000767707825 0.46999698877334595
vt 0.4244610071182251 0.48715999722480774
vt 0.41926100850105286 0.48695099353790283
vt 0.5090559720993042 0.5248169898986816
vt 0.5217090249061584 0.5357009768486023
vt 0.5217949748039246 0.5402200222015381
vt 0.5040820240974426 0.5248559713363647
vt 0.5537070035934448 0.7399910092353821
vt 0.5488550066947937 0.7360649704933167
vt 0.55274897813797 0.7183319926261902
vt 0.7334359884262085 0.03210800141096115
vt 0.7314450144767761 0.031436000019311905
vt 0.7316129803657532 0.014413000084459782
vt 0.7335950136184692 0.01445700041949749
vt 0.09689600020647049 0.592179000377655
vt 0.08924199640750885 0.5883679986000061
vt 0.08266600221395493 0.5748119950294495
vt 0.09669999778270721 0.5824360251426697
vt 0.44262298941612244 0.46616101264953613
vt 0.44080400466918945 0.46634000539779663
vt 0.44028300046920776 0.4495539963245392
vt 0.4421840012073517 0.4494880139827728
vt 0.979433000087738 0.5303279757499695
vt 0.979433000087738 0.5136460065841675
vt 0.9851130247116089 0.5127109885215759
vt 0.9832159876823425 0.5297489762306213
vt 0.9167159795761108 0.7331519722938538
vt 0.912093997001648 0.7286369800567627
vt 0.912837028503418 0.7203829884529114
vt 0.9148780107498169 0.7240809798240662
vt 0.6554449796676636 0.9426090121269226
vt 0.6522539854049683 0.9419609904289246
vt 0.6605240106582642 0.9038829803466797
vt 0.45274901390075684 0.39879900217056274
vt 0.45303401350975037 0.4158729910850525
vt 0.4516040086746216 0.41569000482559204
vt 0.8943169713020325 0.9220770001411438
vt 0.8974559903144836 0.9222040176391602
vt 0.8897979855537415 0.9667040109634399
vt 0.8847450017929077 0.9659339785575867
vt 0.5603359937667847 0.9861649870872498
vt 0.5605819821357727 0.9836099743843079
vt 0.5656229853630066 0.9846969842910767
vt 0.5659769773483276 0.9874690175056458
vt 0.885138988494873 0.43535101413726807
vt 0.885549008846283 0.42832499742507935
vt 0.8884369730949402 0.42832499742507935
vt 0.8869310021400452 0.4347119927406311
vt 0.8844670057296753 0.3510420024394989
vt 0.8845840096473694 0.36828699707984924
vt 0.8764330148696899 0.36828699707984924
vt 0.42072200775146484 0.5036479830741882
vt 0.41709598898887634 0.5201910138130188
vt 0.41507500410079956 0.5200780034065247
vt 0.8868939876556396 0.3510420024394989
vt 0.8870700001716614 0.36828699707984924
vt 0.7716460227966309 0.9272419810295105
vt 0.7736709713935852 0.9272419810295105
vt 0.7733200192451477 0.965565025806427
vt 0.7712950110435486 0.96492600440979
vt 0.5198619961738586 0.4823710024356842
vt 0.5206329822540283 0.505765974521637
vt 0.5083140134811401 0.5059149861335754
vt 0.5074599981307983 0.4773620069026947
vt 0.9466909766197205 0.10468299686908722
vt 0.9466919898986816 0.10610400140285492
vt 0.7736709713935852 0.7164610028266907
vt 0.7678509950637817 0.7320219874382019
vt 0.7651669979095459 0.7317219972610474
vt 0.7676709890365601 0.7158460021018982
vt 0.9222990274429321 0.03804200142621994
vt 0.922186017036438 0.029975000768899918
vt 0.9235569834709167 0.03126399964094162
vt 0.9236660003662109 0.03928700089454651
vt 0.4940490126609802 0.6981480121612549
vt 0.5055549740791321 0.698606014251709
vt 0.50484699010849 0.7164580225944519
vt 0.45197001099586487 0.4328770041465759
vt 0.44435200095176697 0.4322119951248169
vt 0.4439859986305237 0.415024995803833
vt 0.15461499989032745 0.06345400214195251
vt 0.15729700028896332 0.16755500435829163
vt 0.15602099895477295 0.1675579994916916
vt 0.15333899855613708 0.06345699727535248
vt 0.6611400246620178 0.01623000018298626
vt 0.6630719900131226 0.016860999166965485
vt 0.45253899693489075 0.38120898604393005
vt 0.551285982131958 0.9447630047798157
vt 0.5513569712638855 0.9525359869003296
vt 0.545183002948761 0.9513970017433167
vt 0.5451729893684387 0.9443209767341614
vt 0.9384099841117859 0.1123030036687851
vt 0.9349849820137024 0.11265400052070618
vt 0.9341179728507996 0.10791700333356857
vt 0.5522519946098328 0.5837519764900208
vt 0.7818989753723145 0.7603759765625
vt 0.7817580103874207 0.6709449887275696
vt 0.7836909890174866 0.6708980202674866
vt 0.7844719886779785 0.7603189945220947
vt 0.7397519946098328 0.6680480241775513
vt 0.729964017868042 0.6639379858970642
vt 0.730292022228241 0.6604089736938477
vt 0.740140974521637 0.6632639765739441
vt 0.9308599829673767 0.8130189776420593
vt 0.9307960271835327 0.8218510150909424
vt 0.927603006362915 0.8180279731750488
vt 0.9276670217514038 0.8091959953308105
vt 0.974386990070343 0.9872009754180908
vt 0.9616450071334839 0.9889410138130188
vt 0.960985004901886 0.9859520196914673
vt 0.9735900163650513 0.9836220145225525
vt 0.49830299615859985 0.9687700271606445
vt 0.5123680233955383 0.9688760042190552
vt 0.5123540163040161 0.9791430234909058
vt 0.49828800559043884 0.9790369868278503
vt 0.9709259867668152 0.6498559713363647
vt 0.9703099727630615 0.6234210133552551
vt 0.9733129739761353 0.6225579977035522
vt 0.9750829935073853 0.6486240029335022
vt 0.10945700109004974 0.586234986782074
vt 0.09663400053977966 0.5772749781608582
vt 0.1093909963965416 0.5804359912872314
vt 0.5668749809265137 0.9094229936599731
vt 0.5661510229110718 0.9203640222549438
vt 0.5616850256919861 0.9203529953956604
vt 0.562408983707428 0.9094129800796509
vt 0.553617000579834 0.4940029978752136
vt 0.5408949851989746 0.49396800994873047
vt 0.9463009834289551 0.19755099713802338
vt 0.9483850002288818 0.19755099713802338
vt 0.9478579759597778 0.24289900064468384
vt 0.9458919763565063 0.24225999414920807
vt 0.22967900335788727 0.4467709958553314
vt 0.2303680032491684 0.464029997587204
vt 0.22603100538253784 0.4639520049095154
vt 0.22534100711345673 0.4466930031776428
vt 0.42315900325775146 0.18316200375556946
vt 0.42454400658607483 0.18325600028038025
vt 0.43219199776649475 0.35592201352119446
vt 0.4308069944381714 0.3558279871940613
vt 0.5125679969787598 0.9054499864578247
vt 0.5125929713249207 0.9022600054740906
vt 0.4031499922275543 0.8545939922332764
vt 0.40187299251556396 0.8565030097961426
vt 0.4019080102443695 0.8479229807853699
vt 0.40318500995635986 0.8460140228271484
vt 0.19126899540424347 0.34229299426078796
vt 0.19704300165176392 0.34230899810791016
vt 0.1969120055437088 0.3658030033111572
vt 0.1930519938468933 0.3657830059528351
vt 0.753957986831665 0.09016499668359756
vt 0.7558540105819702 0.09018199890851974
vt 0.7556089758872986 0.1676730066537857
vt 0.7536939978599548 0.16894899308681488
vt 0.7369530200958252 0.39205700159072876
vt 0.7374280095100403 0.4093570113182068
vt 0.7241079807281494 0.40891098976135254
vt 0.7237139940261841 0.39172500371932983
vt 0.16136400401592255 0.9766079783439636
vt 0.156126007437706 0.9785590171813965
vt 0.1560550034046173 0.9730669856071472
vt 0.16377100348472595 0.972428023815155
vt 0.5654600262641907 0.46035298705101013
vt 0.5731509923934937 0.4603999853134155
vt 0.5735620260238647 0.4772289991378784
vt 0.565871000289917 0.477182000875473
vt 0.9538789987564087 0.07658299803733826
vt 0.9365289807319641 0.08066099882125854
vt 0.9326850175857544 0.07184500247240067
vt 0.9506739974021912 0.06776800006628036
vt 0.9328590035438538 0.844726026058197
vt 0.9328179955482483 0.8909220099449158
vt 0.9302570223808289 0.8909710049629211
vt 0.9302989840507507 0.8441380262374878
vt 0.9617909789085388 0.13760800659656525
vt 0.9622009992599487 0.14199300110340118
vt 0.9590920209884644 0.14443400502204895
vt 0.9585350155830383 0.13756899535655975
vt 0.8165159821510315 0.2248159945011139
vt 0.8186749815940857 0.3120400011539459
vt 0.8078569769859314 0.3106749951839447
vt 0.807129979133606 0.22361800074577332
vt 0.4753740131855011 0.7795469760894775
vt 0.477495014667511 0.7784929871559143
vt 0.4786370098590851 0.7810609936714172
vt 0.47592899203300476 0.7808160185813904
vt 0.6494489908218384 0.5271580219268799
vt 0.6492099761962891 0.5089070200920105
vt 0.6560789942741394 0.5090709924697876
vt 0.6562979817390442 0.527338981628418
vt 0.4483189880847931 0.5482320189476013
vt 0.44094499945640564 0.5479069948196411
vt 0.4410269856452942 0.5357099771499634
vt 0.447053998708725 0.5359650254249573
vt 0.8330029845237732 0.8707320094108582
vt 0.837427020072937 0.8542309999465942
vt 0.8406190276145935 0.8542429804801941
vt 0.10100100189447403 0.5567600131034851
vt 0.10929299890995026 0.5580180287361145
vt 0.4749020040035248 0.6277920007705688
vt 0.48344099521636963 0.628341019153595
vt 0.48152899742126465 0.6567950248718262
vt 0.7381139993667603 0.9253259897232056
vt 0.7419880032539368 0.9253259897232056
vt 0.7413520216941833 0.9297969937324524
vt 0.7374780178070068 0.9297969937324524
vt 0.6240079998970032 0.749364972114563
vt 0.6272550225257874 0.7501140236854553
vt 0.05529800057411194 0.9274550080299377
vt 0.0508509986102581 0.9272509813308716
vt 0.0508279986679554 0.918537974357605
vt 0.055275000631809235 0.9187430143356323
vt 0.8310359716415405 0.5780100226402283
vt 0.831089973449707 0.5728690028190613
vt 0.8421469926834106 0.568913996219635
vt 0.8420969843864441 0.5727779865264893
vt 0.6304410099983215 0.7320870161056519
vt 0.6291890144348145 0.731889009475708
vt 0.6216639876365662 0.6975820064544678
vt 0.6235420107841492 0.6978790163993835
vt 0.510977029800415 0.5823550224304199
vt 0.5146440267562866 0.5823479890823364
vt 0.4721919894218445 0.944329023361206
vt 0.4788359999656677 0.9439569711685181
vt 0.47884601354599 0.9510329961776733
vt 0.4722619950771332 0.9521009922027588
vt 0.9596539735794067 0.6478319764137268
vt 0.961542010307312 0.6478970050811768
vt 0.9570749998092651 0.69240802526474
vt 0.9551870226860046 0.6917070150375366
vt 0.10965300351381302 0.5953400135040283
vt 0.0552619993686676 0.8864880204200745
vt 0.05916700139641762 0.8857939839363098
vt 0.1423259973526001 0.9685630202293396
vt 0.14544899761676788 0.9688389897346497
vt 0.14544899761676788 0.9867630004882812
vt 0.1436000019311905 0.9865800142288208
vt 0.6704069972038269 0.4127900004386902
vt 0.6704739928245544 0.3949120044708252
vt 0.6820229887962341 0.39491400122642517
vt 0.6877020001411438 0.4128180146217346
vt 0.797523021697998 0.22301100194454193
vt 0.7988830208778381 0.3100390136241913
vt 0.7968180179595947 0.30990099906921387
vt 0.7954580187797546 0.2228730022907257
vt 0.8276699781417847 0.7175220251083374
vt 0.8562830090522766 0.68470299243927
vt 0.8607500195503235 0.6853579878807068
vt 0.8288990259170532 0.720753014087677
vt 0.39524298906326294 0.9463080167770386
vt 0.3901189863681793 0.9539350271224976
vt 0.38957199454307556 0.9331049919128418
vt 0.39528998732566833 0.9333720207214355
vt 0.5281389951705933 0.7994940280914307
vt 0.5276719927787781 0.8096349835395813
vt 0.9308639764785767 0.9805740118026733
vt 0.9330160021781921 0.9473130106925964
vt 0.9348689913749695 0.9470890164375305
vt 0.9334319829940796 0.9809839725494385
vt 0.023476000875234604 0.515084981918335
vt 0.01945200003683567 0.49833300709724426
vt 0.038766998797655106 0.4978860020637512
vt 0.04218599945306778 0.5146690011024475
vt 0.8307470083236694 0.8921149969100952
vt 0.8312249779701233 0.8820679783821106
vt 0.8339390158653259 0.8921269774436951
vt 0.2104710042476654 0.4992699921131134
vt 0.20778800547122955 0.4991619884967804
vt 0.2097020000219345 0.48256799578666687
vt 0.21238400042057037 0.4826759994029999
vt 0.5420560240745544 0.18862000107765198
vt 0.5534489750862122 0.18862499296665192
vt 0.552951991558075 0.23896099627017975
vt 0.9149100184440613 0.5207909941673279
vt 0.8999109864234924 0.5352590084075928
vt 0.9014120101928711 0.5185419917106628
vt 0.9132099747657776 0.5072339773178101
vt 0.5430110096931458 0.8396779894828796
vt 0.5444009900093079 0.8244569897651672
vt 0.5532490015029907 0.8233950138092041
vt 0.5518280267715454 0.8385859727859497
vt 0.7560679912567139 0.03698800131678581
vt 0.756085991859436 0.03441699966788292
vt 0.758620023727417 0.033796001225709915
vt 0.7586020231246948 0.03636699914932251
vt 0.8511729836463928 0.44582799077033997
vt 0.8509910106658936 0.443682998418808
vt 0.8547109961509705 0.4437279999256134
vt 0.4092389941215515 0.5198500156402588
vt 0.40959998965263367 0.531404972076416
vt 0.4037649929523468 0.5311769843101501
vt 0.175368994474411 0.7367100119590759
vt 0.16814899444580078 0.7340260148048401
vt 0.17302900552749634 0.7254300117492676
vt 0.17799100279808044 0.7267670035362244
vt 0.5269569754600525 0.6731979846954346
vt 0.5240849852561951 0.6820579767227173
vt 0.009542999789118767 0.48314398527145386
vt 0.008267000317573547 0.46591898798942566
vt 0.01132499985396862 0.4657970070838928
vt 0.01196299958974123 0.483024001121521
vt 0.1568550020456314 0.5639659762382507
vt 0.1483670026063919 0.5638139843940735
vt 0.16230100393295288 0.5445529818534851
vt 0.17471599578857422 0.5447829961776733
vt 0.5862230062484741 0.7013580203056335
vt 0.5839710235595703 0.6962530016899109
vt 0.8058329820632935 0.6272100210189819
vt 0.8265500068664551 0.6270400285720825
vt 0.2472279965877533 0.9804649949073792
vt 0.2444079965353012 0.9797499775886536
vt 0.24475699663162231 0.9776790142059326
vt 0.8346430063247681 0.854420006275177
vt 0.8482490181922913 0.8205490112304688
vt 0.8501650094985962 0.8205569982528687
vt 0.835919976234436 0.8544250130653381
vt 0.5823389887809753 0.9856929779052734
vt 0.5873799920082092 0.9846060276031494
vt 0.5874490141868591 0.9866729974746704
vt 0.6128690242767334 0.4436439871788025
vt 0.6118299961090088 0.4610289931297302
vt 0.6105009913444519 0.4609990119934082
vt 0.658689022064209 0.009128999896347523
vt 0.6585890054702759 0.01558000035583973
vt 0.7138440012931824 0.576807975769043
vt 0.7148460149765015 0.5642210245132446
vt 0.9804859757423401 0.5922660231590271
vt 0.9810619950294495 0.5900620222091675
vt 0.985450029373169 0.5893129706382751
vt 0.985480010509491 0.5913230180740356
vt 0.25626999139785767 0.7241899967193604
vt 0.2508060038089752 0.7246569991111755
vt 0.25082099437713623 0.7076960206031799
vt 0.25628501176834106 0.7072280049324036
vt 0.8187609910964966 0.7206469774246216
vt 0.8212770223617554 0.7206900119781494
vt 0.8243520259857178 0.746275007724762
vt 0.8211789727210999 0.7462459802627563
vt 0.5828840136528015 0.778652012348175
vt 0.5815399885177612 0.78118497133255
vt 0.5790470242500305 0.7804819941520691
vt 0.5810539722442627 0.7773360013961792
vt 0.8506860136985779 0.5655540227890015
vt 0.8506760001182556 0.5687469840049744
vt 0.36489200592041016 0.8418470025062561
vt 0.3643459975719452 0.8562989830970764
vt 0.3631129860877991 0.8549820184707642
vt 0.36365899443626404 0.8405299782752991
vt 0.539434015750885 0.4254539906978607
vt 0.5397250056266785 0.4428679943084717
vt 0.5320919752120972 0.44284701347351074
vt 0.5317999720573425 0.4254330098628998
vt 0.2503100037574768 0.9445649981498718
vt 0.23811300098896027 0.9491339921951294
vt 0.23791100084781647 0.9384869933128357
vt 0.261694997549057 0.929315984249115
vt 0.8749269843101501 0.3855319917201996
vt 0.8763160109519958 0.3855319917201996
vt 0.8759059906005859 0.40213799476623535
vt 0.874517023563385 0.40213799476623535
vt 0.5614230036735535 0.8162389993667603
vt 0.5617579817771912 0.8119249939918518
vt 0.012804999947547913 0.9378470182418823
vt 0.01088900025933981 0.93784499168396
vt 0.5970979928970337 0.6321799755096436
vt 0.5970979928970337 0.6607049703598022
vt 0.2329230010509491 0.9492350220680237
vt 0.22562499344348907 0.9418789744377136
vt 0.7589799761772156 0.7317990064620972
vt 0.7406010031700134 0.7299389839172363
vt 0.7423949837684631 0.7173029780387878
vt 0.7615569829940796 0.7160410284996033
vt 0.4902240037918091 0.7769669890403748
vt 0.4865509867668152 0.7763059735298157
vt 0.4847649931907654 0.7730469703674316
vt 0.4885390102863312 0.7711570262908936
vt 0.4507569968700409 0.8575950264930725
vt 0.44158700108528137 0.8604570031166077
vt 0.9679149985313416 0.10804399847984314
vt 0.9651359915733337 0.11196000128984451
vt 0.9620440006256104 0.11120200157165527
vt 0.9649710059165955 0.10661499947309494
vt 0.5078129768371582 0.7382779717445374
vt 0.48225298523902893 0.737267017364502
vt 0.09334799647331238 0.0193719994276762
vt 0.11056999862194061 0.01741800084710121
vt 0.11050499975681305 0.02501799911260605
vt 0.09328199923038483 0.027608999982476234
vt 0.5363050103187561 0.8156459927558899
vt 0.5273810029029846 0.8153129816055298
vt 0.5365960001945496 0.8099679946899414
vt 0.1280220001935959 0.013112000189721584
vt 0.1280220001935959 0.01119800005108118
vt 0.14460699260234833 0.014987999573349953
vt 0.14460699260234833 0.016901999711990356
vt 0.4814319908618927 0.8537290096282959
vt 0.48942801356315613 0.8543429970741272
vt 0.48720601201057434 0.8798580169677734
vt 0.47938698530197144 0.8747810125350952
vt 0.649167001247406 0.4128440022468567
vt 0.6492329835891724 0.3949669897556305
vt 0.6561409831047058 0.3950980007648468
vt 0.6560549736022949 0.412992000579834
vt 0.4119679927825928 0.7983540296554565
vt 0.4044269919395447 0.8106610178947449
vt 0.40430399775505066 0.7919809818267822
vt 0.7408919930458069 0.9182999730110168
vt 0.7467989921569824 0.8901969790458679
vt 0.7500960230827332 0.8914740085601807
vt 0.74413001537323 0.9195780158042908
vt 0.07732000201940536 0.009050000458955765
vt 0.0939050018787384 0.0051830001175403595
vt 0.159278005361557 0.022610999643802643
vt 0.159278005361557 0.02069699950516224
vt 0.1650180071592331 0.0251499991863966
vt 0.1650180071592331 0.026426000520586967
vt 0.37196600437164307 0.644897997379303
vt 0.37284600734710693 0.6791679859161377
vt 0.36406800150871277 0.6804059743881226
vt 0.3676129877567291 0.6455410122871399
vt 0.9875050187110901 0.18800100684165955
vt 0.990772008895874 0.1877020001411438
vt 0.9900919795036316 0.18969500064849854
vt 0.9868429899215698 0.19005000591278076
vt 0.5606309771537781 0.9815980195999146
vt 0.565671980381012 0.9826850295066833
vt 0.1852640062570572 0.7321580052375793
vt 0.17482399940490723 0.7236170172691345
vt 0.1765809953212738 0.7118690013885498
vt 0.18746300041675568 0.7181500196456909
vt 0.7272120118141174 0.47855499386787415
vt 0.7165970206260681 0.4902530014514923
vt 0.7157099843025208 0.47792699933052063
vt 0.22540199756622314 0.9235780239105225
vt 0.23772500455379486 0.9233419895172119
vt 0.7789139747619629 0.45663198828697205
vt 0.7864800095558167 0.4567190110683441
vt 0.7865800261497498 0.47323599457740784
vt 0.7790340185165405 0.47313201427459717
vt 0.7396489977836609 0.39219099283218384
vt 0.7387760281562805 0.4094240069389343
vt 0.7227270007133484 0.3133170008659363
vt 0.7233930230140686 0.3740229904651642
vt 0.7122179865837097 0.37384799122810364
vt 0.7115520238876343 0.3131429851055145
vt 0.5316810011863708 0.4080969989299774
vt 0.518671989440918 0.4255020022392273
vt 0.5185530185699463 0.40816599130630493
vt 0.25055500864982605 0.9500439763069153
vt 0.2382960021495819 0.9527649879455566
vt 0.17640799283981323 0.9009280204772949
vt 0.17901800572872162 0.8894309997558594
vt 0.18156200647354126 0.8900700211524963
vt 0.17831599712371826 0.9015669822692871
vt 0.670320987701416 0.49750998616218567
vt 0.670287013053894 0.48099198937416077
vt 0.6914309859275818 0.481020987033844
vt 0.6876540184020996 0.49750399589538574
vt 0.7408919930458069 0.9412940144538879
vt 0.74413001537323 0.940015971660614
vt 0.7500960230827332 0.9681199789047241
vt 0.7467989921569824 0.9693970084190369
vt 0.2295919954776764 0.4116530120372772
vt 0.22898900508880615 0.42951199412345886
vt 0.22528700530529022 0.4294529855251312
vt 0.22589099407196045 0.4115940034389496
vt 0.9027349948883057 0.4905169904232025
vt 0.9084519743919373 0.48508599400520325
vt 0.6003310084342957 0.47761601209640503
vt 0.6137999892234802 0.4779930114746094
vt 0.6126880049705505 0.5065150260925293
vt 0.6011850237846375 0.5061690211296082
vt 0.6008279919624329 0.09503799676895142
vt 0.6077060103416443 0.09529200196266174
vt 0.6226770281791687 0.24019800126552582
vt 0.6130250096321106 0.23983199894428253
vt 0.9864910244941711 0.8696770071983337
vt 0.9903219938278198 0.8696770071983337
vt 0.959214985370636 0.9441459774971008
vt 0.9722189903259277 0.940447986125946
vt 0.7497069835662842 0.6341609954833984
vt 0.7385889887809753 0.6427940130233765
vt 0.7355380058288574 0.6270099878311157
vt 0.7463120222091675 0.6239070296287537
vt 0.7680119872093201 0.42218101024627686
vt 0.7787700295448303 0.4222699999809265
vt 0.7788329720497131 0.4394589960575104
vt 0.768094003200531 0.4393540024757385
vt 0.8672999739646912 0.9793969988822937
vt 0.863647997379303 0.979233980178833
vt 0.8641600012779236 0.976157009601593
vt 0.8672999739646912 0.9774960279464722
vt 0.49831199645996094 0.9591420292854309
vt 0.5521559715270996 0.42548900842666626
vt 0.5393149852752686 0.40811800956726074
vt 0.4880180060863495 0.9789230227470398
vt 0.03014799952507019 0.8332110047340393
vt 0.030393000692129135 0.8924949765205383
vt 0.02309899963438511 0.8923149704933167
vt 0.022935999557375908 0.8331440091133118
vt 0.6425089836120605 0.6305519938468933
vt 0.6424620151519775 0.6411430239677429
vt 0.6418240070343018 0.6411430239677429
vt 0.6418700218200684 0.6305519938468933
vt 0.5263500213623047 0.933571994304657
vt 0.5263630151748657 0.944504976272583
vt 0.5123950242996216 0.9444860219955444
vt 0.5123819708824158 0.9335529804229736
vt 0.7657480239868164 0.17157499492168427
vt 0.7650709748268127 0.17033100128173828
vt 0.7669659852981567 0.16779500246047974
vt 0.7676429748535156 0.16903899610042572
vt 0.774042010307312 0.15242399275302887
vt 0.7765089869499207 0.013995000161230564
vt 0.7784050107002258 0.014012999832630157
vt 0.7759379744529724 0.15244199335575104
vt 0.6303589940071106 0.9818570017814636
vt 0.6354320049285889 0.9829220175743103
vt 0.6354600191116333 0.984961986541748
vt 0.630387008190155 0.9838979840278625
vt 0.854548990726471 0.380962997674942
vt 0.8540019989013672 0.3012219965457916
vt 0.8565449714660645 0.30150601267814636
vt 0.8570110201835632 0.3806129992008209
vt 0.553945004940033 0.5056740045547485
vt 0.555122971534729 0.5465360283851624
vt 0.5424749851226807 0.5439749956130981
vt 0.5412229895591736 0.5056390166282654
vt 0.5177559852600098 0.5909950137138367
vt 0.6307650208473206 0.7489070296287537
vt 0.6326429843902588 0.7492039799690247
vt 0.44047001004219055 0.15308399498462677
vt 0.4386509954929352 0.15326300263404846
vt 0.4390070140361786 0.029608000069856644
vt 0.44081899523735046 0.028800999745726585
vt 0.012827999889850616 0.9121770262718201
vt 0.010912000201642513 0.9121749997138977
vt 0.01088900025933981 0.9034630060195923
vt 0.012804999947547913 0.9034640192985535
vt 0.9123020172119141 0.9511169791221619
vt 0.914201021194458 0.9919840097427368
vt 0.9097620248794556 0.9929749965667725
vt 0.9097620248794556 0.9517009854316711
vt 0.6618289947509766 0.4976379871368408
vt 0.6618149876594543 0.4811039865016937
vt 0.6644449830055237 0.4810490012168884
vt 0.6644409894943237 0.4975999891757965
vt 0.8825780153274536 0.28535300493240356
vt 0.8801869750022888 0.2844400107860565
vt 0.8805570006370544 0.2692109942436218
vt 0.8836600184440613 0.2695690095424652
vt 0.5092229843139648 0.818323016166687
vt 0.5181540250778198 0.8193230032920837
vt 0.9100220203399658 0.6685389876365662
vt 0.9039480090141296 0.6486449837684631
vt 0.91730797290802 0.6521790027618408
vt 0.9189119935035706 0.670881986618042
vt 0.4418179988861084 0.43230000138282776
vt 0.4414519965648651 0.41511300206184387
vt 0.015790000557899475 0.34774500131607056
vt 0.023445000872015953 0.3477270007133484
vt 0.022789999842643738 0.39118099212646484
vt 0.015135000459849834 0.391198992729187
vt 0.7354210019111633 0.22661300003528595
vt 0.7358850240707397 0.31353598833084106
vt 0.7222639918327332 0.22639399766921997
vt 0.14493399858474731 0.008894000202417374
vt 0.12834900617599487 0.005104000214487314
vt 0.44781801104545593 0.51487797498703
vt 0.4452030062675476 0.514851987361908
vt 0.443928986787796 0.4951609969139099
vt 0.44654399156570435 0.4951860010623932
vt 0.7371950149536133 0.8056449890136719
vt 0.7326769828796387 0.8304290175437927
vt 0.7285270094871521 0.8226699829101562
vt 0.7326850295066833 0.8054159879684448
vt 0.9126669764518738 0.12657399475574493
vt 0.9107630252838135 0.12647199630737305
vt 0.9107630252838135 0.11437399685382843
vt 0.9126669764518738 0.11256600171327591
vt 0.6586139798164368 0.5091000199317932
vt 0.6585410237312317 0.49770599603652954
vt 0.6604570150375366 0.4977149963378906
vt 0.6605290174484253 0.5091080069541931
vt 0.8615999817848206 0.5770059823989868
vt 0.8628270030021667 0.5808749794960022
vt 0.14385299384593964 0.03921400010585785
vt 0.14378799498081207 0.04170899838209152
vt 0.12720300257205963 0.035367000848054886
vt 0.1272680014371872 0.032871998846530914
vt 0.6703429818153381 0.4300290048122406
vt 0.6921060085296631 0.4300769865512848
vt 0.8194530010223389 0.6970419883728027
vt 0.8226640224456787 0.6970379948616028
vt 0.8264170289039612 0.7098559737205505
vt 0.8244500160217285 0.7207189798355103
vt 0.6559649705886841 0.44743698835372925
vt 0.6559900045394897 0.4302310049533844
vt 0.6585440039634705 0.43024298548698425
vt 0.6585180163383484 0.4474479854106903
vt 0.49201199412345886 0.6289190053939819
vt 0.4887610077857971 0.6572660207748413
vt 0.7620729804039001 0.7317609786987305
vt 0.7537559866905212 0.749701976776123
vt 0.7507359981536865 0.7498589754104614
vt 0.9307630062103271 0.06170700117945671
vt 0.9487519860267639 0.05826599895954132
vt 0.5761520266532898 0.6320589780807495
vt 0.5735710263252258 0.6604589819908142
vt 0.5710840225219727 0.6318989992141724
vt 0.05087500065565109 0.7327380180358887
vt 0.058605000376701355 0.7439180016517639
vt 0.05562400072813034 0.7553319931030273
vt 0.040571000427007675 0.7390940189361572
vt 0.024733999744057655 0.46410098671913147
vt 0.02026900090277195 0.44688400626182556
vt 0.02453799918293953 0.4467020034790039
vt 0.028429999947547913 0.46397799253463745
vt 0.404462993144989 0.8180000185966492
vt 0.20521999895572662 0.39076098799705505
vt 0.20482699573040009 0.4121110141277313
vt 0.1935569941997528 0.42963001132011414
vt 0.1975650042295456 0.3907780051231384
vt 0.5044699907302856 0.5747150182723999
vt 0.5084530115127563 0.575007975101471
vt 0.49988800287246704 0.581712007522583
vt 0.4959059953689575 0.5814189910888672
vt 0.4030260145664215 0.9520630240440369
vt 0.40174901485443115 0.943789005279541
vt 0.4086909890174866 0.9439870119094849
vt 0.40996700525283813 0.9522609710693359
vt 0.8523439764976501 0.8031420111656189
vt 0.855567991733551 0.7929390072822571
vt 0.8574690222740173 0.7974159717559814
vt 0.8561750054359436 0.8031569719314575
vt 0.7478669881820679 0.6822839975357056
vt 0.21097800135612488 0.4308820068836212
vt 0.4155220091342926 0.5034390091896057
vt 0.6491219997406006 0.4300670027732849
vt 0.4458400011062622 0.4830850064754486
vt 0.44330599904060364 0.4831730127334595
vt 0.445156991481781 0.46607300639152527
vt 0.012839999981224537 0.9203529953956604
vt 0.012827999889850616 0.9287310242652893
vt 0.010912000201642513 0.9287300109863281
vt 0.010924000293016434 0.9203519821166992
vt 0.22528700530529022 0.9032319784164429
vt 0.23761099576950073 0.9029960036277771
vt 0.9654380083084106 0.4294080138206482
vt 0.9703840017318726 0.43060699105262756
vt 0.9745849967002869 0.45583200454711914
vt 0.9695370197296143 0.4552919864654541
vt 0.5465790033340454 0.898186981678009
vt 0.5465490221977234 0.902014970779419
vt 0.033011000603437424 0.7088180184364319
vt 0.04511599987745285 0.721455991268158
vt 0.03140300139784813 0.7256450057029724
vt 0.02610200084745884 0.7125099897384644
vt 0.8444110155105591 0.8542910218238831
vt 0.8476409912109375 0.8542699813842773
vt 0.8425790071487427 0.8707680106163025
vt 0.9880489706993103 0.591159999370575
vt 0.08650200068950653 0.9697099924087524
vt 0.0939909964799881 0.9660540223121643
vt 0.10221700370311737 0.9698560237884521
vt 0.09583800286054611 0.9772350192070007
vt 0.8752719759941101 0.15267400443553925
vt 0.879718005657196 0.15255600214004517
vt 0.8819850087165833 0.1626410037279129
vt 0.8775389790534973 0.16275900602340698
vt 0.32218700647354126 0.5977820158004761
vt 0.30512699484825134 0.5940759778022766
vt 0.49776598811149597 0.8446969985961914
vt 0.5068230032920837 0.8458170294761658
vt 0.506380021572113 0.8553209900856018
vt 0.4972989857196808 0.8548380136489868
vt 0.9340540170669556 0.7487130165100098
vt 0.9308599829673767 0.7518939971923828
vt 0.9307960271835327 0.7441710233688354
vt 0.9339889883995056 0.7409899830818176
vt 0.1752540022134781 0.4631800055503845
vt 0.17206400632858276 0.46318700909614563
vt 0.16915200650691986 0.44565099477767944
vt 0.17489300668239594 0.4456369876861572
vt 0.7032039761543274 0.5740020275115967
vt 0.7030280232429504 0.5628740191459656
vt 0.7371749877929688 0.983210027217865
vt 0.7397149801254272 0.9861279726028442
vt 0.7369629740715027 0.9877489805221558
vt 0.163674995303154 0.7421709895133972
vt 0.17090199887752533 0.7466620206832886
vt 0.16462500393390656 0.7548140287399292
vt 0.15874500572681427 0.7489640116691589
vt 0.9463940262794495 0.5938220024108887
vt 0.9425910115242004 0.5938220024108887
vt 0.9422839879989624 0.5862169861793518
vt 0.9460870027542114 0.5862169861793518
vt 0.5304129719734192 0.7652649879455566
vt 0.5306280255317688 0.7614989876747131
vt 0.5351219773292542 0.7616959810256958
vt 0.03454500064253807 0.9814509749412537
vt 0.027888000011444092 0.9796779751777649
vt 0.029732000082731247 0.975475013256073
vt 0.03440700098872185 0.9764750003814697
vt 0.8513550162315369 0.49357399344444275
vt 0.8591709733009338 0.4864639937877655
vt 0.8590760231018066 0.49864500761032104
vt 0.8538500070571899 0.5063700079917908
vt 0.46075499057769775 0.5594080090522766
vt 0.45273101329803467 0.5581759810447693
vt 0.4515030086040497 0.5490509867668152
vt 0.45936501026153564 0.550055980682373
vt 0.7569249868392944 0.7497820258140564
vt 0.5740290284156799 0.49408501386642456
vt 0.5872889757156372 0.48255500197410583
vt 0.5880609750747681 0.5059499740600586
vt 0.5744150280952454 0.5057820081710815
vt 0.8546739816665649 0.8262699842453003
vt 0.8612819910049438 0.803176999092102
vt 0.8645129799842834 0.8031560182571411
vt 0.8572850227355957 0.826229989528656
vt 0.7129319906234741 0.4087370038032532
vt 0.7125380039215088 0.3915500044822693
vt 0.8408010005950928 0.8821039795875549
vt 0.7559790015220642 0.5365139842033386
vt 0.7559810280799866 0.5488319993019104
vt 0.749002993106842 0.5546150207519531
vt 0.7490119934082031 0.5435709953308105
vt 0.6586080193519592 0.4130040109157562
vt 0.8929880261421204 0.979902982711792
vt 0.8920029997825623 0.9783599972724915
vt 0.8955209851264954 0.9771509766578674
vt 0.5199549794197083 0.770592987537384
vt 0.5173869729042053 0.7718030214309692
vt 0.5161430239677429 0.7717850208282471
vt 0.5189399719238281 0.7681440114974976
vt 0.8633000254631042 0.9864389896392822
vt 0.861066997051239 0.9878950119018555
vt 0.8587870001792908 0.9838799834251404
vt 0.8609039783477783 0.9831349849700928
vt 0.6295679807662964 0.4094899892807007
vt 0.6126310229301453 0.40897300839424133
vt 0.810958981513977 0.6087470054626465
vt 0.8278449773788452 0.6085619926452637
vt 0.16958199441432953 0.11391700059175491
vt 0.16830599308013916 0.11455799639225006
vt 0.16428199410438538 0.10035700350999832
vt 0.16619600355625153 0.10035300254821777
vt 0.03752399981021881 0.8335040211677551
vt 0.03763600066304207 0.781470000743866
vt 0.4778609871864319 0.6973140239715576
vt 0.4759419858455658 0.7151790261268616
vt 0.7683339715003967 0.47299399971961975
vt 0.779229998588562 0.48956599831581116
vt 0.7685490250587463 0.48941099643707275
vt 0.5370630025863647 0.799826979637146
vt 0.529105007648468 0.7792410254478455
vt 0.5380290150642395 0.7795739769935608
vt 0.6065689921379089 0.8078830242156982
vt 0.6091129779815674 0.8046900033950806
vt 0.6145520210266113 0.8097990155220032
vt 0.6126440167427063 0.8155480027198792
vt 0.5433629751205444 0.7441030144691467
vt 0.5397030115127563 0.7414699792861938
vt 0.9144729971885681 0.15655599534511566
vt 0.9175770282745361 0.1572989970445633
vt 0.9080060124397278 0.20129099488258362
vt 0.9049019813537598 0.20118500292301178
vt 0.6295819878578186 0.7843679785728455
vt 0.6264520287513733 0.7838720083236694
vt 0.6301720142364502 0.7744309902191162
vt 0.2510150074958801 0.7589250206947327
vt 0.22661900520324707 0.7599220275878906
vt 0.2270289957523346 0.7426030039787292
vt 0.250789999961853 0.7416189908981323
vt 0.9549689888954163 0.13891999423503876
vt 0.9555010199546814 0.11121899634599686
vt 0.9589200019836426 0.11053899675607681
vt 0.034285999834537506 0.6743800044059753
vt 0.027816999703645706 0.6709669828414917
vt 0.033351998776197433 0.6618630290031433
vt 0.03889700025320053 0.6663550138473511
vt 0.37438300251960754 0.702551007270813
vt 0.37568399310112 0.7280120253562927
vt 0.3631129860877991 0.7297599911689758
vt 0.3631129860877991 0.7041530013084412
vt 0.18979300558567047 0.41071099042892456
vt 0.1851319968700409 0.41054901480674744
vt 0.18164800107479095 0.388604998588562
vt 0.1849679946899414 0.38871198892593384
vt 0.15904800593852997 0.029430000111460686
vt 0.1443769931793213 0.0237210001796484
vt 0.4535819888114929 0.009012999944388866
vt 0.4534060060977936 0.014326999895274639
vt 0.4519760012626648 0.01414399966597557
vt 0.45222601294517517 0.008315999992191792
vt 0.4412490129470825 0.3981519937515259
vt 0.554947018623352 0.6144940257072449
vt 0.5545740127563477 0.6313400268554688
vt 0.6423860192298889 0.6532589793205261
vt 0.641746997833252 0.6532589793205261
vt 0.8751019835472107 0.36828699707984924
vt 0.5185530185699463 0.3902449905872345
vt 0.5063480138778687 0.3904469907283783
vt 0.5641989707946777 0.6032320261001587
vt 0.5683330297470093 0.6149939894676208
vt 0.5552120208740234 0.6028389930725098
vt 0.7381139993667603 0.9432100057601929
vt 0.7440209984779358 0.9706739783287048
vt 0.6019279956817627 0.5250710248947144
vt 0.589136004447937 0.5358849763870239
vt 0.8744440078735352 0.3018609881401062
vt 0.8826540112495422 0.3012219965457916
vt 0.883063018321991 0.30824801325798035
vt 0.8748530149459839 0.30824801325798035
vt 0.6703550219535828 0.5089359879493713
vt 0.6845340132713318 0.508882999420166
vt 0.07601000368595123 0.0634159967303276
vt 0.09252899885177612 0.06332100182771683
vt 0.09229999780654907 0.11225099861621857
vt 0.07574799656867981 0.1123180016875267
vt 0.42855098843574524 0.9090510010719299
vt 0.431102991104126 0.9141589999198914
vt 0.431102991104126 0.9332960247993469
vt 0.42855098843574524 0.9332900047302246
vt 0.5711920261383057 0.9713870286941528
vt 0.566087007522583 0.9713760018348694
vt 0.11030799895524979 0.6207969784736633
vt 0.09882699698209763 0.618270993232727
vt 0.4929159879684448 0.8093559741973877
vt 0.4925999939441681 0.8036839962005615
vt 0.500881016254425 0.8066340088844299
vt 0.5005900263786316 0.8123120069503784
vt 0.05661400035023689 0.2729969918727875
vt 0.04433000087738037 0.30797600746154785
vt 0.04066700115799904 0.3081279993057251
vt 0.049024999141693115 0.2775390148162842
vt 0.05891900137066841 0.21096299588680267
vt 0.05129700154066086 0.21100899577140808
vt 0.06161699816584587 0.16777600347995758
vt 0.06289199739694595 0.16777299344539642
vt 0.7944179773330688 0.422666996717453
vt 0.7950469851493835 0.40531399846076965
vt 0.7610219717025757 0.4892910122871399
vt 0.050905000418424606 0.8294879794120789
vt 0.06931900233030319 0.8266680240631104
vt 0.9715759754180908 0.5450850129127502
vt 0.9772089719772339 0.5406469702720642
vt 0.9778090119361877 0.5783349871635437
vt 0.9720849990844727 0.5783020257949829
vt 0.7248389720916748 0.1647309958934784
vt 0.7228230237960815 0.16217400133609772
vt 0.7232760190963745 0.1606689989566803
vt 0.7252920269966125 0.16322599351406097
vt 0.8844670057296753 0.3855319917201996
vt 0.8840579986572266 0.40213799476623535
vt 0.9877060055732727 0.20398999750614166
vt 0.9877060055732727 0.20197799801826477
vt 0.990772008895874 0.20288099348545074
vt 0.990772008895874 0.20489299297332764
vt 0.554423987865448 0.8086320161819458
vt 0.5627170205116272 0.8063009977340698
vt 0.7553099989891052 0.3869909942150116
vt 0.7679449915885925 0.3871139883995056
vt 0.767969012260437 0.4049749970436096
vt 0.7553349733352661 0.4048529863357544
vt 0.9308840036392212 0.8089969754219055
vt 0.9276670217514038 0.8066499829292297
vt 0.934095025062561 0.806302011013031
vt 0.47849300503730774 0.6110950112342834
vt 0.486395001411438 0.6116200089454651
vt 0.4854620099067688 0.80867600440979
vt 0.4838399887084961 0.8029260039329529
vt 0.49258100986480713 0.8136699795722961
vt 0.5176420211791992 0.8247920274734497
vt 0.5270779728889465 0.8196560144424438
vt 0.5265979766845703 0.8251550197601318
vt 0.6646040081977844 0.4128139913082123
vt 0.6646900177001953 0.3949199914932251
vt 0.56495600938797 0.18868300318717957
vt 0.5812820196151733 0.7013170123100281
vt 0.5819129943847656 0.719277024269104
vt 0.5781580209732056 0.7012580037117004
vt 0.44105198979377747 0.014919999986886978
vt 0.4392400085926056 0.015727000311017036
vt 0.4394899904727936 0.009898999705910683
vt 0.44130200147628784 0.009091000072658062
vt 0.5661510229110718 0.9446020126342773
vt 0.5350350141525269 0.569212019443512
vt 0.543271005153656 0.5707970261573792
vt 0.552200973033905 0.5784119963645935
vt 0.5349910259246826 0.5777699947357178
vt 0.47320398688316345 0.610725998878479
vt 0.4696129858493805 0.6274229884147644
vt 0.8083360195159912 0.6062489748001099
vt 0.821245014667511 0.5978990197181702
vt 0.8219289779663086 0.6016830205917358
vt 0.12779200077056885 0.019293000921607018
vt 0.12772700190544128 0.027529999613761902
vt 0.635308027267456 0.9896469712257385
vt 0.637969970703125 0.9898880124092102
vt 0.6379520297050476 0.991907000541687
vt 0.1420300006866455 0.8082299828529358
vt 0.14810499548912048 0.8295180201530457
vt 0.1383800059556961 0.8265320062637329
vt 0.1353120058774948 0.814860999584198
vt 0.7034029960632324 0.7681900262832642
vt 0.7051630020141602 0.7629280090332031
vt 0.8740490078926086 0.3197450041770935
vt 0.8735229969024658 0.30824801325798035
vt 0.8753799796104431 0.3197450041770935
vt 0.934781014919281 0.8446769714355469
vt 0.9347460269927979 0.8908230066299438
vt 0.02777400054037571 0.9734669923782349
vt 0.025723999366164207 0.9769520163536072
vt 0.8070269823074341 0.3712329864501953
vt 0.8001999855041504 0.3708469867706299
vt 0.38453900814056396 0.5795149803161621
vt 0.388467013835907 0.5796849727630615
vt 0.3753789961338043 0.586899995803833
vt 0.36562299728393555 0.8563429713249207
vt 0.3658890128135681 0.8657259941101074
vt 0.36461201310157776 0.865680992603302
vt 0.7309420108795166 0.9828240275382996
vt 0.8642759919166565 0.9817839860916138
vt 0.8672999739646912 0.9806650280952454
vt 0.4386509954929352 0.9102320075035095
vt 0.4469119906425476 0.9102320075035095
vt 0.4776360094547272 0.9048269987106323
vt 0.46958300471305847 0.9012200236320496
vt 0.6192960143089294 0.8270450234413147
vt 0.6205679774284363 0.8232120275497437
vt 0.5841140151023865 0.7409530282020569
vt 0.5791850090026855 0.7662230134010315
vt 0.2520120143890381 0.8043879866600037
vt 0.23862899839878082 0.8054929971694946
vt 0.23499199748039246 0.7935680150985718
vt 0.2517029941082001 0.7926220297813416
vt 0.49094700813293457 0.7979050278663635
vt 0.48572099208831787 0.7975950241088867
vt 0.479746013879776 0.7625120282173157
vt 0.4849720001220703 0.7628219723701477
vt 0.8064159750938416 0.6017900109291077
vt 0.8212400078773499 0.5934460163116455
vt 0.03629999980330467 0.30822399258613586
vt 0.03052699938416481 0.3426640033721924
vt 0.02481899969279766 0.34270599484443665
vt 0.03250600025057793 0.3082610070705414
vt 0.5247719883918762 0.8472399711608887
vt 0.5158159732818604 0.8468769788742065
vt 0.5163090229034424 0.8394060134887695
vt 0.5252389907836914 0.8404060006141663
vt 0.15785300731658936 0.5827829837799072
vt 0.14856299757957458 0.574832022190094
vt 0.16228599846363068 0.5750880241394043
vt 0.4505079984664917 0.5642579793930054
vt 0.44899699091911316 0.5639619827270508
vt 0.4487510025501251 0.5571529865264893
vt 0.4501799941062927 0.5573350191116333
vt 0.7287330031394958 0.5406150221824646
vt 0.7318289875984192 0.5517420172691345
vt 0.7242879867553711 0.5564150214195251
vt 0.722458004951477 0.5452420115470886
vt 0.4879710078239441 0.9512559771537781
vt 0.4983069896697998 0.9514269828796387
vt 0.6207889914512634 0.46136799454689026
vt 0.6310780048370361 0.4617359936237335
vt 0.4101879894733429 0.7602059841156006
vt 0.40569499135017395 0.7596229910850525
vt 0.40255099534988403 0.7249410152435303
vt 0.41147899627685547 0.7260419726371765
vt 0.5663380026817322 0.494037002325058
vt 0.7471939921379089 0.9195780158042908
vt 0.7456870079040527 0.9253259897232056
vt 0.08387699723243713 0.5702850222587585
vt 0.07239499688148499 0.5601029992103577
vt 0.08250299841165543 0.5497840046882629
vt 0.09207099676132202 0.5542290210723877
vt 0.48236000537872314 0.7837539911270142
vt 0.4790779948234558 0.7835450172424316
vt 0.4806689918041229 0.7805839776992798
vt 0.6565920114517212 0.5461789965629578
vt 0.6562600135803223 0.5273720026016235
vt 0.6587939858436584 0.527400016784668
vt 0.6591070294380188 0.546222984790802
vt 0.9455509781837463 0.3795340061187744
vt 0.9327329993247986 0.38850000500679016
vt 0.9210749864578247 0.38484200835227966
vt 0.9326180219650269 0.37587299942970276
vt 0.23232999444007874 0.48132801055908203
vt 0.22735700011253357 0.4812310039997101
vt 0.04459099844098091 0.5450829863548279
vt 0.027434000745415688 0.5266759991645813
vt 0.04674899950623512 0.526229977607727
vt 0.05641600117087364 0.5447970032691956
vt 0.987725019454956 0.18664799630641937
vt 0.9907900094985962 0.1857450008392334
vt 0.8802279829978943 0.05765200033783913
vt 0.8802679777145386 0.005096000153571367
vt 0.8821619749069214 0.004468999803066254
vt 0.8821250200271606 0.05766399949789047
vt 0.47394800186157227 0.4094569981098175
vt 0.474588006734848 0.42674198746681213
vt 0.4696139991283417 0.4267809987068176
vt 0.4683380126953125 0.409494012594223
vt 0.5579919815063477 0.9813809990882874
vt 0.5580610036849976 0.9793149828910828
vt 0.560699999332428 0.97953200340271
vt 0.7368699908256531 0.9778299927711487
vt 0.7400469779968262 0.9805639982223511
vt 0.7389879822731018 0.9812819957733154
vt 0.8868939876556396 0.3855319917201996
vt 0.8640170097351074 0.35723501443862915
vt 0.866595983505249 0.3575809895992279
vt 0.8661289811134338 0.43661800026893616
vt 0.8634700179100037 0.43690600991249084
vt 0.4132409989833832 0.702709972858429
vt 0.40174901485443115 0.7012799978256226
vt 0.40174901485443115 0.6757280230522156
vt 0.41447898745536804 0.6772739887237549
vt 0.9675210118293762 0.3171899914741516
vt 0.9675210118293762 0.3401840031147003
vt 0.5141519904136658 0.6129720211029053
vt 0.5007659792900085 0.6124719977378845
vt 0.5896160006523132 0.1755319982767105
vt 0.5859190225601196 0.17493599653244019
vt 0.5919020175933838 0.16162900626659393
vt 0.5957189798355103 0.161639004945755
vt 0.16727299988269806 0.5259230136871338
vt 0.16280800104141235 0.525933027267456
vt 0.16972699761390686 0.5143460035324097
vt 0.1722780019044876 0.5143399834632874
vt 0.08278399705886841 0.9430950284004211
vt 0.08813799917697906 0.9404810070991516
vt 0.060534000396728516 0.9029170274734497
vt 0.07407200336456299 0.8832060098648071
vt 0.06964000314474106 0.9013029932975769
vt 0.8508939743041992 0.47940900921821594
vt 0.8593320250511169 0.4716790020465851
vt 0.8607869744300842 0.9756060242652893
vt 0.8630679845809937 0.972648024559021
vt 0.5632460117340088 0.584306001663208
vt 0.5644140243530273 0.5928509831428528
vt 0.4586620032787323 0.9132729768753052
vt 0.4541909992694855 0.9133319854736328
vt 0.45413100719451904 0.9103000164031982
vt 0.45923998951911926 0.9102320075035095
vt 0.8059170246124268 0.08386199921369553
vt 0.7963929772377014 0.0833669975399971
vt 0.9094610214233398 0.6861270070075989
vt 0.915215015411377 0.6876639723777771
vt 0.710873007774353 0.1458040028810501
vt 0.7030280232429504 0.14574000239372253
vt 0.7035430073738098 0.013341999612748623
vt 0.7113890051841736 0.013404999859631062
vt 0.9000459909439087 0.6475679874420166
vt 0.9061689972877502 0.6675009727478027
vt 0.7715070247650146 0.15240700542926788
vt 0.7746130228042603 0.013977999798953533
vt 0.731007993221283 0.03452499955892563
vt 0.729017972946167 0.033851999789476395
vt 0.7290740013122559 0.0320810005068779
vt 0.7310550212860107 0.03212499991059303
vt 0.16495899856090546 0.8970959782600403
vt 0.1673939973115921 0.8875150084495544
vt 0.1693599969148636 0.8881539702415466
vt 0.16686800122261047 0.8977339863777161
vt 0.5505710244178772 0.9337689876556396
vt 0.5444890260696411 0.933355987071991
vt 0.21483199298381805 0.9538789987564087
vt 0.2008180022239685 0.9754700064659119
vt 0.2007479965686798 0.9344019889831543
vt 0.21483199298381805 0.9122959971427917
vt 0.8415949940681458 0.6738250255584717
vt 0.8518049716949463 0.6815099716186523
vt 0.8664550185203552 0.9613350033760071
vt 0.8621339797973633 0.9614099860191345
vt 0.6776729822158813 0.3731530010700226
vt 0.6852530241012573 0.394896000623703
vt 0.6744239926338196 0.37318798899650574
vt 0.2730979919433594 0.8897299766540527
vt 0.2731049954891205 0.9025200009346008
vt 0.23761099576950073 0.882519006729126
vt 0.866582989692688 0.7463549971580505
vt 0.8661379814147949 0.7207130193710327
vt 0.8765640258789062 0.7205700278282166
vt 0.8782860040664673 0.7462159991264343
vt 0.4517430067062378 0.028024999424815178
vt 0.44334501028060913 0.028084000572562218
vt 0.44357800483703613 0.014202999882400036
vt 0.04874600097537041 0.564503014087677
vt 0.03461400046944618 0.5453069806098938
vt 0.06245100125670433 0.5641840100288391
vt 0.03415000066161156 0.9861279726028442
vt 0.025404000654816628 0.9829649925231934
vt 0.047814998775720596 0.03130599856376648
vt 0.05100400000810623 0.02300499938428402
vt 0.05658100172877312 0.02539999969303608
vt 0.05402899906039238 0.0311489999294281
vt 0.40449199080467224 0.830482006072998
vt 0.4032149910926819 0.8304809927940369
vt 0.40318500995635986 0.815451979637146
vt 0.3681910037994385 0.5924299955368042
vt 0.4972740113735199 0.4606899917125702
vt 0.49548500776290894 0.47767001390457153
vt 0.49605900049209595 0.4607129991054535
vt 0.9815419912338257 0.6033530235290527
vt 0.9891679883003235 0.6068199872970581
vt 0.9168019890785217 0.5189819931983948
vt 0.9171540141105652 0.5293750166893005
vt 0.9157130122184753 0.5307340025901794
vt 0.7270359992980957 0.03380800038576126
vt 0.7256960272789001 0.03436899930238724
vt 0.7257440090179443 0.03197000175714493
vt 0.7270830273628235 0.03140899911522865
vt 0.18352800607681274 0.8907080292701721
vt 0.1808599978685379 0.9022049903869629
vt 0.7360600233078003 0.032756999135017395
vt 0.7362099885940552 0.01447799988090992
vt 0.061781998723745346 0.08497700095176697
vt 0.05787200108170509 0.10333400219678879
vt 0.052769001573324203 0.10334499925374985
vt 0.8846399784088135 0.05768999829888344
vt 0.8865370154380798 0.057700999081134796
vt 0.8865489959716797 0.13519200682640076
vt 0.8846529722213745 0.1351809948682785
vt 0.7960709929466248 0.37057098746299744
vt 0.9675210118293762 0.36317700147628784
vt 0.9694880247116089 0.3650929927825928
vt 0.9737139940261841 0.37850600481033325
vt 0.9705340266227722 0.37850600481033325
vt 0.2918109893798828 0.9629899859428406
vt 0.29026100039482117 0.9647030234336853
vt 0.28634899854660034 0.9608510136604309
vt 0.28918200731277466 0.9592239856719971
vt 0.558667004108429 0.9099439978599548
vt 0.08947200328111649 0.7641220092773438
vt 0.11514800041913986 0.7702029943466187
vt 0.11372700333595276 0.7749720215797424
vt 0.0357539989054203 0.924107015132904
vt 0.022935999557375908 0.940090000629425
vt 0.022964999079704285 0.9279369711875916
vt 0.7110880017280579 0.22621899843215942
vt 0.7037060260772705 0.31307899951934814
vt 0.7031610012054443 0.2260420024394989
vt 0.6141149997711182 0.702813982963562
vt 0.6116809844970703 0.6803600192070007
vt 0.6146960258483887 0.6806020140647888
vt 0.7315469980239868 0.7402290105819702
vt 0.7355499863624573 0.741005003452301
vt 0.7244740128517151 0.7619029879570007
vt 0.7143049836158752 0.7575029730796814
vt 0.6644489765167236 0.46449801325798035
vt 0.664493978023529 0.4472750127315521
vt 0.6702790260314941 0.447268009185791
vt 0.6702719926834106 0.46445798873901367
vt 0.9094849824905396 0.11373600363731384
vt 0.32151100039482117 0.9525039792060852
vt 0.3208729922771454 0.9461410045623779
vt 0.3542250096797943 0.9473009705543518
vt 0.3542250096797943 0.9562069773674011
vt 0.45980900526046753 0.9509779810905457
vt 0.45860201120376587 0.9618880152702332
vt 0.45413100719451904 0.9619470238685608
vt 0.4546999931335449 0.9510459899902344
vt 0.8652009963989258 0.792926013469696
vt 0.8658519983291626 0.789097011089325
vt 0.876230001449585 0.7858120203018188
vt 0.8684390187263489 0.8030880093574524
vt 0.9470589756965637 0.2941170036792755
vt 0.943867027759552 0.2942129969596863
vt 0.9927660226821899 0.46563899517059326
vt 0.9927660226821899 0.5062530040740967
vt 0.979839026927948 0.4912729859352112
vt 0.979433000087738 0.4898270070552826
vt 0.5309370160102844 0.751209020614624
vt 0.5372800230979919 0.7514169812202454
vt 0.535323977470398 0.756596028804779
vt 0.5308300256729126 0.7563989758491516
vt 0.05658100172877312 0.0266759991645813
vt 0.05762699991464615 0.03349199891090393
vt 0.18186500668525696 0.6802350282669067
vt 0.1746399998664856 0.6874899864196777
vt 0.1704079955816269 0.675320029258728
vt 0.17722700536251068 0.6685150265693665
vt 0.520566999912262 0.7667049765586853
vt 0.5200420022010803 0.7774540185928345
vt 0.5796509981155396 0.9838989973068237
vt 0.58228999376297 0.9836819767951965
vt 0.5797010064125061 0.9859099984169006
vt 0.8526239991188049 0.4556739926338196
vt 0.8515660166740417 0.45495501160621643
vt 0.8555279970169067 0.4521639943122864
vt 0.725151002407074 0.8283820152282715
vt 0.7102100253105164 0.8043869733810425
vt 0.7202349901199341 0.8054519891738892
vt 0.8951579928398132 0.9849730134010315
vt 0.8979769945144653 0.9868599772453308
vt 0.7942450046539307 0.08311700075864792
vt 0.915490984916687 0.5724369883537292
vt 0.9136580228805542 0.5815269947052002
vt 0.9114109873771667 0.5856369733810425
vt 0.9106699824333191 0.5773550271987915
vt 0.3670380115509033 0.8164380192756653
vt 0.36576199531555176 0.8163939714431763
vt 0.3661710023880005 0.8028460144996643
vt 0.36744800209999084 0.8028900027275085
vt 0.8595790266990662 0.9880210161209106
vt 0.8579270243644714 0.9840199947357178
vt 0.9404990077018738 0.7819600105285645
vt 0.9366670250892639 0.7819569706916809
vt 0.53643798828125 0.9444460272789001
vt 0.536424994468689 0.9335119724273682
vt 0.8877620100975037 0.9884819984436035
vt 0.8872129917144775 0.9851139783859253
vt 0.8892459869384766 0.9849449992179871
vt 0.6351659893989563 0.33002200722694397
vt 0.641526997089386 0.33003899455070496
vt 0.6426299810409546 0.39204999804496765
vt 0.636847972869873 0.3920080065727234
vt 0.44052499532699585 0.5146660208702087
vt 0.4418730139732361 0.5147349834442139
vt 0.4397610127925873 0.5357540249824524
vt 0.19296400249004364 0.9345179796218872
vt 0.1917089968919754 0.9343379735946655
vt 0.19189399480819702 0.9225710034370422
vt 0.19314900040626526 0.9227510094642639
vt 0.5860990285873413 0.4256860017776489
vt 0.5863329768180847 0.44307398796081543
vt 0.7419880032539368 0.9342679977416992
vt 0.7456870079040527 0.9342679977416992
vt 0.7471939921379089 0.940015971660614
vt 0.8709369897842407 0.9593430161476135
vt 0.8744410276412964 0.9591889977455139
vt 0.8744590282440186 0.960614025592804
vt 0.8709560036659241 0.9607679843902588
vt 0.5189059972763062 0.4428899884223938
vt 0.5066429972648621 0.4430660009384155
vt 0.5465239882469177 0.905206024646759
vt 0.5445330142974854 0.9109089970588684
vt 0.5364689826965332 0.9110649824142456
vt 0.9595609903335571 0.5773739814758301
vt 0.9591519832611084 0.581354022026062
vt 0.9558169841766357 0.5806019902229309
vt 0.9554709792137146 0.5762969851493835
vt 0.10952199995517731 0.11221099644899368
vt 0.10952199995517731 0.12114399671554565
vt 0.08337000012397766 0.12120500206947327
vt 0.4288040101528168 0.4528140127658844
vt 0.43018901348114014 0.4529080092906952
vt 0.4283350110054016 0.47009098529815674
vt 0.059884000569581985 0.08491100370883942
vt 0.06659000366926193 0.06365200132131577
vt 0.4981890022754669 0.506201982498169
vt 0.49257901310920715 0.5062389969825745
vt 0.5202190279960632 0.23902800679206848
vt 0.5183730125427246 0.17533700168132782
vt 0.8999109864234924 0.5731269717216492
vt 0.9042109847068787 0.5724369883537292
vt 0.904079020023346 0.5782189965248108
vt 0.9003909826278687 0.5788140296936035
vt 0.5685979723930359 0.6033380031585693
vt 0.2103399932384491 0.41301700472831726
vt 0.9854699969291687 0.5872939825057983
vt 0.9880390167236328 0.5871310234069824
vt 0.9880189895629883 0.5891500115394592
vt 0.4530180096626282 0.46707800030708313
vt 0.4447169899940491 0.44940000772476196
vt 0.4524169862270355 0.45017799735069275
vt 0.587302029132843 0.9881410002708435
vt 0.18193000555038452 0.02922699972987175
vt 0.17736700177192688 0.02532299980521202
vt 0.1781029999256134 0.02413100004196167
vt 0.5705670118331909 0.5928800106048584
vt 0.5317140221595764 0.7175469994544983
vt 0.5411689877510071 0.7044910192489624
vt 0.5500929951667786 0.7048239707946777
vt 0.8229119777679443 0.7680619955062866
vt 0.8210160136222839 0.7680379748344421
vt 0.28115999698638916 0.9690790176391602
vt 0.2868350148200989 0.9699779748916626
vt 0.8655800223350525 0.9891859889030457
vt 0.8639749884605408 0.9906569719314575
vt 0.7311679720878601 0.9425709843635559
vt 0.7314019799232483 0.938739001750946
vt 0.7360299825668335 0.938739001750946
vt 0.7351019978523254 0.9425709843635559
vt 0.9103440046310425 0.48327600955963135
vt 0.9151009917259216 0.505424976348877
vt 0.012764000333845615 0.8942660093307495
vt 0.010847999714314938 0.8942649960517883
vt 0.010800999589264393 0.8863909840583801
vt 0.01271700020879507 0.8863919973373413
vt 0.5349720120429993 0.541454017162323
vt 0.5337039828300476 0.5056710243225098
vt 0.47930100560188293 0.599373996257782
vt 0.48392099142074585 0.5996900200843811
vt 0.6229850053787231 0.44393399357795715
vt 0.6272609829902649 0.4441550076007843
vt 0.7650709748268127 0.16841599345207214
vt 0.13608300685882568 0.5496609807014465
vt 0.1463869959115982 0.5599319934844971
vt 0.721904993057251 0.5987449884414673
vt 0.7175679802894592 0.5916780233383179
vt 0.050787001848220825 0.910614013671875
vt 0.05459500104188919 0.9108179807662964
vt 0.3951460123062134 0.9634169936180115
vt 0.3906640112400055 0.9697719812393188
vt 0.8332430124282837 0.5204539895057678
vt 0.8282489776611328 0.5146049857139587
vt 0.8379380106925964 0.4967139959335327
vt 0.841621994972229 0.5070449709892273
vt 0.23801299929618835 0.8519819974899292
vt 0.23785200715065002 0.8560060262680054
vt 0.23266200721263885 0.8561069965362549
vt 0.2327979952096939 0.8533909916877747
vt 0.7491490244865417 0.23543299734592438
vt 0.7554569840431213 0.23550200462341309
vt 0.7553110122680664 0.3250409960746765
vt 0.749002993106842 0.3249709904193878
vt 0.551455020904541 0.9609739780426025
vt 0.5452209711074829 0.9591410160064697
vt 0.2522979974746704 0.9834409952163696
vt 0.8012959957122803 0.643172025680542
vt 0.8081629872322083 0.6624360084533691
vt 0.0842289999127388 0.6401699781417847
vt 0.08674000203609467 0.629351019859314
vt 0.0990620031952858 0.6272559762001038
vt 0.09701000154018402 0.6362220048904419
vt 0.5608100295066833 0.8209499716758728
vt 0.559332013130188 0.8367499709129333
vt 0.39689499139785767 0.5495380163192749
vt 0.3916949927806854 0.5493299961090088
vt 0.43942999839782715 0.3983309864997864
vt 0.439300000667572 0.3808560073375702
vt 0.4411199986934662 0.3806760013103485
vt 0.9104250073432922 0.02693299949169159
vt 0.9125949740409851 0.020999999716877937
vt 0.9648669958114624 0.13841499388217926
vt 0.9716169834136963 0.9272720217704773
vt 0.9731199741363525 0.9271150231361389
vt 0.9731130003929138 0.9291340112686157
vt 0.9716100096702576 0.9292910099029541
vt 0.5920739769935608 0.6838200092315674
vt 0.5890759825706482 0.6838799715042114
vt 0.05116700008511543 0.019957000389695168
vt 0.06264899671077728 0.014825999736785889
vt 0.062320999801158905 0.020919999107718468
vt 0.08031100034713745 0.5826460123062134
vt 0.07074300199747086 0.5750120282173157
vt 0.07054699957370758 0.563992977142334
vt 0.2508369982242584 0.6901050209999084
vt 0.25638100504875183 0.6897519826889038
vt 0.17068399488925934 0.89901202917099
vt 0.17317700386047363 0.8881539702415466
vt 0.17514300346374512 0.8887919783592224
vt 0.17259199917316437 0.899649977684021
vt 0.07959999889135361 0.8507469892501831
vt 0.07644499838352203 0.8474079966545105
vt 0.08477099984884262 0.8460609912872314
vt 0.08558700233697891 0.851036012172699
vt 0.8690000176429749 0.990136981010437
vt 0.8699759840965271 0.987384021282196
vt 0.872767984867096 0.9870529770851135
vt 0.8717920184135437 0.9898059964179993
vt 0.6110799908638 0.01980300061404705
vt 0.6207690238952637 0.09577299654483795
vt 0.615680992603302 0.09575899690389633
vt 0.6066399812698364 0.01787699945271015
vt 0.5264000296592712 0.756263017654419
vt 0.5173429846763611 0.7617570161819458
vt 0.5148569941520691 0.7584139704704285
vt 0.5245320200920105 0.7509409785270691
vt 0.7314019799232483 0.9208549857139587
vt 0.7360299825668335 0.9208549857139587
vt 0.7341809868812561 0.9253259897232056
vt 0.7309420108795166 0.9253259897232056
vt 0.9289829730987549 0.42802199721336365
vt 0.9417579770088196 0.4170910120010376
vt 0.9487789869308472 0.4259139895439148
vt 0.9379630088806152 0.439054012298584
vt 0.718392014503479 0.5106220245361328
vt 0.7100579738616943 0.5098789930343628
vt 0.7083449959754944 0.4896230101585388
vt 0.07157699763774872 0.9201359748840332
vt 0.07363899797201157 0.9113109707832336
vt 0.07954300194978714 0.9112719893455505
vt 0.07693099975585938 0.9175220131874084
vt 0.9705340266227722 0.3018609881401062
vt 0.9737139940261841 0.3018609881401062
vt 0.5655720233917236 0.8568689823150635
vt 0.5660759806632996 0.8780159950256348
vt 0.558597981929779 0.8825219869613647
vt 0.5582699775695801 0.8569129705429077
vt 0.7369620203971863 0.4616270065307617
vt 0.7368130087852478 0.47925201058387756
vt 0.7353829741477966 0.4790709912776947
vt 0.735614001750946 0.4615600109100342
vt 0.9566019773483276 0.10294000059366226
vt 0.9567009806632996 0.10556499660015106
vt 0.9538900256156921 0.10642500221729279
vt 0.9531509876251221 0.10371600091457367
vt 0.35665398836135864 0.6814410090446472
vt 0.35665398836135864 0.7055649757385254
vt 0.7787269949913025 0.4050639867782593
vt 0.7863109707832336 0.405133992433548
vt 0.7863550186157227 0.4223400056362152
vt 0.36535701155662537 0.8289200067520142
vt 0.3640809953212738 0.8288760185241699
vt 0.4538460075855255 0.4503610134124756
vt 0.45444801449775696 0.4672609865665436
vt 0.9421179890632629 0.14315499365329742
vt 0.94240802526474 0.13964900374412537
vt 0.9464100003242493 0.14056000113487244
vt 0.9466919898986816 0.14520299434661865
vt 0.7841039896011353 0.9279109835624695
vt 0.7854520082473755 0.9680560231208801
vt 0.7803419828414917 0.9693260192871094
vt 0.7802720069885254 0.9279080033302307
vt 0.5666670203208923 0.5057089924812317
vt 0.17577800154685974 0.49043700098991394
vt 0.17386400699615479 0.4904420077800751
vt 0.836903989315033 0.08713600039482117
vt 0.8456860184669495 0.08738899976015091
vt 0.17743299901485443 0.6992200016975403
vt 0.1864989995956421 0.7018939852714539
vt 0.033649999648332596 0.1543709933757782
vt 0.04130500182509422 0.15435299277305603
vt 0.8026019930839539 0.6272310018539429
vt 0.799390971660614 0.6272349953651428
vt 0.8508989810943604 0.8204759955406189
vt 0.8540909886360168 0.8204879760742188
vt 0.8323739767074585 0.6390939950942993
vt 0.8311150074005127 0.6269739866256714
vt 0.8383679986000061 0.6268020272254944
vt 0.8396109938621521 0.6376619935035706
vt 0.4913029968738556 0.7794740200042725
vt 0.48860201239585876 0.783204972743988
vt 0.48755401372909546 0.7807260155677795
vt 0.5729690194129944 0.7839140295982361
vt 0.5745159983634949 0.7795889973640442
vt 0.5763900279998779 0.7822700142860413
vt 0.5742319822311401 0.7859339714050293
vt 0.9152470231056213 0.08331199735403061
vt 0.9199119806289673 0.06133599951863289
vt 0.921737015247345 0.06302499771118164
vt 0.9170719981193542 0.08500099927186966
vt 0.7452189922332764 0.9877679944038391
vt 0.7456709742546082 0.9909470081329346
vt 0.744612991809845 0.9916660189628601
vt 0.743615984916687 0.9888210296630859
vt 0.7331240177154541 0.5373129844665527
vt 0.34626901149749756 0.867579996585846
vt 0.3410309851169586 0.8668630123138428
vt 0.34437599778175354 0.8499060273170471
vt 0.35096800327301025 0.8513569831848145
vt 0.9656130075454712 0.10354799777269363
vt 0.9612389802932739 0.105772003531456
vt 0.9612550139427185 0.10257299989461899
vt 0.23395000398159027 0.7084130048751831
vt 0.23966999351978302 0.6906980276107788
vt 0.2058749943971634 0.3473069965839386
vt 0.19821999967098236 0.34732499718666077
vt 0.8275250196456909 0.7463039755821228
vt 0.13529199361801147 0.7934470176696777
vt 0.1286499947309494 0.8041089773178101
vt 0.9663619995117188 0.7938960194587708
vt 0.9625639915466309 0.7932050228118896
vt 0.9632599949836731 0.7674480080604553
vt 0.967058002948761 0.7681390047073364
vt 0.12240999937057495 0.5921199917793274
vt 0.12178999930620193 0.6182180047035217
vt 0.8435549736022949 0.5573430061340332
vt 0.852744996547699 0.5374190211296082
vt 0.8501229882240295 0.5597559809684753
vt 0.9564629793167114 0.7332159876823425
vt 0.9551870226860046 0.7300310134887695
vt 0.9551870226860046 0.7160369753837585
vt 0.9564629793167114 0.7160410284996033
vt 0.7867569923400879 0.4896869957447052
vt 0.5826349854469299 0.9790080189704895
vt 0.5882769823074341 0.9777039885520935
vt 0.5876860022544861 0.9798229932785034
vt 0.5820440053939819 0.9811270236968994
vt 0.8437899947166443 0.4566340148448944
vt 0.8435189723968506 0.4534130096435547
vt 0.8456979990005493 0.45230600237846375
vt 0.8469070196151733 0.45521900057792664
vt 0.23920099437236786 0.5262789726257324
vt 0.25065600872039795 0.5451390147209167
vt 0.24886199831962585 0.5451369881629944
vt 0.23740699887275696 0.5262770056724548
vt 0.4727509915828705 0.9333410263061523
vt 0.4794279932975769 0.93299800157547
vt 0.5889379978179932 0.6034650206565857
vt 0.5943149924278259 0.61524498462677
vt 0.5777360200881958 0.18874399363994598
vt 0.5863739848136902 0.23920899629592896
vt 0.5720930099487305 0.23903900384902954
vt 0.7489960193634033 0.6736329793930054
vt 0.7501230239868164 0.6683549880981445
vt 0.2513189911842346 0.7757160067558289
vt 0.23072600364685059 0.7766309976577759
vt 0.5724499821662903 0.3903140127658844
vt 0.5859799981117249 0.39042899012565613
vt 0.5859799981117249 0.40835100412368774
vt 0.5723919868469238 0.4082089960575104
vt 0.6585789918899536 0.8005759716033936
vt 0.6701970100402832 0.8417019844055176
vt 0.6696569919586182 0.8520020246505737
vt 0.6527820229530334 0.8000270128250122
vt 0.1975959986448288 0.44647499918937683
vt 0.19950999319553375 0.4292429983615875
vt 0.8309310078620911 0.5933840274810791
vt 0.8309469819068909 0.5882760286331177
vt 0.7695260047912598 0.18567399680614471
vt 0.7790600061416626 0.1723030060529709
vt 0.7790089845657349 0.1940619945526123
vt 0.7695090174674988 0.19399100542068481
vt 0.5364540219306946 0.9592360258102417
vt 0.5364490151405334 0.9515219926834106
vt 0.03647900000214577 0.9629200100898743
vt 0.02429799921810627 0.9584929943084717
vt 0.022964999079704285 0.9521759748458862
vt 0.5178670287132263 0.7431520223617554
vt 0.5131589770317078 0.734732985496521
vt 0.5218549966812134 0.7408040165901184
vt 0.4407149851322174 0.3201969861984253
vt 0.4432480037212372 0.3201090097427368
vt 0.518405020236969 0.016499999910593033
vt 0.5153149962425232 0.011412999592721462
vt 0.5567160248756409 0.0032289999071508646
vt 0.556613028049469 0.010223000310361385
vt 0.885549008846283 0.30824801325798035
vt 0.8860170245170593 0.3197450041770935
vt 0.8835309743881226 0.3197450041770935
vt 0.9022719860076904 0.7216429710388184
vt 0.9019320011138916 0.7158970236778259
vt 0.9047269821166992 0.7142000198364258
vt 0.9056349992752075 0.7195780277252197
vt 0.17332300543785095 0.4332590103149414
vt 0.17590700089931488 0.42817801237106323
vt 0.03512300178408623 0.051173001527786255
vt 0.038311999291181564 0.036490000784397125
vt 0.0433490015566349 0.049821000546216965
vt 0.8451930284500122 0.23280000686645508
vt 0.843887984752655 0.32231199741363525
vt 0.16449399292469025 0.07573699951171875
vt 0.15342099964618683 0.048124998807907104
vt 0.8845369815826416 0.16228799521923065
vt 0.9807400107383728 0.5968940258026123
vt 0.9807100296020508 0.5948839783668518
vt 0.6813650131225586 0.7587630152702332
vt 0.682790994644165 0.8654220104217529
vt 0.6782349944114685 0.8653510212898254
vt 0.6768900156021118 0.7593250274658203
vt 0.5650950074195862 0.23902000486850739
vt 0.49048998951911926 0.834181010723114
vt 0.4982840120792389 0.8365880250930786
vt 0.4899210035800934 0.843563973903656
vt 0.48034098744392395 0.7735769748687744
vt 0.4783470034599304 0.7747510075569153
vt 0.7299370169639587 0.6496719717979431
vt 0.7277299761772156 0.6295130252838135
vt 0.5317389965057373 0.39020198583602905
vt 0.5587630271911621 0.8461329936981201
vt 0.7329990267753601 0.035197000950574875
vt 0.7330459952354431 0.03279799968004227
vt 0.49863699078559875 0.09543900191783905
vt 0.4818029999732971 0.24025799334049225
vt 0.47607800364494324 0.24024200439453125
vt 0.4935480058193207 0.09542500227689743
vt 0.5350790023803711 0.5517439842224121
vt 0.5353990197181702 0.5557309985160828
vt 0.3768010139465332 0.8296219706535339
vt 0.3666340112686157 0.8289650082588196
vt 0.3773350119590759 0.8127920031547546
vt 0.8877999782562256 0.9910470247268677
vt 0.599219024181366 0.40862199664115906
vt 0.42423900961875916 0.45262399315834045
vt 0.012839999981224537 0.9883570075035095
vt 0.010648000054061413 0.9906960129737854
vt 0.00814099982380867 0.9880139827728271
vt 0.010955999605357647 0.9855390191078186
vt 0.13006499409675598 0.5882740020751953
vt 0.13582299649715424 0.6124439835548401
vt 0.2841329872608185 0.5937319993972778
vt 0.2934330105781555 0.6010349988937378
vt 0.2874720096588135 0.6010389924049377
vt 0.2780590057373047 0.5936809778213501
vt 0.7050719857215881 0.7729570269584656
vt 0.9440420269966125 0.648701012134552
vt 0.9487280249595642 0.648701012134552
vt 0.9480839967727661 0.6940490007400513
vt 0.943340003490448 0.6934099793434143
vt 0.6129119992256165 0.6704980134963989
vt 0.6082159876823425 0.6803979873657227
vt 0.603971004486084 0.6630269885063171
vt 0.6129599809646606 0.6666899919509888
vt 0.7655479907989502 0.03579799830913544
vt 0.7674440145492554 0.03517799824476242
vt 0.7705619931221008 0.044822998344898224
vt 0.7692859768867493 0.04546099901199341
vt 0.9847589731216431 0.4483709931373596
vt 0.9864370226860046 0.4427500069141388
vt 0.9897480010986328 0.4466420114040375
vt 0.9860010147094727 0.44982999563217163
vt 0.8657829761505127 0.15331600606441498
vt 0.8688129782676697 0.15220199525356293
vt 0.8667910099029541 0.16199299693107605
vt 0.8644289970397949 0.16303899884223938
vt 0.5073149800300598 0.838346004486084
vt 0.4401940107345581 0.5634539723396301
vt 0.4406619966030121 0.5567359924316406
vt 0.28063100576400757 0.9721879959106445
vt 0.28756800293922424 0.9732869863510132
vt 0.8872389793395996 0.518809974193573
vt 0.8923439979553223 0.5187739729881287
vt 0.893451988697052 0.5945320129394531
vt 0.8878719806671143 0.5959140062332153
vt 0.4875029921531677 0.9000059962272644
vt 0.4978620111942291 0.9014829993247986
vt 0.3018510043621063 0.590041995048523
vt 0.30935099720954895 0.5940979719161987
vt 0.30692100524902344 0.594078004360199
vt 0.298785001039505 0.5900020003318787
vt 0.8452720046043396 0.4591040015220642
vt 0.8483890295028687 0.45768898725509644
vt 0.9827849864959717 0.24081000685691833
vt 0.9814159870147705 0.2840139865875244
vt 0.9683979749679565 0.2803860008716583
vt 0.970166027545929 0.2385530024766922
vt 0.7553970217704773 0.42204201221466064
vt 0.5393069982528687 0.09437199681997299
vt 0.5366020202636719 0.182328000664711
vt 0.5223079919815063 0.17476199567317963
vt 0.5287230014801025 0.09444800019264221
vt 0.7584919929504395 0.6789439916610718
vt 0.754040002822876 0.656121015548706
vt 0.7598180174827576 0.6563820242881775
vt 0.7644180059432983 0.6794419884681702
vt 0.5648880004882812 0.8006640076637268
vt 0.5698609948158264 0.8007349967956543
vt 0.8735229969024658 0.42832499742507935
vt 0.8744440078735352 0.4347119927406311
vt 0.8730549812316895 0.4340740144252777
vt 0.7217469811439514 0.9501820206642151
vt 0.7137659788131714 0.9518479704856873
vt 0.12697400152683258 0.06324099749326706
vt 0.12674400210380554 0.11217200011014938
vt 0.10975100100040436 0.06328099966049194
vt 0.05118200182914734 0.526190996170044
vt 0.06084800139069557 0.5447589755058289
vt 0.5533750057220459 0.683122992515564
vt 0.541251003742218 0.6999390125274658
vt 0.4520519971847534 0.3206169903278351
vt 0.4506230056285858 0.32043400406837463
vt 0.2825930118560791 0.5760549902915955
vt 0.27825498580932617 0.5759770274162292
vt 0.9892169833183289 0.5700899958610535
vt 0.9860000014305115 0.5702890157699585
vt 0.9866390228271484 0.5658329725265503
vt 0.9892119765281677 0.5656840205192566
vt 0.573369026184082 0.615123987197876
vt 0.04377400130033493 0.5646290183067322
vt 0.03279900178313255 0.5453969836235046
vt 0.6425380110740662 0.6201130151748657
vt 0.6419000029563904 0.6201120018959045
vt 0.7294639945030212 0.031390998512506485
vt 0.7274730205535889 0.030719000846147537
vt 0.727649986743927 0.01432500034570694
vt 0.7296320199966431 0.014368999749422073
vt 0.8645240068435669 0.46907898783683777
vt 0.8643860220909119 0.48256900906562805
vt 0.1589830070734024 0.04021900147199631
vt 0.14431199431419373 0.032597001641988754
vt 0.11079899966716766 0.009324000217020512
vt 0.11112699657678604 0.0032289999071508646
vt 0.7531319856643677 0.16952000558376312
vt 0.7556480169296265 0.17083199322223663
vt 0.47975999116897583 0.7696380019187927
vt 0.4822779893875122 0.7730110287666321
vt 0.5579140186309814 0.9778460264205933
vt 0.5605530142784119 0.9780629873275757
vt 0.6050410270690918 0.8410959839820862
vt 0.6075839996337891 0.8410959839820862
vt 0.6067150235176086 0.8474829792976379
vt 0.6048070192337036 0.8474829792976379
vt 0.9307000041007996 0.10845799744129181
vt 0.9407449960708618 0.5737720131874084
vt 0.9464499950408936 0.5737720131874084
vt 0.3580299913883209 0.5918369889259338
vt 0.3664889931678772 0.5863450169563293
vt 0.8671309947967529 0.7757279872894287
vt 0.8775230050086975 0.7679719924926758
vt 0.4120909869670868 0.8437759876251221
vt 0.4121209979057312 0.8307899832725525
vt 0.9803829789161682 0.7786880135536194
vt 0.9809830188751221 0.7409999966621399
vt 0.9827150106430054 0.7409899830818176
vt 0.9827150106430054 0.7825070023536682
vt 0.735621988773346 0.035847000777721405
vt 0.7375779747962952 0.03400599956512451
vt 0.934095025062561 0.7579110264778137
vt 0.936631977558136 0.7618839740753174
vt 0.9308429956436157 0.7622330188751221
vt 0.9276670217514038 0.7582589983940125
vt 0.5184919834136963 0.7649930119514465
vt 0.5848029851913452 0.7760840058326721
vt 0.5829979777336121 0.7741299867630005
vt 0.7689350247383118 0.1524219959974289
vt 0.77019202709198 0.15243899822235107
vt 0.9367030262947083 0.8452640175819397
vt 0.9366679787635803 0.8907740116119385
vt 0.8977789878845215 0.9756460189819336
vt 0.9421259760856628 0.11264599859714508
vt 0.6205679774284363 0.8711150288581848
vt 0.6224769949913025 0.8743090033531189
vt 0.7958419919013977 0.3881860077381134
vt 0.8479999899864197 0.5153530240058899
vt 0.8826540112495422 0.43535101413726807
vt 0.9480680227279663 0.25970301032066345
vt 0.9448760151863098 0.25979799032211304
vt 0.9440209865570068 0.2537060081958771
vt 0.9472129940986633 0.2536109983921051
vt 0.820635974407196 0.5883190035820007
vt 0.8310199975967407 0.5831180214881897
vt 0.7431210279464722 0.8061419725418091
vt 0.739162027835846 0.8308240175247192
vt 0.7359189987182617 0.8306270241737366
vt 0.7404379844665527 0.8058419823646545
vt 0.4399169981479645 0.4323660135269165
vt 0.43963301181793213 0.41529199481010437
vt 0.24377599358558655 0.544983983039856
vt 0.2342270016670227 0.5261819958686829
vt 0.9546989798545837 0.46883299946784973
vt 0.9642400145530701 0.46563899517059326
vt 0.9651169776916504 0.5103489756584167
vt 0.9554600119590759 0.5103489756584167
vt 0.4943149983882904 0.3907279968261719
vt 0.4943149983882904 0.4086489975452423
vt 0.47944700717926025 0.40907999873161316
vt 0.47944700717926025 0.39115801453590393
vt 0.7645769715309143 0.7158839702606201
vt 0.3759090006351471 0.86981600522995
vt 0.3667770028114319 0.8752310276031494
vt 0.4919680058956146 0.8183810114860535
vt 0.4997060000896454 0.8213970065116882
vt 0.9270560145378113 0.19882799685001373
vt 0.9265879988670349 0.15347999334335327
vt 0.9285550117492676 0.15347999334335327
vt 0.929023027420044 0.19882799685001373
vt 0.37567999958992004 0.8596959710121155
vt 0.6306509971618652 0.240665003657341
vt 0.6363760232925415 0.240680992603302
vt 0.6502869725227356 0.9420689940452576
vt 0.9303460121154785 0.15347999334335327
vt 0.9308140277862549 0.19882799685001373
vt 0.8476340174674988 0.45037201046943665
vt 0.8460310101509094 0.4481010138988495
vt 0.8466960191726685 0.44701701402664185
vt 0.8495399951934814 0.4484879970550537
vt 0.8625050187110901 0.9240599870681763
vt 0.8658440113067627 0.9247289896011353
vt 0.8015869855880737 0.9632650017738342
vt 0.8094369769096375 0.9790380001068115
vt 0.5868539810180664 0.7193179726600647
vt 0.2569969892501831 0.8032330274581909
vt 0.2521600127220154 0.8237640261650085
vt 0.24922999739646912 0.8241770267486572
vt 0.5579429864883423 0.9833930134773254
vt 0.6604790091514587 0.43023499846458435
vt 0.6604340076446533 0.4474569857120514
vt 0.7644039988517761 0.03121200017631054
vt 0.764494001865387 0.013888999819755554
vt 0.7663900256156921 0.013907000422477722
vt 0.7663000226020813 0.03186799958348274
vt 0.6564480066299438 0.33309799432754517
vt 0.6575130224227905 0.1603419929742813
vt 0.6600670218467712 0.16035400331020355
vt 0.6590020060539246 0.3331100046634674
vt 0.1389950066804886 0.5825110077857971
vt 0.13624699413776398 0.5746889710426331
vt 0.45416200160980225 0.4958510100841522
vt 0.2386769950389862 0.5451189875602722
vt 0.2526549994945526 0.5646929740905762
vt 0.25011101365089417 0.5646169781684875
vt 0.23740600049495697 0.5450810194015503
vt 0.016704000532627106 0.4815770089626312
vt 0.03803100064396858 0.4907830059528351
vt 0.7406949996948242 0.6567149758338928
vt 0.24257899820804596 0.8247870206832886
vt 0.24091699719429016 0.8251720070838928
vt 0.23688699305057526 0.8057640194892883
vt 0.4982840120792389 0.9334179759025574
vt 0.4982970058917999 0.9443510174751282
vt 0.8497520089149475 0.45302700996398926
vt 0.7604979872703552 0.035746000707149506
vt 0.7605159878730774 0.0331760011613369
vt 0.7624120116233826 0.03319299966096878
vt 0.7623940110206604 0.0351249985396862
vt 0.6425089836120605 0.5898029804229736
vt 0.6418700218200684 0.5898020267486572
vt 0.6418240070343018 0.5800179839134216
vt 0.6424620151519775 0.5800179839134216
vt 0.8476939797401428 0.4453909993171692
vt 0.8477540016174316 0.44407200813293457
vt 0.932138979434967 0.11291000247001648
vt 0.88469398021698 0.0038399999029934406
vt 0.8865690231323242 0.0032289999071508646
vt 0.4956029951572418 0.6122220158576965
vt 0.4971430003643036 0.6291390061378479
vt 0.5523899793624878 0.44287699460983276
vt 0.5725110173225403 0.42554399371147156
vt 0.564877986907959 0.4255230128765106
vt 0.7410010099411011 0.6122329831123352
vt 0.7467120289802551 0.6073030233383179
vt 0.8834390044212341 0.4585770070552826
vt 0.8834390044212341 0.4467169940471649
vt 0.8870030045509338 0.4418100118637085
vt 0.8870030045509338 0.4536699950695038
vt 0.9712790250778198 0.3644550144672394
vt 0.9710450172424316 0.3593449890613556
vt 0.9767770171165466 0.3791449964046478
vt 0.9367030262947083 0.9356780052185059
vt 0.934781014919281 0.9363639950752258
vt 0.14728200435638428 0.9512069821357727
vt 0.1429460048675537 0.9502689838409424
vt 0.14392800629138947 0.9359660148620605
vt 0.14635500311851501 0.9363719820976257
vt 0.9160079956054688 0.5537760257720947
vt 0.9150189757347107 0.5546839833259583
vt 0.54271399974823 0.7658960223197937
vt 0.8439000248908997 0.9309099912643433
vt 0.8441870212554932 0.9589909911155701
vt 0.49127399921417236 0.5896909832954407
vt 0.4991750121116638 0.5902159810066223
vt 0.4918229877948761 0.6002150177955627
vt 0.5193120241165161 0.46035701036453247
vt 0.506991982460022 0.46050700545310974
vt 0.8847439885139465 0.5191559791564941
vt 0.8857719898223877 0.46563899517059326
vt 0.8883470296859741 0.46592599153518677
vt 0.2779040038585663 0.589713990688324
vt 0.27304500341415405 0.5896729826927185
vt 0.762507975101471 0.03183300048112869
vt 0.7625979781150818 0.013872000388801098
vt 0.16065800189971924 0.0847179964184761
vt 0.15874500572681427 0.08472000062465668
vt 0.9294829964637756 0.6506170034408569
vt 0.9283789992332458 0.6116560101509094
vt 0.9343370199203491 0.6110169887542725
vt 0.9348049759864807 0.6506170034408569
vt 0.3678869903087616 0.8944200277328491
vt 0.36687400937080383 0.8881970047950745
vt 0.36916399002075195 0.8944640159606934
vt 0.8696420192718506 0.1277649998664856
vt 0.8715370297431946 0.019783999770879745
vt 0.8728569746017456 0.020028000697493553
vt 0.8721349835395813 0.12881800532341003
vt 0.7596819996833801 0.750199019908905
vt 0.330392986536026 0.9259359836578369
vt 0.3543030023574829 0.920412003993988
vt 0.3542509973049164 0.9300690293312073
vt 0.32403799891471863 0.9334880113601685
vt 0.2188279926776886 0.4482629895210266
vt 0.4826259911060333 0.8310459852218628
vt 0.4826120138168335 0.8416990041732788
vt 0.7681949734687805 0.4565100073814392
vt 0.9531509876251221 0.1129319965839386
vt 0.9654380083084106 0.32293900847435
vt 0.9654380083084106 0.3401840031147003
vt 0.045979999005794525 0.514631986618042
vt 0.04853200167417526 0.5146260261535645
vt 0.055647000670433044 0.5261800289154053
vt 0.9404879808425903 0.7737830281257629
vt 0.9366549849510193 0.7737799882888794
vt 0.936631977558136 0.765067994594574
vt 0.9404640197753906 0.7650709748268127
vt 0.0621739998459816 0.5830039978027344
vt 0.05767599865794182 0.5753290057182312
vt 0.15473000705242157 0.5885909795761108
vt 0.873769998550415 0.0032289999071508646
vt 0.8722969889640808 0.004282000008970499
vt 0.16317600011825562 0.842805027961731
vt 0.16583700478076935 0.842805027961731
vt 0.16542699933052063 0.8868759870529175
vt 0.16282500326633453 0.8868759870529175
vt 0.4386509954929352 0.8389300107955933
vt 0.4442630112171173 0.81877601146698
vt 0.5259829759597778 0.7651280164718628
vt 0.5261970162391663 0.7613630294799805
vt 0.7311679720878601 0.9170230031013489
vt 0.7351019978523254 0.9170230031013489
vt 0.981082022190094 0.5880420207977295
vt 0.9813470244407654 0.5866209864616394
vt 0.9857349991798401 0.585873007774353
vt 0.5323269963264465 0.6996049880981445
vt 0.7937219738960266 0.6271470189094543
vt 0.9262369871139526 0.6959649920463562
vt 0.9283789992332458 0.6895779967308044
vt 0.9343370199203491 0.6902170181274414
vt 0.9368810057640076 0.6978809833526611
vt 0.44975000619888306 0.5361040234565735
vt 0.5779740214347839 0.7873219847679138
vt 0.5801069736480713 0.7842950224876404
vt 0.5818989872932434 0.7849149703979492
vt 0.5810660123825073 0.7873510122299194
vt 0.7314640283584595 0.6159949898719788
vt 0.7268900275230408 0.6072009801864624
vt 0.7030280232429504 0.7872650027275085
vt 0.7039369940757751 0.7833070158958435
vt 0.5350419878959656 0.583109974861145
vt 0.517831027507782 0.5824670195579529
vt 0.5177810192108154 0.577127993106842
vt 0.5124049782752991 0.9515619874000549
vt 0.7146739959716797 0.4604620039463043
vt 0.7065839767456055 0.4600589871406555
vt 0.7059550285339355 0.4431599974632263
vt 0.35220199823379517 0.6100620031356812
vt 0.3432439863681793 0.6097660064697266
vt 0.6505450010299683 0.0032289999071508646
vt 0.6588230133056641 0.00392200006172061
vt 0.9892119765281677 0.5745980143547058
vt 0.9866390228271484 0.5747470259666443
vt 0.8865429759025574 0.40213799476623535
vt 0.8860170245170593 0.416828989982605
vt 0.16885800659656525 0.4351840019226074
vt 0.49593600630760193 0.3906019926071167
vt 0.5125799775123596 0.6815999746322632
vt 0.523402988910675 0.6992719769477844
vt 0.8713480234146118 0.9841660261154175
vt 0.8724880218505859 0.9836379885673523
vt 0.5799970030784607 0.9792249798774719
vt 0.5796219706535339 0.9819419980049133
vt 0.6215230226516724 0.7732959985733032
vt 0.6213719844818115 0.7616869807243347
vt 0.15623100101947784 0.793624997138977
vt 0.1560550034046173 0.7891539931297302
vt 0.16241499781608582 0.7891539931297302
vt 0.16282500326633453 0.7987340092658997
vt 0.9750059843063354 0.722262978553772
vt 0.9875450134277344 0.7246459722518921
vt 0.9868549704551697 0.7279279828071594
vt 0.9741989970207214 0.7261710166931152
vt 0.9839789867401123 0.630420982837677
vt 0.9893419742584229 0.632860004901886
vt 0.9862729907035828 0.6412870287895203
vt 0.9815419912338257 0.639136016368866
vt 0.9285550117492676 0.2441760003566742
vt 0.9265879988670349 0.2441760003566742
vt 0.6584879755973816 0.4812049865722656
vt 0.6604229807853699 0.4811969995498657
vt 0.44905900955200195 0.5686600208282471
vt 0.44017401337623596 0.5680390000343323
vt 0.23666000366210938 0.690995991230011
vt 0.23157499730587006 0.7086970210075378
vt 0.7466930150985718 0.7828699946403503
vt 0.7435250282287598 0.7827900052070618
vt 0.5393720269203186 0.3902229964733124
vt 0.8865429759025574 0.33443498611450195
vt 0.8840579986572266 0.33443498611450195
vt 0.7682290077209473 0.18505099415779114
vt 0.7790210247039795 0.1710599958896637
vt 0.5123779773712158 0.9592480063438416
vt 0.2843500077724457 0.6009719967842102
vt 0.3025520145893097 0.6085420250892639
vt 0.293707013130188 0.6083019971847534
vt 0.9126669764518738 0.14058199524879456
vt 0.9107630252838135 0.13856899738311768
vt 0.7418919801712036 0.9847919940948486
vt 0.7411370277404785 0.9896649718284607
vt 0.6946150064468384 0.44731101393699646
vt 0.0038670001085847616 0.4136649966239929
vt 0.006419000215828419 0.35176700353622437
vt 0.012732000090181828 0.3516950011253357
vt 0.008267000317573547 0.4135980010032654
vt 0.27110400795936584 0.5837640166282654
vt 0.26618799567222595 0.5836939811706543
vt 0.8563839793205261 0.4360490143299103
vt 0.8540019989013672 0.437032014131546
vt 0.6105499863624573 0.4088889956474304
vt 0.04079800099134445 0.2776150107383728
vt 0.7418500185012817 0.6988379955291748
vt 0.5452769994735718 0.9688270092010498
vt 0.5364770293235779 0.9688940048217773
vt 0.1712689995765686 0.8881539702415466
vt 0.16877500712871552 0.898373007774353
vt 0.5124260187149048 0.9111059904098511
vt 0.9488949775695801 0.8511170148849487
vt 0.9507799744606018 0.8441380262374878
vt 0.9475899934768677 0.8894190192222595
vt 0.945065975189209 0.8893799781799316
vt 0.256399005651474 0.7583420276641846
vt 0.25633400678634644 0.7412660121917725
vt 0.24430599808692932 0.9632819890975952
vt 0.2468309998512268 0.9592239856719971
vt 0.24973000586032867 0.9609699845314026
vt 0.24601200222969055 0.9648330211639404
vt 0.6580970287322998 0.5568069815635681
vt 0.6593350172042847 0.5568450093269348
vt 0.04892599955201149 0.04966399818658829
vt 0.5619969964027405 0.5770059823989868
vt 0.5594469904899597 0.5769109725952148
vt 0.7494509816169739 0.7832880020141602
vt 0.29129698872566223 0.9899399876594543
vt 0.28646600246429443 0.9879019856452942
vt 0.2898919880390167 0.9826269745826721
vt 0.2923009991645813 0.9836360216140747
vt 0.7385290265083313 0.03380800038576126
vt 0.7425450086593628 0.014248000457882881
vt 0.32151100039482117 0.9397820234298706
vt 0.3542250096797943 0.9383959770202637
vt 0.6814650297164917 0.5272189974784851
vt 0.6864879727363586 0.5088589787483215
vt 0.6834380030632019 0.5271779894828796
vt 0.7863979935646057 0.43954598903656006
vt 0.27646100521087646 0.5759750008583069
vt 0.25775301456451416 0.5645589828491211
vt 0.5695139765739441 0.9546200037002563
vt 0.568789005279541 0.9445099830627441
vt 0.4497489929199219 0.5484150052070618
vt 0.039597999304533005 0.9079650044441223
vt 0.037615999579429626 0.9079260230064392
vt 0.4247480034828186 0.8116840124130249
vt 0.944275975227356 0.19755099713802338
vt 0.943867027759552 0.24225999414920807
vt 0.7422590255737305 0.08718699961900711
vt 0.7382950186729431 0.08709900081157684
vt 0.4796920120716095 0.6800280213356018
vt 0.8626149892807007 0.797402024269104
vt 0.9198309779167175 0.9837769865989685
vt 0.9167109727859497 0.9502490162849426
vt 0.929265022277832 0.9479429721832275
vt 0.9596700072288513 0.5631669759750366
vt 0.9594820141792297 0.5712029933929443
vt 0.9546989798545837 0.5699269771575928
vt 0.9546989798545837 0.5615170001983643
vt 0.2840290069580078 0.9830099940299988
vt 0.2890459895133972 0.9799270033836365
vt 0.9236119985580444 0.5701389908790588
vt 0.9285479784011841 0.5687000155448914
vt 0.9290919899940491 0.5928019881248474
vt 0.9236119985580444 0.5945069789886475
vt 0.4849669933319092 0.7832409739494324
vt 0.4833010137081146 0.7794340252876282
vt 0.5348899960517883 0.5452569723129272
vt 0.5218849778175354 0.5441020131111145
vt 0.849452018737793 0.9188370108604431
vt 0.851468026638031 0.9225370287895203
vt 0.8411210179328918 0.9232609868049622
vt 0.8389919996261597 0.9190880060195923
vt 0.6234599947929382 0.6819909811019897
vt 0.619704008102417 0.6813960075378418
vt 0.6194639801979065 0.6756340265274048
vt 0.6221280097961426 0.6716049909591675
vt 0.6559879779815674 0.4976949989795685
vt 0.740431010723114 0.7828289866447449
vt 0.9328590035438538 0.9364129900932312
vt 0.24796399474143982 0.9673910140991211
vt 0.24434900283813477 0.967939019203186
vt 0.24395699799060822 0.9653530120849609
vt 0.2481900006532669 0.9646980166435242
vt 0.18693499267101288 0.05082299932837486
vt 0.1785770058631897 0.04950900003314018
vt 0.7186409831047058 0.9601140022277832
vt 0.7093380093574524 0.9616299867630005
vt 0.4915330111980438 0.3288179934024811
vt 0.482217013835907 0.32918500900268555
vt 0.5433160066604614 0.019236000254750252
vt 0.5554149746894836 0.017354000359773636
vt 0.9381260275840759 0.1397159993648529
vt 0.5459240078926086 0.8001000285148621
vt 0.5468900203704834 0.7798470258712769
vt 0.06447099894285202 0.8013989925384521
vt 0.06954000145196915 0.8006330132484436
vt 0.7309420108795166 0.9342679977416992
vt 0.7341809868812561 0.9342679977416992
vt 0.9094849824905396 0.1392049938440323
vt 0.8602759838104248 0.9793170094490051
vt 0.5708529949188232 0.18877699971199036
vt 0.6940600275993347 0.4300529956817627
vt 0.69656902551651 0.447286993265152
vt 0.47083398699760437 0.9044169783592224
vt 0.47947201132774353 0.9105510115623474
vt 0.4727480113506317 0.9127799868583679
vt 0.5010309815406799 0.6008170247077942
vt 0.8947110176086426 0.8042200207710266
vt 0.9033030271530151 0.8042219877243042
vt 0.901373028755188 0.8674539923667908
vt 0.8931779861450195 0.8661749958992004
vt 0.9215310215950012 0.04788000136613846
vt 0.9233559966087341 0.04956899955868721
vt 0.18917299807071686 0.4636070132255554
vt 0.17850899696350098 0.4632300138473511
vt 0.8908799886703491 0.9774410128593445
vt 0.8934130072593689 0.9746890068054199
vt 0.6644359827041626 0.5090590119361877
vt 0.7639840245246887 0.5455639958381653
vt 0.7638189792633057 0.5362359881401062
vt 0.7694349884986877 0.5344550013542175
vt 0.7708140015602112 0.5433989763259888
vt 0.24011099338531494 0.5147619843482971
vt 0.24480900168418884 0.5263950228691101
vt 0.23450200259685516 0.514644980430603
vt 0.7266489863395691 0.16392099857330322
vt 0.726622998714447 0.1620360016822815
vt 0.9262369871139526 0.6052690148353577
vt 0.9368810057640076 0.6033530235290527
vt 0.7216169834136963 0.04336399957537651
vt 0.7203410267829895 0.042782001197338104
vt 0.7237060070037842 0.03369700163602829
vt 0.4879480004310608 0.9332460165023804
vt 0.1745000034570694 0.7853220105171204
vt 0.17640799283981323 0.7846829891204834
vt 0.17901800572872162 0.796180009841919
vt 0.17705099284648895 0.7968180179595947
vt 0.2294989973306656 0.725471019744873
vt 0.2277580052614212 0.725741982460022
vt 0.8730549812316895 0.4418100118637085
vt 0.8769800066947937 0.44720199704170227
vt 0.8769800066947937 0.45905399322509766
vt 0.8730549812316895 0.4536620080471039
vt 0.7383310198783875 0.7177820205688477
vt 0.7379059791564941 0.696806013584137
vt 0.5579419732093811 0.9202460050582886
vt 0.6048070192337036 0.8602570295333862
vt 0.604748010635376 0.8538699746131897
vt 0.606656014919281 0.8538699746131897
vt 0.6067150235176086 0.8602570295333862
vt 0.5651689767837524 0.4429379999637604
vt 0.06408800184726715 0.9237920045852661
vt 0.06389699876308441 0.9118019938468933
vt 0.9097620248794556 0.8911970257759094
vt 0.9180560111999512 0.891215980052948
vt 0.9237989783287048 0.9365180134773254
vt 0.9148659706115723 0.9307569861412048
vt 0.8236569762229919 0.5420759916305542
vt 0.8274999856948853 0.5318909883499146
vt 0.8345019817352295 0.55103999376297
vt 0.8956599831581116 0.9731619954109192
vt 0.9398019909858704 0.8117520213127136
vt 0.9397370219230652 0.8218569755554199
vt 0.9365440011024475 0.8218550086021423
vt 0.9366080164909363 0.8117499947547913
vt 0.11079899966716766 0.010599999688565731
vt 0.2188279926776886 0.697547972202301
vt 0.21830199658870697 0.7231569886207581
vt 0.04418500140309334 0.8337090015411377
vt 0.0443280003964901 0.7835590243339539
vt 0.5728020071983337 0.4429590106010437
vt 0.5655930042266846 0.9791499972343445
vt 0.5657410025596619 0.9806190133094788
vt 0.1764499992132187 0.5643230080604553
vt 0.1712159961462021 0.5642200112342834
vt 0.18515099585056305 0.5449600219726562
vt 0.18716299533843994 0.5450419783592224
vt 0.839011013507843 0.9838029742240906
vt 0.8460559844970703 0.9850810170173645
vt 0.7794889807701111 0.007670999970287085
vt 0.7872639894485474 0.0032289999071508646
vt 0.6660529971122742 0.5463209748268127
vt 0.6675390005111694 0.5569660067558289
vt 0.6662619709968567 0.5569599866867065
vt 0.6647760272026062 0.5463160276412964
vt 0.7385960221290588 0.9904099702835083
vt 0.7351170182228088 0.9908469915390015
vt 0.7341189980506897 0.9892200231552124
vt 0.45353901386260986 0.4838640093803406
vt 0.5130249857902527 0.16141299903392792
vt 0.5168420076370239 0.16142399609088898
vt 0.5731629729270935 0.8935059905052185
vt 0.5709620118141174 0.900846004486084
vt 0.5683519840240479 0.8996289968490601
vt 0.5711920261383057 0.8922920227050781
vt 0.8034229874610901 0.44155600666999817
vt 0.8034380078315735 0.45917999744415283
vt 0.7937219738960266 0.45753198862075806
vt 0.7939540147781372 0.44024500250816345
vt 0.7381139993667603 0.9342679977416992
vt 0.5705400109291077 0.779964029788971
vt 0.5726789832115173 0.7742969989776611
vt 0.576554000377655 0.7764719724655151
vt 0.20168499648571014 0.4811510145664215
vt 0.20302699506282806 0.4812049865722656
vt 0.023048000410199165 0.7909330129623413
vt 0.030260000377893448 0.7910000085830688
vt 0.8420810103416443 0.5778859853744507
vt 0.8506649732589722 0.5725780129432678
vt 0.7616050243377686 0.6900990009307861
vt 0.16877500712871552 0.7872380018234253
vt 0.17068399488925934 0.7865989804267883
vt 0.17317700386047363 0.7974569797515869
vt 0.1712689995765686 0.7974569797515869
vt 0.24771399796009064 0.9693639874458313
vt 0.24400000274181366 0.9700109958648682
vt 0.040862999856472015 0.030104000121355057
vt 0.19200399518013 0.5262969732284546
vt 0.17177100479602814 0.525941014289856
vt 0.1761379987001419 0.5143600106239319
vt 0.8253509998321533 0.7681710124015808
vt 0.5071529746055603 0.5822129845619202
vt 0.5057709813117981 0.5906630158424377
vt 0.008851000107824802 0.9916819930076599
vt 0.006207999773323536 0.9883760213851929
vt 0.7587149739265442 0.03243599832057953
vt 0.7588059902191162 0.013837000355124474
vt 0.7607020139694214 0.01385399978607893
vt 0.7606120109558105 0.031814999878406525
vt 0.625220000743866 0.601061999797821
vt 0.6158429980278015 0.6008700132369995
vt 0.6283569931983948 0.5692899823188782
vt 0.6352880001068115 0.569212019443512
vt 0.3617030084133148 0.5960659980773926
vt 0.3519290089607239 0.6027950048446655
vt 0.7987809777259827 0.6431289911270142
vt 0.805666983127594 0.6623769998550415
vt 0.9806100130081177 0.9821950197219849
vt 0.9780309796333313 0.9827579855918884
vt 0.9760100245475769 0.9397339820861816
vt 0.9806100130081177 0.9394230246543884
vt 0.04152600094676018 0.9228119850158691
vt 0.33946099877357483 0.5951089859008789
vt 0.334773987531662 0.6019909977912903
vt 0.6586940288543701 0.39510899782180786
vt 0.6609359979629517 0.3331019878387451
vt 0.6606289744377136 0.39510101079940796
vt 0.5153989791870117 0.8557440042495728
vt 0.5136629939079285 0.8851069808006287
vt 0.5040320158004761 0.8840230107307434
vt 0.08479399979114532 0.6125609874725342
vt 0.9032319784164429 0.6261910200119019
vt 0.9136040210723877 0.6290370225906372
vt 0.7365670204162598 0.729790985584259
vt 0.17963799834251404 0.4904569983482361
vt 0.8435189723968506 0.44975000619888306
vt 0.8444579839706421 0.4494430124759674
vt 0.6584380269050598 0.030347999185323715
vt 0.660988986492157 0.030998000875115395
vt 0.6889690160751343 0.4974769949913025
vt 0.5998629927635193 0.46076101064682007
vt 0.7425450086593628 0.3137589991092682
vt 0.740676999092102 0.3745560050010681
vt 0.7366319894790649 0.3743549883365631
vt 0.42719700932502747 0.8667140007019043
vt 0.42275598645210266 0.8664590120315552
vt 0.4285449981689453 0.8527389764785767
vt 0.010280000045895576 0.982420027256012
vt 0.006725999992340803 0.9844220280647278
vt 0.00700599979609251 0.9797670245170593
vt 0.010831000283360481 0.9790130257606506
vt 0.952701985836029 0.786175012588501
vt 0.9539260268211365 0.7862949967384338
vt 0.9488199949264526 0.8314399719238281
vt 0.9469580054283142 0.8313170075416565
vt 0.09275799989700317 0.03544599935412407
vt 0.1099810004234314 0.032853998243808746
vt 0.5779629945755005 0.592926025390625
vt 0.987725019454956 0.1999109983444214
vt 0.9875050187110901 0.19855700433254242
vt 0.990772008895874 0.19885699450969696
vt 0.9907900094985962 0.20081299543380737
vt 0.5547839999198914 0.8003730177879333
vt 0.5512760281562805 0.7786189913749695
vt 0.45687800645828247 0.8334540128707886
vt 0.45687800645828247 0.8558650016784668
vt 0.8290029764175415 0.8823260068893433
vt 0.8295230269432068 0.8709679841995239
vt 0.8314380049705505 0.8709750175476074
vt 0.8302789926528931 0.8823300004005432
vt 0.906919002532959 0.034237999469041824
vt 0.919530987739563 0.41625601053237915
vt 0.9304119944572449 0.4033609926700592
vt 0.5322449803352356 0.7041580080986023
vt 0.5233200192451477 0.7038249969482422
vt 0.8761919736862183 0.26869601011276245
vt 0.9599769711494446 0.15281300246715546
vt 0.9561489820480347 0.19681799411773682
vt 0.9548439979553223 0.19684700667858124
vt 0.9573959708213806 0.15220199525356293
vt 0.0758960023522377 0.6068680286407471
vt 0.1578039973974228 0.5445349812507629
vt 0.15391099452972412 0.536191999912262
vt 0.642549991607666 0.6098250150680542
vt 0.6419119834899902 0.609824001789093
vt 0.6419000029563904 0.5997380018234253
vt 0.6425380110740662 0.5997380018234253
vt 0.1752379983663559 0.49754300713539124
vt 0.1790979951620102 0.4975630044937134
vt 0.4067780077457428 0.027522999793291092
vt 0.4075700044631958 0.026322999969124794
vt 0.41055500507354736 0.03215799853205681
vt 0.4097839891910553 0.03272100165486336
vt 0.5833070278167725 0.7824419736862183
vt 0.7030280232429504 0.8889200091362
vt 0.7151380181312561 0.8986499905586243
vt 0.7108049988746643 0.9020159840583801
vt 0.7031319737434387 0.8921459913253784
vt 0.14362399280071259 0.06325999647378922
vt 0.14336200058460236 0.11216200143098831
vt 0.041825998574495316 0.49074599146842957
vt 0.04256200045347214 0.4978489875793457
vt 0.6618189811706543 0.46455299854278564
vt 0.9058399796485901 0.5483589768409729
vt 0.9035509824752808 0.5424870252609253
vt 0.3655009865760803 0.8751869797706604
vt 0.9696789979934692 0.6730930209159851
vt 0.9680010080337524 0.6507580280303955
vt 0.9737579822540283 0.6718230247497559
vt 0.7541710138320923 0.03505399823188782
vt 0.5455129742622375 0.8096339702606201
vt 0.8642989993095398 0.4921970069408417
vt 0.8768370151519775 0.4778810143470764
vt 0.8761029839515686 0.4843299984931946
vt 0.03554200008511543 0.8334659934043884
vt 0.03565400093793869 0.7814310193061829
vt 0.2917259931564331 0.9713220000267029
vt 0.29204198718070984 0.9732909798622131
vt 0.5263940095901489 0.9111250042915344
vt 0.9011189937591553 0.5825409889221191
vt 0.9042109847068787 0.582023024559021
vt 0.9036999940872192 0.589156985282898
vt 0.9018160104751587 0.5895040035247803
vt 0.03647900000214577 0.9169939756393433
vt 0.02429799921810627 0.9214959740638733
vt 0.8762590289115906 0.2679719924926758
vt 0.880128026008606 0.2678079903125763
vt 0.6808720231056213 0.7601789832115173
vt 0.6770070195198059 0.7600430250167847
vt 0.6302070021629333 0.9865419864654541
vt 0.6352800130844116 0.9876070022583008
vt 0.6308370232582092 0.9887890219688416
vt 0.6161159873008728 0.8896380066871643
vt 0.6192960143089294 0.8806959986686707
vt 0.6205679774284363 0.8845279812812805
vt 0.6186599731445312 0.8928319811820984
vt 0.07457000017166138 0.825689971446991
vt 0.07347799837589264 0.7998999953269958
vt 0.07862900197505951 0.7990390062332153
vt 0.08291199803352356 0.8243240118026733
vt 0.5308550000190735 0.7392240166664124
vt 0.9680010080337524 0.6241580247879028
vt 0.5341569781303406 0.840071976184845
vt 0.9375519752502441 0.14271800220012665
vt 0.8854560256004333 0.5968940258026123
vt 0.8435530066490173 0.9689059853553772
vt 0.8389229774475098 0.9685779809951782
vt 0.838670015335083 0.9672790169715881
vt 0.8432999849319458 0.9676060080528259
vt 0.4879609942436218 0.9441800117492676
vt 0.0443280003964901 0.9063599705696106
vt 0.04228400066494942 0.9074649810791016
vt 0.7356690168380737 0.03344700112938881
vt 0.7163479924201965 0.1461859941482544
vt 0.7143660187721252 0.14614200592041016
vt 0.7131440043449402 0.014038999564945698
vt 0.7151259779930115 0.014082999899983406
vt 0.028481999412178993 0.3661620020866394
vt 0.024687999859452248 0.3662000000476837
vt 0.48729100823402405 0.589398980140686
vt 0.6380950212478638 0.9831629991531372
vt 0.6379150152206421 0.9858070015907288
vt 0.41162100434303284 0.5315179824829102
vt 0.19314900040626526 0.944553017616272
vt 0.1912660002708435 0.9442830085754395
vt 0.046386998146772385 0.4354659914970398
vt 0.046682000160217285 0.4459330141544342
vt 0.030660999938845634 0.6997029781341553
vt 0.023591000586748123 0.7013859748840332
vt 0.9469580054283142 0.7409899830818176
vt 0.9488199949264526 0.7411119937896729
vt 0.5106790065765381 0.7167620062828064
vt 0.17259199917316437 0.7859600186347961
vt 0.17514300346374512 0.7968180179595947
vt 0.28732699155807495 0.9744830131530762
vt 0.286996990442276 0.972491979598999
vt 0.2917410135269165 0.9751830101013184
vt 0.7046120166778564 0.39137300848960876
vt 0.704371988773346 0.37378498911857605
vt 0.7149549722671509 0.9121289849281311
vt 0.7207810282707214 0.906361997127533
vt 0.7236809730529785 0.915690004825592
vt 0.4260930120944977 0.4354420006275177
vt 0.8740490078926086 0.416828989982605
vt 0.3544340133666992 0.8312469720840454
vt 0.3369719982147217 0.8271700143814087
vt 0.34099701046943665 0.8035460114479065
vt 0.34584200382232666 0.8047580122947693
vt 0.6307629942893982 0.7631750106811523
vt 0.6303849816322327 0.7506099939346313
vt 0.4438279867172241 0.008375000208616257
vt 0.6306750178337097 0.8506770133972168
vt 0.6302070021629333 0.8021349906921387
vt 0.6387609839439392 0.8021349906921387
vt 0.639286994934082 0.8506770133972168
vt 0.7960699796676636 0.0032289999071508646
vt 0.8059800267219543 0.0033569999504834414
vt 0.7554789781570435 0.43921399116516113
vt 0.9112799763679504 0.5583000183105469
vt 0.9076390266418457 0.5519750118255615
vt 0.9210749864578247 0.3134010136127472
vt 0.9327329993247986 0.3094039857387543
vt 0.3949980139732361 0.8914859890937805
vt 0.38833799958229065 0.8920019865036011
vt 0.38833799958229065 0.786046028137207
vt 0.3950760066509247 0.7856460213661194
vt 0.010883999988436699 0.5163769721984863
vt 0.0076950001530349255 0.49979498982429504
vt 0.011455999687314034 0.4997290074825287
vt 0.014007999561727047 0.5163130164146423
vt 0.040745001286268234 0.6532250046730042
vt 0.0452129989862442 0.6594139933586121
vt 0.6605430245399475 0.41299599409103394
vt 0.4529939889907837 0.1533460021018982
vt 0.4515640139579773 0.15316399931907654
vt 0.6645399928092957 0.4300529956817627
vt 0.8421949744224548 0.5656880140304565
vt 0.6584920287132263 0.4646550118923187
vt 0.6604080200195312 0.46466299891471863
vt 0.26246100664138794 0.575842022895813
vt 0.258760005235672 0.5757830142974854
vt 0.8633040189743042 0.685368001461029
vt 0.8711569905281067 0.6852319836616516
vt 0.06460899859666824 0.5363969802856445
vt 0.22528700530529022 0.7428730130195618
vt 0.8432999849319458 0.9643089771270752
vt 0.29182401299476624 0.9630119800567627
vt 0.29212701320648193 0.964959979057312
vt 0.7131699919700623 0.5858659744262695
vt 0.4116930067539215 0.8968669772148132
vt 0.4040290117263794 0.9025920033454895
vt 0.40430399775505066 0.8722079992294312
vt 0.4119679927825928 0.8658459782600403
vt 0.8925759792327881 0.9817730188369751
vt 0.7075390219688416 0.4774099886417389
vt 0.17507199943065643 0.3629249930381775
vt 0.17775499820709229 0.3630340099334717
vt 0.9484580159187317 0.27243098616600037
vt 0.9452660083770752 0.27252599596977234
vt 0.4723599851131439 0.9605399966239929
vt 0.034671999514102936 0.990979015827179
vt 0.023729000240564346 0.9858059883117676
vt 0.5263779759407043 0.9592959880828857
vt 0.5263689756393433 0.9689239859580994
vt 0.587149977684021 0.4773710072040558
vt 0.7864519953727722 0.23576700687408447
vt 0.908502995967865 0.05075899884104729
vt 0.8999450206756592 0.41308701038360596
vt 0.8994629979133606 0.4415139853954315
vt 0.8948950171470642 0.4366759955883026
vt 0.8987249732017517 0.4118500053882599
vt 0.6841830015182495 0.7424860000610352
vt 0.6845790147781372 0.7583670020103455
vt 0.6816809773445129 0.7434319853782654
vt 0.15297700464725494 0.7720170021057129
vt 0.14217700064182281 0.7756689786911011
vt 0.13669799268245697 0.768464982509613
vt 0.1466439962387085 0.7657170295715332
vt 0.41001999378204346 0.9184319972991943
vt 0.41698700189590454 0.9173009991645813
vt 0.7260940074920654 0.4609769880771637
vt 0.21441100537776947 0.9874230027198792
vt 0.21411700546741486 0.9847919940948486
vt 0.2157829999923706 0.9840859770774841
vt 0.21607699990272522 0.9867179989814758
vt 0.5731629729270935 0.9700509905815125
vt 0.5709620118141174 0.9633569717407227
vt 0.07623899728059769 0.03937000036239624
vt 0.09282399713993073 0.032951001077890396
vt 0.07617399841547012 0.04186499863862991
vt 0.7137240171432495 0.9685559868812561
vt 0.7030280232429504 0.9705560207366943
vt 0.8434119820594788 0.6472539901733398
vt 0.8367900252342224 0.6499819755554199
vt 0.16241499781608582 0.8964570164680481
vt 0.6952469944953918 0.4645040035247803
vt 0.050282999873161316 0.11361700296401978
vt 0.05474799871444702 0.1136069968342781
vt 0.943340003490448 0.6039909720420837
vt 0.9480839967727661 0.6033530235290527
vt 0.9667869806289673 0.1783899962902069
vt 0.9664360284805298 0.15986700356006622
vt 0.9797989726066589 0.15220199525356293
vt 0.9803839921951294 0.19052499532699585
vt 0.11004599928855896 0.030997000634670258
vt 0.655938982963562 0.4646430015563965
vt 0.8884329795837402 0.057711999863386154
vt 0.8896899819374084 0.057725999504327774
vt 0.8896980285644531 0.13393999636173248
vt 0.8884429931640625 0.13456499576568604
vt 0.9877060055732727 0.184579998254776
vt 0.990772008895874 0.18367700278759003
vt 0.34254300594329834 0.5912659764289856
vt 0.34583601355552673 0.5914170145988464
vt 0.33744099736213684 0.5949959754943848
vt 0.33478400111198425 0.5948629975318909
vt 0.36726999282836914 0.5786550045013428
vt 0.9386069774627686 0.9357799887657166
vt 0.9385719895362854 0.8908759951591492
vt 0.893451988697052 0.46588999032974243
vt 0.9583410024642944 0.35720500349998474
vt 0.9486550092697144 0.3553999960422516
vt 0.8293099999427795 0.9005270004272461
vt 0.8299490213394165 0.9005290269851685
vt 0.7287049889564514 0.6835460066795349
vt 0.7287970185279846 0.6782900094985962
vt 0.9197779893875122 0.6305710077285767
vt 0.9197779893875122 0.6527929902076721
vt 0.5294910073280334 0.7670379877090454
vt 0.5289660096168518 0.7777870297431946
vt 0.9308840036392212 0.7555130124092102
vt 0.9276670217514038 0.7557119727134705
vt 0.526373028755188 0.9515810012817383
vt 0.02515999972820282 0.43001800775527954
vt 0.01474200002849102 0.4125489890575409
vt 0.35154199600219727 0.595471978187561
vt 0.3351599872112274 0.6093140244483948
vt 0.943867027759552 0.1528410017490387
vt 0.9458919763565063 0.1528410017490387
vt 0.634253978729248 0.44446200132369995
vt 0.4430040121078491 0.1529960036277771
vt 0.851468026638031 0.9662920236587524
vt 0.8479419946670532 0.9680860042572021
vt 0.14391200244426727 0.7585009932518005
vt 0.15200500190258026 0.7539560198783875
vt 0.15653899312019348 0.7611650228500366
vt 0.16058699786663055 0.6613749861717224
vt 0.16606000065803528 0.6559299826622009
vt 0.48626700043678284 0.7826510071754456
vt 0.4846009910106659 0.7788439989089966
vt 0.5472729802131653 0.97919100522995
vt 0.5364949703216553 0.9791889786720276
vt 0.18556100130081177 0.3078800141811371
vt 0.18099799752235413 0.3078039884567261
vt 0.17277100682258606 0.27725398540496826
vt 0.18112899363040924 0.27729201316833496
vt 0.6743659973144531 0.5272539854049683
vt 0.6711159944534302 0.5272889733314514
vt 0.005142999812960625 0.4832119941711426
vt 0.004958000034093857 0.9795209765434265
vt 0.0067369998432695866 0.9758269786834717
vt 0.008919999934732914 0.9766979813575745
vt 0.756181001663208 0.03305700048804283
vt 0.7562710046768188 0.013818999752402306
vt 0.75559002161026 0.16960500180721283
vt 0.7581239938735962 0.16898399591445923
vt 0.7581250071525574 0.17090000212192535
vt 0.8873059749603271 0.6813920140266418
vt 0.8924790024757385 0.6814129948616028
vt 0.8935869932174683 0.7342619895935059
vt 0.8884140253067017 0.7342410087585449
vt 0.2914400100708008 0.9770740270614624
vt 0.2917560040950775 0.9790440201759338
vt 0.6948969960212708 0.9176520109176636
vt 0.6894450187683105 0.9225720167160034
vt 0.8364480137825012 0.4191029965877533
vt 0.8408200144767761 0.41924700140953064
vt 0.8407139778137207 0.43638598918914795
vt 0.8357229828834534 0.4362179934978485
vt 0.6126919984817505 0.42628198862075806
vt 0.6276059746742249 0.42674198746681213
vt 0.3125770092010498 0.9675869941711426
vt 0.3022870123386383 0.9694579839706421
vt 0.8355579972267151 0.9681540131568909
vt 0.8353049755096436 0.966854989528656
vt 0.4147999882698059 0.5316140055656433
vt 0.34441500902175903 0.8845369815826416
vt 0.34153398871421814 0.8842260241508484
vt 0.34810298681259155 0.8680840134620667
vt 0.8666719794273376 0.9636939764022827
vt 0.8623510003089905 0.9637690186500549
vt 0.2893339991569519 0.9780139923095703
vt 0.289016991853714 0.9760439991950989
vt 0.18543599545955658 0.8913469910621643
vt 0.18276800215244293 0.9028440117835999
vt 0.7309420108795166 0.9864869713783264
vt 0.14959600567817688 0.8420659899711609
vt 0.1460220068693161 0.8585370182991028
vt 0.13875700533390045 0.8563429713249207
vt 0.14050300419330597 0.8393049836158752
vt 0.004658000078052282 0.9841600060462952
vt 0.890641987323761 0.9846169948577881
vt 0.8923010230064392 0.983020007610321
vt 0.9482709765434265 0.26596599817276
vt 0.9450799822807312 0.266061007976532
vt 0.8417249917984009 0.7207520008087158
vt 0.8605610132217407 0.6969839930534363
vt 0.8603730201721191 0.7022410035133362
vt 0.8511670231819153 0.7209050059318542
vt 0.5324400067329407 0.46028900146484375
vt 0.5947380065917969 0.01670899987220764
vt 0.5980089902877808 0.011638999916613102
vt 0.41831400990486145 0.866204023361206
vt 0.4120500087738037 0.851768970489502
vt 0.6126440167427063 0.8921930193901062
vt 0.6145520210266113 0.897940993309021
vt 0.8879389762878418 0.604328989982605
vt 0.8935869932174683 0.605692982673645
vt 0.9589790105819702 0.3489139974117279
vt 0.9499319791793823 0.3490239977836609
vt 0.5867390036582947 0.4605419933795929
vt 0.492561012506485 0.581151008605957
vt 0.4839459955692291 0.5891299843788147
vt 0.7030280232429504 0.9927150011062622
vt 0.7030280232429504 0.9869899749755859
vt 0.712548017501831 0.9871410131454468
vt 0.712548017501831 0.9909579753875732
vt 0.05529800057411194 0.9440100193023682
vt 0.055275000631809235 0.9531260132789612
vt 0.0508279986679554 0.9529209733009338
vt 0.0508509986102581 0.9438049793243408
vt 0.4068320095539093 0.044762998819351196
vt 0.4141809940338135 0.05328400060534477
vt 0.4206160008907318 0.18308499455451965
vt 0.9152629971504211 0.7098309993743896
vt 0.9167159795761108 0.7124000191688538
vt 0.669579029083252 0.9481390118598938
vt 0.6670119762420654 0.9488739967346191
vt 0.6669830083847046 0.9039199948310852
vt 0.6695550084114075 0.9037700295448303
vt 0.4389069974422455 0.5680829882621765
vt 0.4389269948005676 0.5634980201721191
vt 0.36337900161743164 0.8643640279769897
vt 0.9396610260009766 0.8320630192756653
vt 0.9364680051803589 0.8320609927177429
vt 0.06389699876308441 0.9480500221252441
vt 0.07193300127983093 0.9398630261421204
vt 0.07529500126838684 0.9467509984970093
vt 0.06557799875736237 0.9514939785003662
vt 0.7249990105628967 0.6186479926109314
vt 0.722823977470398 0.611054003238678
vt 0.5736719965934753 0.5843210220336914
vt 0.5816299915313721 0.5929189920425415
vt 0.5700049996376038 0.5843279957771301
vt 0.9506739974021912 0.02956400066614151
vt 0.9487519860267639 0.03916399925947189
vt 0.9307630062103271 0.037512000650167465
vt 0.9326850175857544 0.027274999767541885
vt 0.5776399970054626 0.7829549908638
vt 0.5754809975624084 0.7866190075874329
vt 0.9644659757614136 0.7455790042877197
vt 0.9682909846305847 0.7463039755821228
vt 0.4849810004234314 0.6803979873657227
vt 0.6197490096092224 0.624925971031189
vt 0.6091200113296509 0.6245350241661072
vt 0.04130199924111366 0.46348899602890015
vt 0.0444910004734993 0.46348100900650024
vt 0.04373899847269058 0.4907410144805908
vt 0.03817800059914589 0.4635530114173889
vt 0.7374370098114014 0.4444560110569
vt 0.7360879778862 0.4443889856338501
vt 0.8497909903526306 0.8031330108642578
vt 0.9191259741783142 0.14375700056552887
vt 0.9191259741783142 0.13090600073337555
vt 0.921629011631012 0.1303109973669052
vt 0.9234799742698669 0.14274999499320984
vt 0.9303460121154785 0.2441760003566742
vt 0.661948025226593 0.5274479985237122
vt 0.7254999876022339 0.03130299970507622
vt 0.7256680130958557 0.014281000010669231
vt 0.3661690056324005 0.8418920040130615
vt 0.8884649872779846 0.003240999998524785
vt 0.27316901087760925 0.9152439832687378
vt 0.47626399993896484 0.7765030264854431
vt 0.4795520007610321 0.7773789763450623
vt 0.18276800215244293 0.7827669978141785
vt 0.18467600643634796 0.7821279764175415
vt 0.18649399280548096 0.793624997138977
vt 0.18543599545955658 0.7942630052566528
vt 0.810155987739563 0.9287700057029724
vt 0.7937219738960266 0.9460229873657227
vt 0.536001980304718 0.8199899792671204
vt 0.4822719991207123 0.7690359950065613
vt 0.21358899772167206 0.6759819984436035
vt 0.21677500009536743 0.6746180057525635
vt 0.7381139993667603 0.9163839817047119
vt 0.7440209984779358 0.8889200091362
vt 0.7325950264930725 0.16405299305915833
vt 0.7325689792633057 0.16216899454593658
vt 0.7415879964828491 0.9794120192527771
vt 0.7441589832305908 0.9823799729347229
vt 0.742950975894928 0.9840739965438843
vt 0.6629210114479065 0.03162899985909462
vt 0.9874669909477234 0.20872899889945984
vt 0.9876880049705505 0.20605799555778503
vt 0.9907529950141907 0.2069610059261322
vt 0.9905329942703247 0.2096319943666458
vt 0.8162609934806824 0.6970300078392029
vt 0.8137649893760681 0.6969699859619141
vt 0.44956499338150024 0.5770670175552368
vt 0.9876880049705505 0.18050000071525574
vt 0.9907529950141907 0.17959700524806976
vt 0.990772008895874 0.18166500329971313
vt 0.9877060055732727 0.1825679987668991
vt 0.6356459856033325 0.4618009924888611
vt 0.7234709858894348 0.03365800157189369
vt 0.7236869931221008 0.014236999675631523
vt 0.6284080147743225 0.7956759929656982
vt 0.6277819871902466 0.7955769896507263
vt 0.9898579716682434 0.2419459968805313
vt 0.9898579716682434 0.2847540080547333
vt 0.9852150082588196 0.28468000888824463
vt 0.9872459769248962 0.24156500399112701
vt 0.43911901116371155 0.9613289833068848
vt 0.44749701023101807 0.9613289833068848
vt 0.4386509954929352 0.9779360294342041
vt 0.4469119906425476 0.9779360294342041
vt 0.7140430212020874 0.5443860292434692
vt 0.7466740012168884 0.9176620244979858
vt 0.7479469776153564 0.9170230031013489
vt 0.404462993144989 0.8434680104255676
vt 0.18801400065422058 0.15401500463485718
vt 0.18036000430583954 0.15403200685977936
vt 0.18731099367141724 0.3421880006790161
vt 0.18392500281333923 0.34202298521995544
vt 0.17700700461864471 0.307669997215271
vt 0.8782860040664673 0.46563899517059326
vt 0.20778800547122955 0.36389198899269104
vt 0.20919500291347504 0.3512429893016815
vt 0.5579140186309814 0.9323980212211609
vt 0.5610179901123047 0.9325039982795715
vt 0.6495220065116882 0.33298400044441223
vt 0.2143629938364029 0.4993189871311188
vt 0.21691499650478363 0.4827229976654053
vt 0.24736499786376953 0.9714360237121582
vt 0.16505099833011627 0.2727470099925995
vt 0.13532699644565582 0.7635020017623901
vt 0.8585190176963806 0.9613140225410461
vt 0.8579270243644714 0.9596080183982849
vt 0.3648509979248047 0.8040739893913269
vt 0.36572501063346863 0.7956389784812927
vt 0.3670459985733032 0.7944110035896301
vt 0.8934640288352966 0.05776499956846237
vt 0.8935139775276184 0.11920999735593796
vt 0.8442609906196594 0.9260380268096924
vt 0.7200459837913513 0.6028169989585876
vt 0.5333189964294434 0.4939729869365692
vt 0.6936960220336914 0.9454100131988525
vt 0.692126989364624 0.9467800259590149
vt 0.9386069774627686 0.8453670144081116
vt 0.8558109998703003 0.5101590156555176
vt 0.8525930047035217 0.5184460282325745
vt 0.2007479965686798 0.6799110174179077
vt 0.943867027759552 0.24945299327373505
vt 0.9470589756965637 0.24935799837112427
vt 0.1009019985795021 0.9207469820976257
vt 0.10679599642753601 0.9313730001449585
vt 0.41556599736213684 0.05337800085544586
vt 0.9340540170669556 0.8162050247192383
vt 0.9339889883995056 0.8250370025634766
vt 0.04605399817228317 0.9719129800796509
vt 0.04936699941754341 0.973829984664917
vt 0.04605399817228317 0.991038978099823
vt 0.041131000965833664 0.9881150126457214
vt 0.16573700308799744 0.1133510023355484
vt 0.17020200192928314 0.11334100365638733
vt 0.9193019866943359 0.27472200989723206
vt 0.9192119836807251 0.2919290065765381
vt 0.9176759719848633 0.2918330132961273
vt 0.917140007019043 0.27472999691963196
vt 0.7159879803657532 0.6743360161781311
vt 0.7176139950752258 0.6702110171318054
vt 0.8473280072212219 0.9584699869155884
vt 0.9740269780158997 0.5964699983596802
vt 0.9680010080337524 0.5968940258026123
vt 0.9692689776420593 0.585191011428833
vt 0.9740269780158997 0.5849120020866394
vt 0.24897100031375885 0.9730859994888306
vt 0.6387609839439392 0.8992189764976501
vt 0.6302070021629333 0.8992189764976501
vt 0.03422300145030022 0.34254100918769836
vt 0.031539998948574066 0.36604100465774536
vt 0.8662130236625671 0.45024800300598145
vt 0.8647069931030273 0.4485119879245758
vt 0.8647069931030273 0.443682998418808
vt 0.8662139773368835 0.4454190135002136
vt 0.8634700179100037 0.3012219965457916
vt 0.8659679889678955 0.3022010028362274
vt 0.9735649824142456 0.6849660277366638
vt 0.9781500101089478 0.688368022441864
vt 0.9705809950828552 0.7214810252189636
vt 0.9712690114974976 0.9244679808616638
vt 0.9731720089912415 0.9251180291175842
vt 0.5553889870643616 0.57853102684021
vt 0.8309749960899353 0.597802996635437
vt 0.9716500043869019 0.9313309788703918
vt 0.9731529951095581 0.9311739802360535
vt 0.9733949899673462 0.9326090216636658
vt 0.9718930125236511 0.9327660202980042
vt 0.6056249737739563 0.8334320187568665
vt 0.6088060140609741 0.8334320187568665
vt 0.6161159873008728 0.818103015422821
vt 0.6186599731445312 0.8149089813232422
vt 0.8124409914016724 0.0847259983420372
vt 0.7387440204620361 0.9772199988365173
vt 0.9747499823570251 0.829945981502533
vt 0.9747499823570251 0.7889660000801086
vt 0.9879649877548218 0.8121520280838013
vt 0.9879519939422607 0.814083993434906
vt 0.532850980758667 0.47711798548698425
vt 0.5582879781723022 0.9880660176277161
vt 0.5579140186309814 0.9853500127792358
vt 0.5609269738197327 0.9882829785346985
vt 0.21117399632930756 0.5159159898757935
vt 0.20791900157928467 0.5158659815788269
vt 0.9004290103912354 0.057794999331235886
vt 0.9004600048065186 0.11925700306892395
vt 0.07743199914693832 0.8536660075187683
vt 0.07789000123739243 0.8651819825172424
vt 0.544189989566803 0.7728319764137268
vt 0.5428839921951294 0.7727540135383606
vt 0.8675119876861572 0.2708500027656555
vt 0.8663229942321777 0.27108100056648254
vt 0.7612879872322083 0.985073983669281
vt 0.759863018989563 0.9807019829750061
vt 0.7615100145339966 0.9802460074424744
vt 0.7628200054168701 0.9846959710121155
vt 0.6394580006599426 0.4445280134677887
vt 0.035624001175165176 0.907260000705719
vt 0.2442840039730072 0.6694700121879578
vt 0.24721300601959229 0.6690580248832703
vt 0.8714219927787781 0.6735399961471558
vt 0.8634750247001648 0.679489016532898
vt 0.7519749999046326 0.6249790191650391
vt 0.5808830261230469 0.09459099918603897
vt 0.945838987827301 0.10872600227594376
vt 0.9449920058250427 0.11289600282907486
vt 0.6491379737854004 0.497514009475708
vt 0.9251160025596619 0.4509409964084625
vt 0.9096189737319946 0.43194299936294556
vt 0.7252669930458069 0.16134099662303925
vt 0.5791670083999634 0.7766270041465759
vt 0.5803850293159485 0.7706670165061951
vt 0.5791609883308411 0.7726519703865051
vt 0.5746229887008667 0.7710909843444824
vt 0.2834939956665039 0.8850299715995789
vt 0.26154500246047974 0.8757349848747253
vt 0.27320098876953125 0.8755329847335815
vt 0.9193019866943359 0.25689300894737244
vt 0.9158890247344971 0.25710999965667725
vt 0.18181900680065155 0.9112300276756287
vt 0.18480800092220306 0.9099410176277161
vt 0.17947900295257568 0.9345679879188538
vt 0.17652900516986847 0.9358779788017273
vt 0.8999450206756592 0.45837900042533875
vt 0.8962470293045044 0.4545469880104065
vt 0.5087050199508667 0.8231239914894104
vt 0.45392799377441406 0.004554999992251396
vt 0.452564001083374 0.0032289999071508646
vt 0.6902940273284912 0.4127959907054901
vt 0.599560022354126 0.32877299189567566
vt 0.599556028842926 0.23945499956607819
vt 0.6060320138931274 0.23952500522136688
vt 0.6066139936447144 0.3288179934024811
vt 0.0032289999071508646 0.7796400189399719
vt 0.012637999840080738 0.6408830285072327
vt 0.01647699996829033 0.6417340040206909
vt 0.005975000094622374 0.7803440093994141
vt 0.37695300579071045 0.8909140229225159
vt 0.030726000666618347 0.9719129800796509
vt 0.034671999514102936 0.9724159836769104
vt 0.14627400040626526 0.06334000080823898
vt 0.14604400098323822 0.11227100342512131
vt 0.36444100737571716 0.8176220059394836
vt 0.8593090176582336 0.9639530181884766
vt 0.055309999734163284 0.9356319904327393
vt 0.05086300149559975 0.9354270100593567
vt 0.12221399694681168 0.5823779702186584
vt 0.5309119820594788 0.741923987865448
vt 0.5353419780731201 0.7420610189437866
vt 0.5266979932785034 0.5701779723167419
vt 0.9626989960670471 0.8800529837608337
vt 0.9634299874305725 0.9058359861373901
vt 0.9597020149230957 0.9065470099449158
vt 0.9589719772338867 0.8807640075683594
vt 0.5544480085372925 0.6378350257873535
vt 0.551367998123169 0.6358339786529541
vt 0.5354899764060974 0.8254579901695251
vt 0.7335450053215027 0.9297969937324524
vt 0.9551870226860046 0.7020419836044312
vt 0.9564629793167114 0.6988670229911804
vt 0.6492900252342224 0.16023899614810944
vt 0.650177001953125 0.030277999117970467
vt 0.9412599802017212 0.5687000155448914
vt 0.9469649791717529 0.5687000155448914
vt 0.9216570258140564 0.024212000891566277
vt 0.9143499732017517 0.017369000241160393
vt 0.37827399373054504 0.8896849751472473
vt 0.37856000661849976 0.8979460000991821
vt 0.37724000215530396 0.8991739749908447
vt 0.20456500351428986 0.429747998714447
vt 0.204367995262146 0.4468039870262146
vt 0.19470199942588806 0.4467400014400482
vt 0.48215800523757935 0.7768669724464417
vt 0.31129899621009827 0.9293829798698425
vt 0.3003599941730499 0.9268969893455505
vt 0.3683220148086548 0.7944549918174744
vt 0.6559339761734009 0.48119398951530457
vt 0.9538789987564087 0.020552000030875206
vt 0.9365289807319641 0.01826299913227558
vt 0.8703219890594482 0.9634190201759338
vt 0.8698679804801941 0.965578019618988
vt 0.8662179708480835 0.9658529758453369
vt 0.8821349740028381 0.13451600074768066
vt 0.4868130087852478 0.49468299746513367
vt 0.4913640022277832 0.5062609910964966
vt 0.4856559932231903 0.4947330057621002
vt 0.568789005279541 0.9202709794044495
vt 0.5687609910964966 0.9324229955673218
vt 0.5654850006103516 0.9325140118598938
vt 0.0038670001085847616 0.4659869968891144
vt 0.0032289999071508646 0.4487600028514862
vt 0.00762900011613965 0.44869300723075867
vt 0.6620010137557983 0.16034600138664246
vt 0.06202699989080429 0.040442999452352524
vt 0.2930470108985901 0.5937129855155945
vt 0.7536090016365051 0.034348998218774796
vt 0.7498869895935059 0.01381599996238947
vt 0.7421339750289917 0.9925100207328796
vt 0.7384139895439148 0.9925540089607239
vt 0.4190030097961426 0.5202479958534241
vt 0.6965619921684265 0.46447598934173584
vt 0.6927459836006165 0.48099300265312195
vt 0.8996869921684265 0.9878489971160889
vt 0.896344006061554 0.9909980297088623
vt 0.7050049901008606 0.40856000781059265
vt 0.7053989768028259 0.42574700713157654
vt 0.8324180245399475 0.6059420108795166
vt 0.4531719982624054 0.02820800058543682
vt 0.7869139909744263 0.5010460019111633
vt 0.7794060111045837 0.5009089708328247
vt 0.9797509908676147 0.0032289999071508646
vt 0.9939470291137695 0.02607100084424019
vt 0.9936059713363647 0.027406999841332436
vt 0.9797509908676147 0.04330499842762947
vt 0.8847450017929077 0.878150999546051
vt 0.8897979855537415 0.8776479959487915
vt 0.4764840006828308 0.7820850014686584
vt 0.6490960121154785 0.44727298617362976
vt 0.21563899517059326 0.35128501057624817
vt 0.9549170136451721 0.2628270089626312
vt 0.9587609767913818 0.2627289891242981
vt 0.9872419834136963 0.45128899812698364
vt 0.993058979511261 0.45053398609161377
vt 0.8387979865074158 0.9646570086479187
vt 0.5327860116958618 0.8858209848403931
vt 0.5232560038566589 0.8854939937591553
vt 0.5243549942970276 0.8561069965362549
vt 0.8360559940338135 0.964057981967926
vt 0.9906160235404968 0.13320599496364594
vt 0.987093985080719 0.13333800435066223
vt 0.988290011882782 0.1218620017170906
vt 0.9906160235404968 0.12173400074243546
vt 0.5378900170326233 0.7781199812889099
vt 0.5384150147438049 0.7673709988594055
vt 0.4044269919395447 0.851410984992981
vt 0.7642899751663208 0.03514299914240837
vt 0.764307975769043 0.032572001218795776
vt 0.7655659914016724 0.03322799876332283
vt 0.8364350199699402 0.8921869993209839
vt 0.8397229909896851 0.8921160101890564
vt 0.2551630139350891 0.9690300226211548
vt 0.5817480087280273 0.7734439969062805
vt 0.9546989798545837 0.5518649816513062
vt 0.9642400145530701 0.5550580024719238
vt 0.9374079704284668 0.19882799685001373
vt 0.9368820190429688 0.24545399844646454
vt 0.9398019909858704 0.8092049956321716
vt 0.936631977558136 0.8026340007781982
vt 0.3410319983959198 0.9019160270690918
vt 0.3369719982147217 0.9014019966125488
vt 0.9747499823570251 0.7742499709129333
vt 0.9752579927444458 0.7410330176353455
vt 0.7351769804954529 0.9921650290489197
vt 0.20893900096416473 0.8924520015716553
vt 0.20649099349975586 0.8923360109329224
vt 0.9658600091934204 0.10234999656677246
vt 0.9615020155906677 0.10137499868869781
vt 0.9611200094223022 0.9283990263938904
vt 0.9648100137710571 0.9276660084724426
vt 0.8359739780426025 0.40190601348876953
vt 0.8409839868545532 0.4020580053329468
vt 0.991864025592804 0.44484201073646545
vt 0.995589017868042 0.4492200016975403
vt 0.16542699933052063 0.7987340092658997
vt 0.7600209712982178 0.16964000463485718
vt 0.760021984577179 0.1715559959411621
vt 0.00762900011613965 0.4314649999141693
vt 0.01132499985396862 0.41347599029541016
vt 0.01068700011819601 0.4313429892063141
vt 0.9767770171165466 0.3012219965457916
vt 0.9710450172424316 0.32102200388908386
vt 0.32403799891471863 0.9589319825172424
vt 0.3542509973049164 0.9644179940223694
vt 0.5690690279006958 0.7823770046234131
vt 0.034265000373125076 0.9065679907798767
vt 0.03419400006532669 0.8334019780158997
vt 0.4103490114212036 0.5502830147743225
vt 0.41161999106407166 0.5503219962120056
vt 0.3976210057735443 0.5690540075302124
vt 0.39507800340652466 0.5689780116081238
vt 0.23771099746227264 0.8670459985733032
vt 0.22540700435638428 0.8640599846839905
vt 0.03764199838042259 0.27765101194381714
vt 0.7496039867401123 0.09006199985742569
vt 0.7533959746360779 0.09009800106287003
vt 0.4950000047683716 0.8822659850120544
vt 0.7565550208091736 0.9899330139160156
vt 0.7580029964447021 0.9866200089454651
vt 0.7605909705162048 0.9889479875564575
vt 0.7585150003433228 0.9922549724578857
vt 0.8730549812316895 0.30250000953674316
vt 0.6632059812545776 0.5274699926376343
vt 0.934095025062561 0.8088480234146118
vt 0.7261959910392761 0.16542699933052063
vt 0.9715710282325745 0.9218869805335999
vt 0.9734740257263184 0.9225370287895203
vt 0.43889498710632324 0.3203760087490082
vt 0.6379430294036865 0.9878479838371277
vt 0.07421000301837921 0.5446990132331848
vt 0.5873309969902039 0.9825950264930725
vt 0.218190997838974 0.46549201011657715
vt 0.7157480120658875 0.6793559789657593
vt 0.234948992729187 0.49800699949264526
vt 0.22997599840164185 0.4979090094566345
vt 0.5301600098609924 0.7683330178260803
vt 0.9144729971885681 0.24585799872875214
vt 0.9175770282745361 0.2453259974718094
vt 0.8869649767875671 0.9771770238876343
vt 0.8860800266265869 0.974943995475769
vt 0.7797750234603882 0.5191090106964111
vt 0.7189630270004272 0.14620700478553772
vt 0.7171080112457275 0.014127000235021114
vt 0.8997510075569153 0.9753659963607788
vt 0.9015840291976929 0.9790760278701782
vt 0.664559006690979 0.5274099707603455
vt 0.16495899856090546 0.7885149717330933
vt 0.16686800122261047 0.7878760099411011
vt 0.1693599969148636 0.7974569797515869
vt 0.1673939973115921 0.7980960011482239
vt 0.9488949775695801 0.9276620149612427
vt 0.9507799744606018 0.9347149729728699
vt 0.5695139765739441 0.9099689722061157
vt 0.8581590056419373 0.9794290065765381
vt 0.858555018901825 0.9751610159873962
vt 0.8319979906082153 0.7386760115623474
vt 0.7377690076828003 0.8515689969062805
vt 0.735031008720398 0.8671169877052307
vt 0.73368901014328 0.8669670224189758
vt 0.7357940077781677 0.851402997970581
vt 0.37616100907325745 0.8471540212631226
vt 0.126800999045372 0.7821279764175415
vt 0.1216059997677803 0.7945759892463684
vt 0.17831599712371826 0.7840440273284912
vt 0.1808599978685379 0.7834050059318542
vt 0.18352800607681274 0.7949020266532898
vt 0.18156200647354126 0.795540988445282
vt 0.0719280019402504 0.8261979818344116
vt 0.5197219848632812 0.47718700766563416
vt 0.5072180032730103 0.470210999250412
vt 0.4114980101585388 0.0385189987719059
vt 0.4128830134868622 0.03861299902200699
vt 0.2566229999065399 0.7750189900398254
vt 0.8206480145454407 0.5844879746437073
vt 0.8200849890708923 0.5786899924278259
vt 0.9568489789962769 0.10174299776554108
vt 0.029332000762224197 0.3913100063800812
vt 0.02563600055873394 0.3914330005645752
vt 0.01068700011819601 0.44857099652290344
vt 0.43967801332473755 0.5479509830474854
vt 0.439395010471344 0.5567799806594849
vt 0.22551099956035614 0.7601789832115173
vt 0.9599769711494446 0.24084000289440155
vt 0.9573959708213806 0.2415039986371994
vt 0.4031499922275543 0.8074769973754883
vt 0.4019080102443695 0.8135409951210022
vt 0.40187299251556396 0.8055660128593445
vt 0.8373749852180481 0.9881439805030823
vt 0.8471260070800781 0.9890379905700684
vt 0.8376510143280029 0.0032289999071508646
vt 0.8471300005912781 0.003441999899223447
vt 0.04288800060749054 0.9144240021705627
vt 0.8470450043678284 0.9304400086402893
vt 0.8476589918136597 0.9268670082092285
vt 0.9680010080337524 0.7211080193519592
vt 0.9680010080337524 0.6795520186424255
vt 0.9724979996681213 0.680230975151062
vt 0.6145709753036499 0.6750940084457397
vt 0.720067024230957 0.14593400061130524
vt 0.7214149832725525 0.14600199460983276
vt 0.40193700790405273 0.8304799795150757
vt 0.2745809853076935 0.04078499972820282
vt 0.25148800015449524 0.17799699306488037
vt 0.24894499778747559 0.17792099714279175
vt 0.26667100191116333 0.048847001045942307
vt 0.9301249980926514 0.049609001725912094
vt 0.9481139779090881 0.04871499910950661
vt 0.8311690092086792 0.5657960176467896
vt 0.16097700595855713 0.2107280045747757
vt 0.16866500675678253 0.21073900163173676
vt 0.28856000304222107 0.97079998254776
vt 0.28824400901794434 0.9688299894332886
vt 0.29202699661254883 0.9694300293922424
vt 0.7681779861450195 0.03445599973201752
vt 0.7682859897613525 0.013925000093877316
vt 0.7701830267906189 0.013942000456154346
vt 0.7719150185585022 0.04411900043487549
vt 0.05459500104188919 0.9617549777030945
vt 0.050787001848220825 0.9615510106086731
vt 0.022935999557375908 0.9794210195541382
vt 0.4030269980430603 0.7875229716300964
vt 0.40174901485443115 0.7856119871139526
vt 0.5143960118293762 0.7034919857978821
vt 0.9349949955940247 0.14082500338554382
vt 0.18435099720954895 0.2773129940032959
vt 0.18942099809646606 0.30790001153945923
vt 0.8464300036430359 0.41944000124931335
vt 0.8475430011749268 0.4366460144519806
vt 0.4266960024833679 0.41758298873901367
vt 0.8847450017929077 0.6810489892959595
vt 0.8854569792747498 0.6033520102500916
vt 0.444254994392395 0.004029999952763319
vt 0.9308429956436157 0.7654169797897339
vt 0.5264179706573486 0.7417280077934265
vt 0.6554449796676636 0.8650040030479431
vt 0.711571991443634 0.007586000021547079
vt 0.7038050293922424 0.0032289999071508646
vt 0.8616970181465149 0.9199960231781006
vt 0.8653309941291809 0.921517014503479
vt 0.6186180114746094 0.7316250205039978
vt 0.330392986536026 0.9666460156440735
vt 0.3543030023574829 0.9738450050354004
vt 0.37613001465797424 0.9085699915885925
vt 0.37620899081230164 0.9527209997177124
vt 0.3631129860877991 0.9777420163154602
vt 0.3631129860877991 0.9337059855461121
vt 0.934095025062561 0.7553640007972717
vt 0.25558000802993774 0.9723349809646606
vt 0.6302070021629333 0.9313730001449585
vt 0.6327080130577087 0.9061030149459839
vt 0.6378769874572754 0.9056779742240906
vt 0.6351839900016785 0.930308997631073
vt 0.16369600594043732 0.951416015625
vt 0.1560550034046173 0.9521719813346863
vt 0.1582760065793991 0.9277909994125366
vt 0.1628980040550232 0.9271979928016663
vt 0.45529401302337646 0.484499990940094
vt 0.4537830054759979 0.4842039942741394
vt 0.2556299865245819 0.5452359914779663
vt 0.599219024181366 0.3907009959220886
vt 0.6104350090026855 0.39091500639915466
vt 0.2762649953365326 0.5936790108680725
vt 0.4522460103034973 0.8829659819602966
vt 0.4479610025882721 0.8841760158538818
vt 0.2143619954586029 0.9819290041923523
vt 0.21568499505519867 0.9820579886436462
vt 0.8752719759941101 0.2832140028476715
vt 0.8933879733085632 0.742268979549408
vt 0.901373028755188 0.7409899830818176
vt 0.641746997833252 0.569212019443512
vt 0.6423860192298889 0.5692129731178284
vt 0.906919002532959 0.10746800154447556
vt 0.9088460206985474 0.11246199905872345
vt 0.47710898518562317 0.9788060188293457
vt 0.7488150000572205 0.6773980259895325
vt 0.762440025806427 0.5540940165519714
vt 0.7698760032653809 0.5517370104789734
vt 0.3776789903640747 0.8011519908905029
vt 0.07937099784612656 0.991316020488739
vt 0.07897999882698059 0.9836940169334412
vt 0.0827070027589798 0.9842640161514282
vt 0.0827070027589798 0.9913870096206665
vt 0.7450519800186157 0.9297969937324524
vt 0.4414049983024597 0.48323899507522583
vt 0.8822699785232544 0.15220199525356293
vt 0.9868429899215698 0.17596499621868134
vt 0.9890829920768738 0.17460599541664124
vt 0.9905329942703247 0.17692700028419495
vt 0.9874669909477234 0.17782999575138092
vt 0.2879140079021454 0.9668390154838562
vt 0.28769901394844055 0.9642390012741089
vt 0.2917119860649109 0.9674599766731262
vt 0.14478600025177002 0.6067090034484863
vt 0.9215220212936401 0.014386000111699104
vt 0.917868971824646 0.010964999906718731
vt 0.47613900899887085 0.32958701252937317
vt 0.4740050137042999 0.39156201481819153
vt 0.4683380126953125 0.3915730118751526
vt 0.46977800130844116 0.329569011926651
vt 0.07669799774885178 0.03275199979543686
vt 0.9868429899215698 0.21059300005435944
vt 0.9890829920768738 0.21195200085639954
vt 0.5502520203590393 0.9725970029830933
vt 0.9883040189743042 0.5857099890708923
vt 0.5441150069236755 0.7627559900283813
vt 0.8120930194854736 0.44266998767852783
vt 0.45892199873924255 0.9302600026130676
vt 0.4544520080089569 0.9303200244903564
vt 0.45433101058006287 0.9220929741859436
vt 0.4588010013103485 0.9220340251922607
vt 0.9843829870223999 0.3990800082683563
vt 0.9812390208244324 0.3986800014972687
vt 0.9810439944267273 0.3860880136489868
vt 0.9855170249938965 0.38560399413108826
vt 0.49325498938560486 0.6574620008468628
vt 0.7375149726867676 0.5340110063552856
vt 0.4807080030441284 0.6923990249633789
vt 0.989130973815918 0.6918669939041138
vt 0.3664329946041107 0.8834189772605896
vt 0.5601149797439575 0.9633319973945618
vt 0.47842898964881897 0.7668910026550293
vt 0.7420809864997864 0.2268349975347519
vt 0.82253098487854 0.786221981048584
vt 0.8212730288505554 0.7861999869346619
vt 0.29058998823165894 0.9022160172462463
vt 0.28933200240135193 0.9085959792137146
vt 0.9302989840507507 0.9370980262756348
vt 0.8353049755096436 0.9920949935913086
vt 0.8481450080871582 0.9920949935913086
vt 0.20279499888420105 0.6459670066833496
vt 0.20937199890613556 0.6434270143508911
vt 0.9421430230140686 0.7269229888916016
vt 0.9453349709510803 0.7269240021705627
vt 0.3000029921531677 0.9019140005111694
vt 0.3000220060348511 0.7968800067901611
vt 0.3071019947528839 0.7968609929084778
vt 0.3071019947528839 0.9018790125846863
vt 0.5257300138473511 0.7681970000267029
vt 0.9795420169830322 0.5368279814720154
vt 0.9795420169830322 0.578345000743866
vt 0.023753000423312187 0.44713398814201355
vt 0.02177399955689907 0.4643090069293976
vt 0.014790999703109264 0.464354008436203
vt 0.01428299956023693 0.44724199175834656
vt 0.9323130249977112 0.1528410017490387
vt 0.9342790246009827 0.1528410017490387
vt 0.9836400151252747 0.23690900206565857
vt 0.9708729982376099 0.2353069931268692
vt 0.9131609797477722 0.6033530235290527
vt 0.9174829721450806 0.6044260263442993
vt 0.7537320256233215 0.6346099972724915
vt 0.9012709856033325 0.9836210012435913
vt 0.751537024974823 0.38693898916244507
vt 0.6236569881439209 0.7828419804573059
vt 0.8897250294685364 0.0038920000661164522
vt 0.8934950232505798 0.013542000204324722
vt 0.343997985124588 0.6440830230712891
vt 0.3472679853439331 0.6445840001106262
vt 0.17705200612545013 0.38850000500679016
vt 0.17181800305843353 0.3628750145435333
vt 0.8349270224571228 0.38401201367378235
vt 0.8411949872970581 0.38419800996780396
vt 0.8802530169487 0.13321100175380707
vt 0.3627060055732727 0.5784649848937988
vt 0.6812120079994202 0.8754429817199707
vt 0.6854550242424011 0.8657429814338684
vt 0.6838759779930115 0.8757629990577698
vt 0.8706730008125305 0.13742999732494354
vt 0.873769998550415 0.13853900134563446
vt 0.11514800041913986 0.6304559707641602
vt 0.11420200020074844 0.6350489854812622
vt 0.4618789851665497 0.566536009311676
vt 0.4536919891834259 0.565077006816864
vt 0.052039001137018204 0.8870319724082947
vt 0.050787001848220825 0.8697739839553833
vt 0.7381330132484436 0.16329200565814972
vt 0.7354540228843689 0.16441400349140167
vt 0.23388400673866272 0.7938240170478821
vt 0.8733010292053223 0.6793100237846375
vt 0.13659900426864624 0.6366810202598572
vt 0.13888700306415558 0.6344119906425476
vt 0.649819016456604 0.5459309816360474
vt 0.6566680073738098 0.5461120009422302
vt 0.48478201031684875 0.47798100113868713
vt 0.4798080027103424 0.47801899909973145
vt 0.620993971824646 0.7491220235824585
vt 0.4770269989967346 0.7369570136070251
vt 0.2892960011959076 0.8958380222320557
vt 0.07355699688196182 0.06350799649953842
vt 0.07332699745893478 0.11243800073862076
vt 0.9478579759597778 0.15220199525356293
vt 0.09685199707746506 0.915615975856781
vt 0.0534060001373291 0.9041550159454346
vt 0.05790900066494942 0.903406023979187
vt 0.5128620266914368 0.7562810182571411
vt 0.5199810266494751 0.7513520121574402
vt 0.9148659706115723 0.8516610264778137
vt 0.9237989783287048 0.8459410071372986
vt 0.9308429956436157 0.8029829859733582
vt 0.9308429956436157 0.7997990250587463
vt 0.8198850154876709 0.542011022567749
vt 0.5145930051803589 0.5770090222358704
vt 0.6213290095329285 0.6981160044670105
vt 0.7872639894485474 0.5192630290985107
vt 0.8541650176048279 0.45682600140571594
vt 0.8567360043525696 0.45385798811912537
vt 0.33726000785827637 0.8485519886016846
vt 0.8225460052490234 0.5317389965057373
vt 0.24675999581813812 0.9786970019340515
vt 0.24710999429225922 0.9766259789466858
vt 0.649088978767395 0.464462012052536
vt 0.9135910272598267 0.7890949845314026
vt 0.9097610116004944 0.7439169883728027
vt 0.9135910272598267 0.749019980430603
vt 0.9173939824104309 0.7891669869422913
vt 0.42534899711608887 0.5207269787788391
vt 0.8449469804763794 0.38431599736213684
vt 0.18646100163459778 0.8919860124588013
vt 0.18467600643634796 0.903482973575592
vt 0.368833988904953 0.9020659923553467
vt 0.37011000514030457 0.9021109938621521
vt 0.44172900915145874 0.004745999816805124
vt 0.5846260190010071 0.780547022819519
vt 0.13567499816417694 0.12108399718999863
vt 0.6286349892616272 0.7332119941711426
vt 0.23270800709724426 0.5146440267562866
vt 0.5002869963645935 0.8166549801826477
vt 0.03431599959731102 0.7819949984550476
vt 0.6380950212478638 0.9932990074157715
vt 0.9939280152320862 0.08917299658060074
vt 0.9797509908676147 0.07305499911308289
vt 0.9798060059547424 0.07128400355577469
vt 0.9939280152320862 0.0497639998793602
vt 0.5110030174255371 0.5751029849052429
vt 0.7597839832305908 0.48925700783729553
vt 0.2502869963645935 0.8543639779090881
vt 0.25007399916648865 0.8603670001029968
vt 0.5467280149459839 0.7596039772033691
vt 0.9344009757041931 0.10144300013780594
vt 0.7227500081062317 0.9899460077285767
vt 0.7190070152282715 0.9904220104217529
vt 0.7201340198516846 0.9832900166511536
vt 0.7227500081062317 0.9812660217285156
vt 0.16248199343681335 0.1030919998884201
vt 0.16758500039577484 0.10308100283145905
vt 0.256848007440567 0.7916960120201111
vt 0.9230239987373352 0.025457000359892845
vt 0.7310000061988831 0.9297969937324524
vt 0.915490984916687 0.5932509899139404
vt 0.9138290286064148 0.596231997013092
vt 0.3698189854621887 0.7861430048942566
vt 0.37856000661849976 0.7921810150146484
vt 0.3642680048942566 0.873869001865387
vt 0.9398019909858704 0.7531740069389343
vt 0.9366080164909363 0.753171980381012
vt 0.9365440011024475 0.7441750168800354
vt 0.9397370219230652 0.7441779971122742
vt 0.2035990059375763 0.463918000459671
vt 0.19654999673366547 0.4639059901237488
vt 0.9690499901771545 0.1057329997420311
vt 0.8857730031013489 0.7345309853553772
vt 0.18973200023174286 0.36567598581314087
vt 0.19530899822711945 0.39104199409484863
vt 0.19134999811649323 0.3909359872341156
vt 0.5028679966926575 0.524878978729248
vt 0.33992800116539 0.6154389977455139
vt 0.3226099908351898 0.6193869709968567
vt 0.32276099920272827 0.6149219870567322
vt 0.9262369871139526 0.7301750183105469
vt 0.9262369871139526 0.7063549757003784
vt 0.9318689703941345 0.707768976688385
vt 0.9312490224838257 0.7313309907913208
vt 0.7579650282859802 0.9834510087966919
vt 0.7565550208091736 0.9803469777107239
vt 0.19126999378204346 0.9723650217056274
vt 0.1912660002708435 0.9623759984970093
vt 0.19254200160503387 0.9623289704322815
vt 0.19254599511623383 0.9723179936408997
vt 0.9004600048065186 0.013573000207543373
vt 0.3424080014228821 0.729079008102417
vt 0.3550739884376526 0.731328010559082
vt 0.9667869806289673 0.2026599943637848
vt 0.9797989726066589 0.22884799540042877
vt 0.9664360284805298 0.22118300199508667
vt 0.6163210272789001 0.64553302526474
vt 0.6057500243186951 0.645268976688385
vt 0.8691160082817078 0.9723119735717773
vt 0.8707200288772583 0.9752780199050903
vt 0.8494470119476318 0.4584070146083832
vt 0.014480000361800194 0.430186003446579
vt 0.01001300010830164 0.9730949997901917
vt 0.012839999981224537 0.9738450050354004
vt 0.49178698658943176 0.49464499950408936
vt 0.9368820190429688 0.15220199525356293
vt 0.7305909991264343 0.6575070023536682
vt 0.9145569801330566 0.5650709867477417
vt 0.9135680198669434 0.5659779906272888
vt 0.17108699679374695 0.019680999219417572
vt 0.1596049964427948 0.01460300013422966
vt 0.6620399951934814 0.394991010427475
vt 0.6624050140380859 0.33294200897216797
vt 0.6649500131607056 0.3456900119781494
vt 0.5263540148735046 0.97919100522995
vt 0.9815419912338257 0.6521260142326355
vt 0.9861829876899719 0.6477460265159607
vt 0.9861829876899719 0.6694200038909912
vt 0.98301100730896 0.6697779893875122
vt 0.3125770092010498 0.9191960096359253
vt 0.3022870123386383 0.918520987033844
vt 0.8999109864234924 0.4674600064754486
vt 0.9019759893417358 0.46563899517059326
vt 0.15623100101947784 0.8919860124588013
vt 0.1560550034046173 0.8964570164680481
vt 0.4225499927997589 0.8905079960823059
vt 0.7405949831008911 0.5438809990882874
vt 0.7368450164794922 0.5477880239486694
vt 0.9152629971504211 0.9872620105743408
vt 0.18170200288295746 0.7430099844932556
vt 0.17678199708461761 0.7525119781494141
vt 0.4420279860496521 0.49522700905799866
vt 0.7328130006790161 0.8506320118904114
vt 0.6766560077667236 0.7447100281715393
vt 0.16242000460624695 0.7670159935951233
vt 0.24872100353240967 0.9750589728355408
vt 0.24438799917697906 0.9758129715919495
vt 0.8453559875488281 0.40220099687576294
vt 0.7528190016746521 0.40481799840927124
vt 0.7541400194168091 0.4220240116119385
vt 0.7570890188217163 0.9782969951629639
vt 0.75872802734375 0.9772070050239563
vt 0.9135910272598267 0.8291699886322021
vt 0.9097610116004944 0.8342440128326416
vt 0.8688129782676697 0.28759899735450745
vt 0.8674070239067078 0.28654301166534424
vt 0.9881389737129211 0.44046398997306824
vt 0.7109580039978027 0.16379399597644806
vt 0.7221590280532837 0.17756199836730957
vt 0.21411700546741486 0.9902999997138977
vt 0.21617400646209717 0.9887459874153137
vt 0.45339900255203247 0.4330599904060364
vt 0.9261069893836975 0.5110099911689758
vt 0.9309920072555542 0.5086719989776611
vt 0.9257820248603821 0.5622410178184509
vt 0.9236119985580444 0.5529410243034363
vt 0.6139529943466187 0.6532589793205261
vt 0.1443759948015213 0.5445370078086853
vt 0.0032289999071508646 0.43153300881385803
vt 0.8475430011749268 0.08746399730443954
vt 0.10958799719810486 0.12822000682353973
vt 0.08024600148200989 0.12828800082206726
vt 0.13338199257850647 0.8906840085983276
vt 0.1303579956293106 0.8897770047187805
vt 0.05520699918270111 0.10060899704694748
vt 0.057121001183986664 0.10060399770736694
vt 0.9398019909858704 0.7557209730148315
vt 0.6347630023956299 0.7269530296325684
vt 0.629584014415741 0.6996600031852722
vt 0.762440025806427 0.5272930264472961
vt 0.76739501953125 0.5257220268249512
vt 0.9589890241622925 0.5886440277099609
vt 0.9571009874343872 0.5884169936180115
vt 0.7712950110435486 0.8895589709281921
vt 0.7733200192451477 0.8889200091362
vt 0.5042150020599365 0.01951099932193756
vt 0.5086789727210999 0.017609000205993652
vt 0.6000890135765076 0.4704650044441223
vt 0.1931309998035431 0.46371299028396606
vt 0.8295990228652954 0.9123759865760803
vt 0.8302379846572876 0.9123780131340027
vt 0.6072049736976624 0.8921930193901062
vt 0.6065689921379089 0.8998569846153259
vt 0.6091129779815674 0.9030510187149048
vt 0.431102991104126 0.9524319767951965
vt 0.42855098843574524 0.9575290083885193
vt 0.05221400037407875 0.11418700218200684
vt 0.05349000170826912 0.11482299864292145
vt 0.9097750186920166 0.07828900218009949
vt 0.3478569984436035 0.591530978679657
vt 0.8336020112037659 0.7465940117835999
vt 0.23747199773788452 0.9919450283050537
vt 0.22528700530529022 0.9876149892807007
vt 0.22670499980449677 0.9769840240478516
vt 0.23747199773788452 0.9769020080566406
vt 0.930420994758606 0.29454299807548523
vt 0.9265879988670349 0.2945399880409241
vt 0.9266589879989624 0.251911997795105
vt 0.931768000125885 0.2531900107860565
vt 0.4276599884033203 0.887328028678894
vt 0.8735049962997437 0.9566709995269775
vt 0.354977011680603 0.6458690166473389
vt 0.7379840016365051 0.42677000164985657
vt 0.9855170249938965 0.42414599657058716
vt 0.9823729991912842 0.4237459897994995
vt 0.9816809892654419 0.4117720127105713
vt 0.9848250150680542 0.41217198967933655
vt 0.7351930141448975 0.16281799972057343
vt 0.9583680033683777 0.08407600224018097
vt 0.9429330229759216 0.08751899749040604
vt 0.28359100222587585 0.9194750189781189
vt 0.2733519971370697 0.9291139841079712
vt 0.13892999291419983 0.128151997923851
vt 0.2058749943971634 0.5157560110092163
vt 0.7032399773597717 0.579820990562439
vt 0.9159629940986633 0.946681022644043
vt 0.9286329746246338 0.9450010061264038
vt 0.885138988494873 0.3012219965457916
vt 0.975721001625061 0.9114320278167725
vt 0.9712690114974976 0.8871970176696777
vt 0.9743130207061768 0.8884440064430237
vt 0.9787369966506958 0.9126449823379517
vt 0.9654380083084106 0.35742899775505066
vt 0.4855859875679016 0.443558007478714
vt 0.4813019931316376 0.4263420104980469
vt 0.4749949872493744 0.7738149762153625
vt 0.9916099905967712 0.6919249892234802
vt 0.9930790066719055 0.7258729934692383
vt 0.9912710189819336 0.7254120111465454
vt 0.0654280036687851 0.5887960195541382
vt 0.1771170049905777 0.4166319966316223
vt 0.22528700530529022 0.8827540278434753
vt 0.4275150001049042 0.3556770086288452
vt 0.933912992477417 0.833968997001648
vt 0.9307199716567993 0.8307830095291138
vt 0.04288800060749054 0.9654539823532104
vt 0.17705099284648895 0.8887919783592224
vt 0.1745000034570694 0.900288999080658
vt 0.2329539954662323 0.3498240113258362
vt 0.22988800704479218 0.3497839868068695
vt 0.872452974319458 0.9528080224990845
vt 0.9224309921264648 0.015186999924480915
vt 0.9551870226860046 0.6039239764213562
vt 0.9570749998092651 0.6033530235290527
vt 0.5714669823646545 0.7862970232963562
vt 0.7559599876403809 0.5257220268249512
vt 0.749002993106842 0.5340510010719299
vt 0.4866580069065094 0.7678080201148987
vt 0.3379479944705963 0.7283070087432861
vt 0.9868429899215698 0.1965090036392212
vt 0.9900919795036316 0.19686399400234222
vt 0.7030280232429504 0.9812660217285156
vt 0.712548017501831 0.9833239912986755
vt 0.17903099954128265 0.41024699807167053
vt 0.9864709973335266 0.8441380262374878
vt 0.9922170042991638 0.8441380262374878
vt 0.30559399724006653 0.6144059896469116
vt 0.06725899875164032 0.9549379944801331
vt 0.07865700125694275 0.9536380171775818
vt 0.47370898723602295 0.9721770286560059
vt 0.9583680033683777 0.012764000333845615
vt 0.9429330229759216 0.011113000102341175
vt 0.669579029083252 0.8589980006217957
vt 0.6670119762420654 0.8584610223770142
vt 0.5665680170059204 0.9895880222320557
vt 0.24440500140190125 0.9631839990615845
vt 0.6259639859199524 0.6823880076408386
vt 0.14728200435638428 0.9621049761772156
vt 0.1423259973526001 0.9610329866409302
vt 0.23080100119113922 0.5145859718322754
vt 0.8847450017929077 0.9871079921722412
vt 0.8860909938812256 0.9841939806938171
vt 0.6766560077667236 0.875370979309082
vt 0.7193920016288757 0.042653001844882965
vt 0.7217050194740295 0.014192000031471252
vt 0.48479199409484863 0.8139960169792175
vt 0.5146350264549255 0.7569630146026611
vt 0.5142310261726379 0.7518690228462219
vt 0.7466740012168884 0.9419320225715637
vt 0.7479469776153564 0.9425709843635559
vt 0.5674880146980286 0.019301999360322952
vt 0.8658009767532349 0.7681270241737366
vt 0.9712690114974976 0.9191039800643921
vt 0.9735270142555237 0.9205399751663208
vt 0.9716470241546631 0.38560399413108826
vt 0.9745849967002869 0.38697299361228943
vt 0.7609350085258484 0.9498379826545715
vt 0.759028971195221 0.9497569799423218
vt 0.7614529728889465 0.9313210248947144
vt 0.763359010219574 0.9314020276069641
vt 0.17050600051879883 0.7606639862060547
vt 0.5173879861831665 0.09446900337934494
vt 0.5248450040817261 0.023013999685645103
vt 0.5924479961395264 0.09467499703168869
vt 0.6006559729576111 0.09495899826288223
vt 0.19324800372123718 0.17900200188159943
vt 0.20160600543022156 0.17903999984264374
vt 0.888185977935791 0.9807720184326172
vt 0.8850190043449402 0.9799990057945251
vt 0.8854309916496277 0.9781280159950256
vt 0.9654340147972107 0.09136799722909927
vt 0.9557369947433472 0.09491600096225739
vt 0.5643560290336609 0.6472020149230957
vt 0.9444699883460999 0.5562160015106201
vt 0.9374510049819946 0.5109120011329651
vt 0.9444119930267334 0.5109930038452148
vt 0.9482399821281433 0.5486360192298889
vt 0.18480800092220306 0.9784470200538635
vt 0.17972299456596375 0.9789069890975952
vt 0.39301198720932007 0.9914190173149109
vt 0.38928499817848206 0.9889490008354187
vt 0.38928499817848206 0.9762309789657593
vt 0.3952910006046295 0.9868249893188477
vt 0.16370999813079834 0.9790570139884949
vt 0.17007000744342804 0.9715250134468079
vt 0.8718600273132324 0.9760180115699768
vt 0.8714640140533447 0.9796519875526428
vt 0.7606040239334106 0.912746012210846
vt 0.7625110149383545 0.9128270149230957
vt 0.04321800172328949 0.26600998640060425
vt 0.04426499828696251 0.25432100892066956
vt 0.973576009273529 0.8441380262374878
vt 0.9787369966506958 0.8444820046424866
vt 0.510329008102417 0.09471199661493301
vt 0.589821994304657 0.9712449908256531
vt 0.5796219706535339 0.8998249769210815
vt 0.591733992099762 0.8922799825668335
vt 0.591733992099762 0.9711329936981201
vt 0.5151079893112183 0.7474899888038635
vt 0.9444699883460999 0.46563899517059326
vt 0.9482399821281433 0.47336798906326294
vt 0.605567991733551 0.2396019995212555
vt 0.8071410059928894 0.008914999663829803
vt 0.8209530115127563 0.016594000160694122
vt 0.8143399953842163 0.08463899791240692
vt 0.8736280202865601 0.9831100106239319
vt 0.8741400241851807 0.9812999963760376
vt 0.9806349873542786 0.14247700572013855
vt 0.975508987903595 0.14241300523281097
vt 0.9768419861793518 0.1018029972910881
vt 0.9806349873542786 0.10137499868869781
vt 0.585910975933075 0.023181000724434853
vt 0.8849689960479736 0.9832749962806702
vt 0.8847450017929077 0.9812459945678711
vt 0.3513740003108978 0.9847080111503601
vt 0.3544340133666992 0.982463002204895
vt 0.10952199995517731 0.13964800536632538
vt 0.9461820125579834 0.9817600250244141
vt 0.9456490278244019 0.9411739706993103
vt 0.9507799744606018 0.9411739706993103
vt 0.9499689936637878 0.9822350144386292
vt 0.9557369947433472 0.0032289999071508646
vt 0.9654340147972107 0.004774999804794788
vt 0.6378769874572754 0.9741089940071106
vt 0.6348980069160461 0.9753980040550232
vt 0.5457050204277039 0.7486310005187988
vt 0.7606989741325378 0.1728000044822693
vt 0.6062080264091492 0.32892200350761414
vt 0.3513740003108978 0.9083750247955322
vt 0.3544340133666992 0.9112190008163452
vt 0.020452000200748444 0.17945800721645355
vt 0.028679000213742256 0.17938099801540375
vt 0.5031639933586121 0.6449180245399475
vt 0.5025190114974976 0.23931999504566193
vt 0.5006150007247925 0.32863301038742065
vt 0.49598100781440735 0.23951199650764465
vt 0.8644700050354004 0.7732629776000977
vt 0.8741400241851807 0.9781309962272644
vt 0.8741400241851807 0.9800320267677307
vt 0.8730000257492065 0.9767569899559021
vt 0.6165580153465271 0.6504219770431519
vt 0.17694100737571716 0.2540149986743927
vt 0.1784459948539734 0.26569798588752747
vt 0.9031599760055542 0.3220759928226471
vt 0.8948950171470642 0.40539100766181946
vt 0.8948950171470642 0.3012219965457916
vt 0.5425199866294861 0.6335880160331726
vt 0.9096189737319946 0.45886799693107605
vt 0.6072049736976624 0.8155480027198792
vt 0.9669619798660278 0.19052499532699585
vt 0.9896000027656555 0.9607459902763367
vt 0.9870690107345581 0.9749760031700134
vt 0.9870690107345581 0.9605960249900818
vt 0.5339779853820801 0.7665669918060303
vt 0.9201300144195557 0.15220199525356293
vt 0.40401899814605713 0.03382499888539314
vt 0.7197229862213135 0.014147999696433544
vt 0.8370599746704102 0.44613000750541687
vt 0.833886981010437 0.4591040015220642
vt 0.833886981010437 0.443105012178421
vt 0.7581830024719238 0.17212699353694916
vt 0.4789679944515228 0.7969980239868164
vt 0.37692099809646606 0.578997015953064
vt 0.06922700256109238 0.9927690029144287
vt 0.06389699876308441 0.9836940169334412
vt 0.06997399777173996 0.9842169880867004
vt 0.04402000084519386 0.1449189931154251
vt 0.051642000675201416 0.12445499747991562
vt 0.1516209989786148 0.18676799535751343
vt 0.5385469794273376 0.7648500204086304
vt 0.7450000047683716 0.912551999092102
vt 0.7448830008506775 0.9157450199127197
vt 0.7450000047683716 0.9470419883728027
vt 0.7448830008506775 0.9438490271568298
vt 0.9572389721870422 0.9865919947624207
vt 0.1903350055217743 0.43981799483299255
vt 0.244036003947258 0.9613180160522461
vt 0.9147509932518005 0.8441380262374878
vt 0.9845470190048218 0.4510659873485565
vt 0.9810439944267273 0.4381139874458313
vt 0.7870050072669983 0.9757850170135498
vt 0.7870050072669983 0.9911580085754395
vt 0.7802720069885254 0.9841510057449341
vt 0.30854201316833496 0.6688060164451599
vt 0.29972100257873535 0.6258460283279419
vt 0.3123930096626282 0.6591960191726685
vt 0.6035569906234741 0.6803659796714783
vt 0.5259469747543335 0.6329699754714966
vt 0.8217650055885315 0.7965180277824402
vt 0.16478900611400604 0.28847000002861023
vt 0.2660619914531708 0.8281469941139221
vt 0.26862800121307373 0.6624580025672913
vt 0.27054500579833984 0.8166149854660034
vt 0.9067080020904541 0.6781290173530579
vt 0.3530240058898926 0.6258460283279419
vt 0.5141699910163879 0.47725000977516174
vt 0.29212498664855957 0.9611200094223022
vt 0.1664080023765564 0.23524899780750275
vt 0.1216059997677803 0.767179012298584
vt 0.5947350263595581 0.9870619773864746
vt 0.5947350263595581 0.9777029752731323
vt 0.5954279899597168 0.9848669767379761
vt 0.42544499039649963 0.2662299871444702
vt 0.015292000025510788 0.6349729895591736
vt 0.0032289999071508646 0.6304960250854492
vt 0.003306000027805567 0.6272559762001038
vt 0.649088978767395 0.866195023059845
vt 0.652970016002655 0.8584610223770142
vt 0.9664360284805298 0.2378319948911667
vt 0.7328559756278992 0.16564899682998657
vt 0.992235004901886 0.867123007774353
vt 0.04469100013375282 0.02562900073826313
vt 0.8238999843597412 0.37371599674224854
vt 0.8802279829978943 0.14492599666118622
vt 0.8802279829978943 0.1416510045528412
vt 0.8818640112876892 0.14327199757099152
vt 0.24645300209522247 0.8455229997634888
vt 0.5459780097007751 0.6764619946479797
vt 0.25674301385879517 0.6418359875679016
vt 0.19387699663639069 0.9875800013542175
vt 0.1912660002708435 0.9810450077056885
vt 0.19387699663639069 0.9788240194320679
vt 0.5970889925956726 0.9837210178375244
vt 0.8752719759941101 0.291812002658844
vt 0.8773970007896423 0.2940180003643036
vt 0.8752719759941101 0.29410699009895325
vt 0.152210995554924 0.5924540162086487
vt 0.3433000147342682 0.7873380184173584
vt 0.9000459909439087 0.7229710221290588
vt 0.36691999435424805 0.7690770030021667
vt 0.3753640055656433 0.7499439716339111
vt 0.9552379846572876 0.4517250061035156
vt 0.9552379846572876 0.4033609926700592
vt 0.9577649831771851 0.42357999086380005
vt 0.28613099455833435 0.9150090217590332
vt 0.9237819910049438 0.5965189933776855
vt 0.028317000716924667 0.44019100069999695
vt 0.29972100257873535 0.7904019951820374
vt 0.9477189779281616 0.5913100242614746
vt 0.9416390061378479 0.08894199877977371
vt 0.759086012840271 0.9312199950218201
vt 0.9147509932518005 0.9385420083999634
vt 0.890995979309082 0.2941089868545532
vt 0.896602988243103 0.28602999448776245
vt 0.896602988243103 0.2947379946708679
vt 0.16432200372219086 0.9099410176277161
vt 0.22875499725341797 0.8587579727172852
vt 0.9851959943771362 0.8950660228729248
vt 0.9851959943771362 0.8761360049247742
vt 0.9873089790344238 0.8881700038909912
vt 0.28281301259994507 0.7736200094223022
vt 0.2770479917526245 0.6469900012016296
vt 0.2832300066947937 0.6258460283279419
vt 0.2616339921951294 0.86667400598526
vt 0.2095869928598404 0.7756459712982178
vt 0.996770977973938 0.4306049942970276
vt 0.016466999426484108 0.8799319863319397
vt 0.010724999941885471 0.8333539962768555
vt 0.012001000344753265 0.8333569765090942
vt 0.7565550208091736 0.9707480072975159
vt 0.431102991104126 0.9837589859962463
vt 0.4290910065174103 0.9763720035552979
vt 0.431102991104126 0.9639880061149597
vt 0.9160379767417908 0.8376790285110474
vt 0.69656902551651 0.9683809876441956
vt 0.6701970100402832 0.5634250044822693
vt 0.6504999995231628 0.7554140090942383
vt 0.649088978767395 0.7501609921455383
vt 0.9645360112190247 0.932964026927948
vt 0.7834789752960205 0.9214490056037903
vt 0.7802720069885254 0.8759750127792358
vt 0.7872639894485474 0.8309509754180908
vt 0.906919002532959 0.10100899636745453
vt 0.1941159963607788 0.7251790165901184
vt 0.1939219981431961 0.7148159742355347
vt 0.1941159963607788 0.7063239812850952
vt 0.3821449875831604 0.779187023639679
vt 0.3821429908275604 0.7759360074996948
vt 0.39413899183273315 0.7713310122489929
vt 0.516975998878479 0.7614920139312744
vt 0.9883130192756653 0.10654400289058685
vt 0.9901649951934814 0.10137499868869781
vt 0.9901649951934814 0.11527500301599503
vt 0.652970016002655 0.9487879872322083
vt 0.22881700098514557 0.4979270100593567
vt 0.534259021282196 0.6326410174369812
vt 0.004265999887138605 0.8928239941596985
vt 0.0032289999071508646 0.8483650088310242
vt 0.004265999887138605 0.7868030071258545
vt 0.40122801065444946 0.022249000146985054
vt 0.15646499395370483 0.7987340092658997
vt 0.9860000014305115 0.5548679828643799
vt 0.986706018447876 0.5420820116996765
vt 0.9890450239181519 0.5425829887390137
vt 0.8426380157470703 0.8204110264778137
vt 0.9891999959945679 0.5613269805908203
vt 0.7937219738960266 0.008181000128388405
vt 0.25429999828338623 0.8240659832954407
vt 0.9201300144195557 0.250434011220932
vt 0.14848199486732483 0.5995669960975647
vt 0.6136000156402588 0.09567499905824661
vt 0.6020510196685791 0.012041999958455563
vt 0.7720789909362793 0.01396000012755394
vt 0.31385400891304016 0.9083729982376099
vt 0.33051401376724243 0.6258460283279419
vt 0.3229309916496277 0.6665040254592896
vt 0.3188520073890686 0.6573089957237244
vt 0.8736609816551208 0.8030080199241638
vt 0.9116830229759216 0.4063909947872162
vt 0.09205199778079987 0.9048129916191101
vt 0.10287299752235413 0.8432000279426575
vt 0.11310199648141861 0.8431529998779297
vt 0.2781270146369934 0.03003700077533722
vt 0.2703459858894348 0.034272998571395874
vt 0.9587609767913818 0.29392799735069275
vt 0.9561939835548401 0.28957000374794006
vt 0.9056349992752075 0.7336390018463135
vt 0.44410398602485657 0.5913980007171631
vt 0.45199599862098694 0.6052529811859131
vt 0.45010098814964294 0.7547770142555237
vt 0.35914498567581177 0.005659000016748905
vt 0.3417840003967285 0.010882999747991562
vt 0.3420419991016388 0.0032289999071508646
vt 0.2688310146331787 0.5757459998130798
vt 0.9578400254249573 0.4052110016345978
vt 0.5352920293807983 0.7400280237197876
vt 0.2860589921474457 0.889494001865387
vt 0.31385400891304016 0.9784119725227356
vt 0.6035569906234741 0.9056059718132019
vt 0.6650689840316772 0.3290390074253082
vt 0.2932620048522949 0.7305439710617065
vt 0.9678670167922974 0.7409899830818176
vt 0.9860000014305115 0.5368279814720154
vt 0.5263680219650269 0.7396950125694275
vt 0.16671499609947205 0.34438300132751465
vt 0.9193490147590637 0.10746800154447556
vt 0.4544770121574402 0.7657150030136108
vt 0.9734979867935181 0.6033530235290527
vt 0.2969909906387329 0.5899999737739563
vt 0.2868179976940155 0.5896940231323242
vt 0.27874600887298584 0.5837050080299377
vt 0.593047022819519 0.47746598720550537
vt 0.4220919907093048 0.9090510010719299
vt 0.9941340088844299 0.8460530042648315
vt 0.7644910216331482 0.17219600081443787
vt 0.7872639894485474 0.5257220268249512
vt 0.9328569769859314 0.5918689966201782
vt 0.9832360148429871 0.3435389995574951
vt 0.9944760203361511 0.3488540053367615
vt 0.9832360148429871 0.3742539882659912
vt 0.20765799283981323 0.9819290041923523
vt 0.20765799283981323 0.9918569922447205
vt 0.2007479965686798 0.9865559935569763
vt 0.5105010271072388 0.0947910025715828
vt 0.3209089934825897 0.9014819860458374
vt 0.3209089934825897 0.7958940267562866
vt 0.32991498708724976 0.8600479960441589
vt 0.688306987285614 0.7359799742698669
vt 0.6881179809570312 0.6528869867324829
vt 0.688306987285614 0.5634250044822693
vt 0.9732919931411743 0.06791800260543823
vt 0.9718930125236511 0.026166999712586403
vt 0.9732919931411743 0.0032289999071508646
vt 0.18352800607681274 0.7942630052566528
vt 0.9719120264053345 0.004393000155687332
vt 0.9071959853172302 0.7033720016479492
vt 0.9262999892234802 0.7043399810791016
vt 0.7937219738960266 0.9717519879341125
vt 0.9851959943771362 0.9203919768333435
vt 0.9851959943771362 0.9015250205993652
vt 0.9873780012130737 0.9085019826889038
vt 0.9572389721870422 0.8625029921531677
vt 0.9648100137710571 0.8441380262374878
vt 0.9561939835548401 0.2539129853248596
vt 0.9587609767913818 0.24935799837112427
vt 0.07089000195264816 0.7814310193061829
vt 0.9851959943771362 0.8460530042648315
vt 0.37552499771118164 0.010622000321745872
vt 0.6766560077667236 0.9667360186576843
vt 0.6766560077667236 0.8822219967842102
vt 0.6800569891929626 0.960345983505249
vt 0.759922981262207 0.8916199803352356
vt 0.6491519808769226 0.7739250063896179
vt 0.21406500041484833 0.782105028629303
vt 0.5110880136489868 0.7729600071907043
vt 0.9356840252876282 0.708486020565033
vt 0.9211440086364746 0.7893530130386353
vt 0.5206990242004395 0.7641839981079102
vt 0.1941159963607788 0.6998649835586548
vt 0.1939219981431961 0.6913689970970154
vt 0.1941159963607788 0.681003987789154
vt 0.29029399156570435 0.9801049828529358
vt 0.6035569906234741 0.8021349906921387
vt 0.9590150117874146 0.5963069796562195
vt 0.940746009349823 0.5913100242614746
vt 0.4567910134792328 0.6276519894599915
vt 0.4567910134792328 0.7764869928359985
vt 0.06742300093173981 0.18696199357509613
vt 0.06801299750804901 0.5926480293273926
vt 0.07193800061941147 0.5997440218925476
vt 0.41387999057769775 0.6553620100021362
vt 0.4052540063858032 0.6363949775695801
vt 0.29207199811935425 0.9810140132904053
vt 0.7961230278015137 0.9188370108604431
vt 0.2647300064563751 0.6759549975395203
vt 0.6791660189628601 0.5460799932479858
vt 0.9161689877510071 0.7419750094413757
vt 0.4101350009441376 0.7791540026664734
vt 0.9096189737319946 0.39690300822257996
vt 0.5250539779663086 0.7662339806556702
vt 0.9898179769515991 0.15220199525356293
vt 0.9898179769515991 0.1681479960680008
vt 0.9868429899215698 0.15494699776172638
vt 0.9160379767417908 0.7409899830818176
vt 0.5204809904098511 0.6755099892616272
vt 0.01471100002527237 0.5278540253639221
vt 0.9044920206069946 0.7098309993743896
vt 0.987093985080719 0.10224399715662003
vt 0.37238600850105286 0.6258460283279419
vt 0.2458910048007965 0.9807779788970947
vt 0.44381698966026306 0.8675950169563293
vt 0.6959779858589172 0.9840120077133179
vt 0.689445972442627 0.9903609752655029
vt 0.689445972442627 0.974839985370636
vt 0.1940010040998459 0.6745449900627136
vt 0.1939219981431961 0.6630669832229614
vt 0.1940010040998459 0.6541309952735901
vt 0.05414300039410591 0.23550699651241302
vt 0.9831550121307373 0.9283699989318848
vt 0.9830549955368042 0.9327660202980042
vt 0.9799849987030029 0.9283699989318848
vt 0.42668500542640686 0.6258460283279419
vt 0.42668500542640686 0.7728809714317322
vt 0.42093798518180847 0.6467139720916748
vt 0.34842199087142944 0.780879020690918
vt 0.9868429899215698 0.22745700180530548
vt 0.9893249869346619 0.22203600406646729
vt 0.9907619953155518 0.22413599491119385
vt 0.45413100719451904 0.9876559972763062
vt 0.45413100719451904 0.9684060215950012
vt 0.45668500661849976 0.9870259761810303
vt 0.762594997882843 0.17281700670719147
vt 0.9416390061378479 0.009990000165998936
vt 0.2618339955806732 0.9381150007247925
vt 0.7565550208091736 0.8889200091362
vt 0.9288269877433777 0.4828900098800659
vt 0.6693950295448303 0.9816309809684753
vt 0.6693950295448303 0.9903330206871033
vt 0.6686620116233826 0.9882090091705322
vt 0.26345598697662354 0.839709997177124
vt 0.26345598697662354 0.6861889958381653
vt 0.19254599511623383 0.9510120153427124
vt 0.9868429899215698 0.21841099858283997
vt 0.7802720069885254 0.8287919759750366
vt 0.016466999426484108 0.7868030071258545
vt 0.24105699360370636 0.26068300008773804
vt 0.69656902551651 0.7634490132331848
vt 0.69656902551651 0.8872479796409607
vt 0.6947889924049377 0.8637109994888306
vt 0.6768440008163452 0.7360270023345947
vt 0.6766560077667236 0.6465409994125366
vt 0.6768440008163452 0.5634250044822693
vt 0.6603289842605591 0.9896399974822998
vt 0.649088978767395 0.9614620208740234
vt 0.6603289842605591 0.9552469849586487
vt 0.5424730181694031 0.7624430060386658
vt 0.15646499395370483 0.8868759870529175
vt 0.20734700560569763 0.5274099707603455
vt 0.9891999959945679 0.5791559815406799
vt 0.6352880001068115 0.7337960004806519
vt 0.45551300048828125 0.6177549958229065
vt 0.24393099546432495 0.9601860046386719
vt 0.2816930115222931 0.01865299977362156
vt 0.2757990062236786 0.023583000525832176
vt 0.8579699993133545 0.21905100345611572
vt 0.8540019989013672 0.2947640120983124
vt 0.8540019989013672 0.15220199525356293
vt 0.7872639894485474 0.8223329782485962
vt 0.44394901394844055 0.782945990562439
vt 0.33051401376724243 0.8496950268745422
vt 0.641746997833252 0.6889510154724121
vt 0.641746997833252 0.6597179770469666
vt 0.6423770189285278 0.6669260263442993
vt 0.9729740023612976 0.530368983745575
vt 0.9715759754180908 0.5074269771575928
vt 0.9729740023612976 0.46563899517059326
vt 0.996770977973938 0.45660001039505005
vt 0.6423519849777222 0.7298240065574646
vt 0.641746997833252 0.7316420078277588
vt 0.641746997833252 0.7296239733695984
vt 0.1940010040998459 0.6476719975471497
vt 0.1939219981431961 0.6387349963188171
vt 0.1940010040998459 0.6272559762001038
vt 0.07252100110054016 0.9836940169334412
vt 0.42051100730895996 0.532073974609375
vt 0.649088978767395 0.9412559866905212
vt 0.27244699001312256 0.028589999303221703
vt 0.9161689877510071 0.8361189961433411
vt 0.1779720038175583 0.14461000263690948
vt 0.17028500139713287 0.12418100237846375
vt 0.7334709763526917 0.8764330148696899
vt 0.7307189702987671 0.8824610114097595
vt 0.2661679983139038 0.9592239856719971
vt 0.38997700810432434 0.01616399921476841
vt 0.8631830215454102 0.0032289999071508646
vt 0.8631830215454102 0.14574399590492249
vt 0.8540019989013672 0.10591799765825272
vt 0.9715949892997742 0.5292149782180786
vt 0.723097026348114 0.6584810018539429
vt 0.22976499795913696 0.5263350009918213
vt 0.9903330206871033 0.9394230246543884
vt 0.9903330206871033 0.9541370272636414
vt 0.9870690107345581 0.950888991355896
vt 0.20547200739383698 0.6272559762001038
vt 0.3081279993057251 0.008593999780714512
vt 0.32481101155281067 0.0046270000748336315
vt 0.681833028793335 0.9906219840049744
vt 0.6766560077667236 0.9852319955825806
vt 0.681833028793335 0.9731950163841248
vt 0.6669830083847046 0.9871429800987244
vt 0.2331410050392151 0.9592239856719971
vt 0.2933320105075836 0.013256999664008617
vt 0.9682909846305847 0.8297079801559448
vt 0.9603840112686157 0.8113740086555481
vt 0.14544999599456787 0.9116179943084717
vt 0.9200130105018616 0.0032289999071508646
vt 0.4453180134296417 0.9037740230560303
vt 0.9096189737319946 0.3012219965457916
vt 0.5493339896202087 0.774387001991272
vt 0.1216059997677803 0.6272559762001038
vt 0.6689879894256592 0.9751719832420349
vt 0.6669830083847046 0.9627519845962524
vt 0.6689879894256592 0.9553329944610596
vt 0.19398799538612366 0.8882079720497131
vt 0.19295300543308258 0.8266159892082214
vt 0.19398799538612366 0.7821279764175415
vt 0.05635099858045578 0.2887200117111206
vt 0.9025599956512451 0.5964059829711914
vt 0.2290019989013672 0.9467840194702148
vt 0.9049019813537598 0.29318299889564514
vt 0.9049019813537598 0.25689300894737244
vt 0.9094300270080566 0.2663559913635254
vt 0.09204600006341934 0.7814310193061829
vt 0.33051401376724243 0.7894350290298462
vt 0.890995979309082 0.279570996761322
vt 0.890995979309082 0.15220199525356293
vt 0.8984429836273193 0.25694701075553894
vt 0.2440589964389801 0.9818220138549805
vt 0.9060689806938171 0.619193971157074
vt 0.21407799422740936 0.9058369994163513
vt 0.4386509954929352 0.7144349813461304
vt 0.6947659850120544 0.7569900155067444
vt 0.6947659850120544 0.5634250044822693
vt 0.69656902551651 0.7517129778862
vt 0.7736709713935852 0.98539799451828
vt 0.7700949907302856 0.9883009791374207
vt 0.7700949907302856 0.9720240235328674
vt 0.9393159747123718 0.5705839991569519
vt 0.9896789789199829 0.9901909828186035
vt 0.9870690107345581 0.9879699945449829
vt 0.9896789789199829 0.9814350008964539
vt 0.8847450017929077 0.8711889982223511
vt 0.8847439885139465 0.7409899830818176
vt 0.8867189884185791 0.8460890054702759
vt 0.29972100257873535 0.9011970162391663
vt 0.13331399857997894 0.7653300166130066
vt 0.2569969892501831 0.6258460283279419
vt 0.4026910066604614 0.6258460283279419
vt 0.9236119985580444 0.46563899517059326
vt 0.706496000289917 0.9748070240020752
vt 0.2923009991645813 0.9601259827613831
vt 0.9832360148429871 0.3370800018310547
vt 0.9832360148429871 0.3012230098247528
vt 0.9880399703979492 0.3279019892215729
vt 0.4220919907093048 0.9790229797363281
vt 0.8216620087623596 0.08569899946451187
vt 0.1216059997677803 0.9051589965820312
vt 0.9481899738311768 0.5705839991569519
vt 0.13353100419044495 0.7653149962425232
vt 0.39528998732566833 0.8907790184020996
vt 0.19246500730514526 0.9099410176277161
vt 0.36442801356315613 0.7796840071678162
vt 0.641746997833252 0.723164975643158
vt 0.641746997833252 0.6954100131988525
vt 0.6423709988594055 0.7163580060005188
o mesh_input
f 1276/1 1260/2 1433/3 1431/4
f 740/5 644/6 545/7 645/8
f 1537/9 1324/10 1328/11 1538/12
f 1007/13 1054/14 1232/15 1119/16
f 2726/17 2747/18 2743/19 2725/20
f 210/21 209/22 199/23 200/24
f 2229/25 2236/26 2290/27 2276/28
f 348/29 446/30 309/31 252/32
f 517/33 503/34 662/35 676/36
f 1173/37 1134/38 798/39 834/40
f 1402/41 1571/42 1520/43 1410/44
f 1176/45 1218/46 1221/47 1178/48
f 700/49 666/50 725/51 768/52
f 2460/53 2412/54 2455/55 2494/56
f 1136/57 1297/58 1299/59 1174/60
f 1911/61 1801/62 1800/63 1910/64
f 1395/65 1159/66 1160/67 1398/68
f 1599/69 1600/70 1481/71 1480/72
f 1287/73 1288/74 1239/75 1245/76
f 1302/77 1303/78 1532/79 1531/80
f 123/81 149/82 164/83 150/84
f 337/85 326/86 301/87 310/88
f 725/51 690/89 796/90 832/91
f 2720/92 2692/93 2698/94 2724/95
f 1050/96 1152/97 1153/98 1024/99
f 559/100 466/101 450/102 543/103
f 2189/104 2115/105 2162/106 2241/107
f 2103/108 2082/109 2105/110 2133/111
f 2222/112 2128/113 2101/114 2174/115
f 1404/116 1161/117 1162/118 1414/119
f 2745/120 2723/121 2719/122 2741/123
f 584/124 605/125 536/126 516/127
f 1164/128 1109/129 1165/130 1216/131
f 576/132 552/133 577/134 607/135
f 346/136 284/137 225/138 292/139
f 1538/140 1328/141 1337/142 1539/143
f 523/144 562/145 665/146 659/147
f 658/148 630/149 967/150 966/151
f 2215/152 2216/153 2249/154 2248/155
f 31/156 23/157 24/158 32/159
f 2124/160 2110/161 2087/162 2096/163
f 2399/164 2504/165 2505/166 2406/167
f 2614/168 2600/169 2627/170 2638/171
f 1720/172 1661/173 1662/174 1743/175
f 1398/68 1404/116 1608/176 1607/177
f 872/178 954/179 955/180 873/181
f 605/125 814/182 795/183 536/126
f 16/184 20/185 21/186 17/187
f 2623/188 2596/189 2628/190 2646/191
f 942/192 811/193 812/194 943/195
f 2528/196 2488/197 2545/198 2581/199
f 1269/200 1155/201 1156/202 1270/203
f 1982/204 2124/205 2096/206 1971/207
f 1486/208 1473/209 1549/210 1611/211
f 74/212 53/213 13/214 25/215
f 671/216 533/217 511/218 644/219
f 1915/220 1916/221 1930/222 1929/223
f 740/224 898/225 933/226 793/227
f 2182/228 2138/229 2108/230 2155/231
f 1144/232 976/233 975/234 1143/235
f 2117/236 2118/237 2363/238 2362/239
f 760/240 648/241 731/242 828/243
f 173/244 398/245 368/246 161/247
f 1035/248 1126/249 1127/250 1036/251
f 2228/252 2402/253 2445/254 2317/255
f 268/256 205/257 381/258 759/259
f 1188/260 1166/261 1422/262 1409/263
f 1713/264 1871/265 1823/266 1701/267
f 1622/268 1623/269 1493/270 1492/271
f 1832/272 1316/273 1317/274 1833/275
f 1902/276 1951/277 1970/278 1926/279
f 590/280 471/281 443/282 549/283
f 1029/284 1018/285 1115/286 1122/287
f 1936/288 1935/289 1813/290 1814/291
f 1228/292 1230/293 1072/294 1077/295
f 1110/296 1219/297 1223/298 1111/299
f 335/300 317/301 393/302 414/303
f 1873/304 1824/305 1757/306 1823/307
f 2075/308 2104/309 2076/310 2020/311
f 538/312 557/313 580/314 566/315
f 2193/316 2183/317 2154/318 2181/319
f 2054/320 1978/321 1947/322 2073/323
f 1862/324 1758/325 1752/326 1836/327
f 2291/328 2318/329 2140/330 2127/331
f 2091/332 1999/333 1911/334 2058/335
f 223/336 256/337 291/338 257/339
f 820/340 768/52 850/341 879/342
f 1092/343 1093/344 1206/345 1205/346
f 1624/347 1625/348 1498/349 1495/350
f 938/351 734/352 865/353 939/354
f 1806/355 1887/356 2117/357 1940/358
f 147/359 124/360 87/361 107/362
f 469/363 376/364 305/365 322/366
f 1380/367 1268/368 1241/369 1382/370
f 330/371 345/372 382/373 364/374
f 198/375 191/376 250/377 261/378
f 1221/379 1261/380 1192/381 1172/382
f 1342/383 2026/384 2050/385 1344/386
f 483/387 709/388 710/389 484/390
f 1191/391 1116/392 1457/393 1452/394
f 2326/395 2327/396 2041/397 2053/398
f 1091/399 1092/400 1205/401 1204/402
f 1943/403 1873/304 1823/307 1871/404
f 1609/405 1610/406 1665/407 1664/408
f 1593/409 1594/410 1364/411 1360/412
f 1735/413 1543/414 1653/415 1812/416
f 595/417 610/418 664/419 641/420
f 662/35 637/421 734/422 817/423
f 1802/424 1803/425 1722/426 1721/427
f 1584/428 1780/429 1781/430 1585/431
f 675/432 574/433 733/434 849/435
f 1176/436 1171/437 724/438 818/439
f 1635/440 1681/441 1582/442 1517/443
f 2458/444 2333/445 2271/446 2428/447
f 842/448 816/449 889/450 905/451
f 1535/452 1320/453 1324/10 1537/9
f 1023/454 942/192 943/195 1024/455
f 1351/456 1353/457 1543/458 1542/459
f 150/84 189/460 246/461 245/462
f 1166/463 1170/464 1424/465 1422/466
f 1123/467 1122/287 1247/468 1248/469
f 2115/105 2059/470 2092/471 2162/106
f 1404/116 1414/119 1609/405 1608/176
f 2515/472 2524/473 2537/474 2530/475
f 996/476 995/477 1072/294 1073/478
f 199/479 234/480 230/481 192/482
f 1030/483 1029/284 1122/287 1123/467
f 312/484 357/485 371/486 318/487
f 2593/488 2639/489 2634/490 2569/491
f 2550/492 2578/493 2353/494 2280/495
f 1062/496 1033/497 1104/498 1103/499
f 2371/500 2446/501 2597/502 2552/503
f 1695/504 1692/505 1456/506 1451/507
f 1763/508 1689/509 1690/510 1764/511
f 2481/512 2460/53 2494/56 2521/513
f 1271/514 1163/515 1164/516 1272/517
f 393/518 336/519 560/520 630/521
f 2207/522 2208/523 2190/524 2178/525
f 182/526 137/527 152/528 190/529
f 87/361 71/530 62/531 73/532
f 1616/533 1670/534 1515/535 1504/536
f 651/537 623/538 681/539 690/540
f 1294/541 1194/542 1195/543 1296/544
f 424/545 292/546 265/547 491/548
f 1650/549 1539/143 1540/550 1651/551
f 1057/552 1056/553 1180/554 1181/555
f 604/556 603/557 838/558 810/559
f 1984/560 1985/561 2215/152 2214/562
f 2534/563 2493/564 2459/565 2503/566
f 2348/567 2112/568 2186/569 2415/570
f 2355/571 2258/572 2206/573 2275/574
f 1264/575 1449/576 1455/577 1238/578
f 1335/579 1338/580 774/581 772/582
f 2040/583 2070/584 2204/585 2164/586
f 713/587 976/233 977/588 714/589
f 743/590 764/591 914/592 892/593
f 1666/594 1612/595 1726/596 1750/597
f 1202/598 1203/599 1090/600 1089/601
f 2157/602 2201/603 2100/604 2068/605
f 750/606 527/607 528/608 751/609
f 2586/610 2423/611 2511/612 2605/613
f 735/614 778/615 726/616 680/617
f 917/618 819/619 1041/620 1042/621
f 667/622 682/623 638/624 624/625
f 776/626 743/590 892/593 893/627
f 2345/628 2366/629 2385/630 2368/631
f 2311/632 2146/633 2113/634 2199/635
f 2006/636 1961/637 1972/638 2023/639
f 2569/491 2634/490 2585/640 2441/641
f 2567/642 2573/643 2587/644 2579/645
f 1725/646 1674/647 1625/348 1624/347
f 1924/648 2004/649 2013/650 1951/277
f 308/651 261/652 335/300 405/653
f 1216/654 1165/655 1167/656 1217/657
f 1693/658 1570/659 1560/660 1685/661
f 2002/662 1948/663 2003/664 2056/665
f 1548/666 1479/667 1598/668 1698/669
f 2530/475 2537/474 2536/670 2529/671
f 1423/672 1254/673 1258/674 1429/675
f 80/676 52/677 64/678 101/679
f 1991/680 1774/681 1775/682 2089/683
f 1041/620 1075/684 1131/685 1080/686
f 2218/687 2230/688 2156/689 2139/690
f 1213/691 1097/692 1022/693 1214/694
f 2728/695 2722/696 2736/697 2735/698
f 2462/699 2499/700 2572/701 2506/702
f 1658/703 1714/704 1792/705 1741/706
f 896/707 910/708 1316/273 1315/709
f 2718/710 2702/711 2721/712 2726/17
f 1309/713 1310/714 801/715 824/716
f 2489/717 2497/718 2444/719 2426/720
f 357/721 485/722 486/723 371/724
f 1585/431 1587/725 1352/726 1348/727
f 88/728 74/212 109/729 118/730
f 1587/725 1588/731 1354/732 1352/726
f 1313/733 1318/734 911/735 923/736
f 1772/737 1773/738 1990/739 1989/740
f 768/52 725/51 832/91 850/341
f 2002/662 2020/311 1979/741 1949/742
f 2142/743 2145/744 2173/745 2202/746
f 468/747 583/748 546/749 431/750
f 1839/751 1729/752 1728/753 1947/322
f 2704/754 2739/755 2748/756 2721/712
f 1938/757 2017/758 1996/759 1906/760
f 289/761 312/484 318/487 296/762
f 1205/346 1206/345 1337/142 1328/141
f 2717/763 2718/710 2726/17 2725/20
f 889/764 890/765 988/766 987/767
f 2003/664 1899/768 1923/769 2045/770
f 1158/771 1103/499 1104/498 1159/66
f 613/772 642/773 656/774 628/775
f 2057/776 1910/777 1892/778 2038/779
f 1003/780 903/781 944/782 1031/783
f 17/784 21/785 49/786 47/787
f 1565/788 1408/789 1409/790 1566/791
f 282/792 353/793 401/794 332/795
f 1372/796 1214/694 1215/797 1374/798
f 1676/799 1523/800 1522/801 1675/802
f 1303/78 1306/803 1533/804 1532/79
f 1323/805 1326/806 786/807 805/808
f 2680/809 2666/810 2700/811 2702/812
f 138/813 132/814 36/815 51/816
f 1181/555 1180/554 1401/817 1402/818
f 1071/819 1047/820 1139/821 1175/822
f 2553/823 2598/824 2599/825 2575/826
f 347/827 340/828 239/829 238/830
f 2619/831 2601/832 2640/833 2645/834
f 2418/835 2357/836 2397/837 2449/838
f 1198/839 1085/840 1086/841 1199/842
f 1018/843 999/844 1078/845 1115/846
f 1975/847 1339/848 1341/849 1993/850
f 1634/851 1567/852 1511/853 1629/854
f 2234/855 2316/856 2454/857 2398/858
f 2169/859 2123/860 2095/861 2153/862
f 205/863 119/864 89/865 154/866
f 2377/867 2421/868 2517/869 2484/870
f 470/871 410/872 411/873 471/281
f 1374/798 1215/797 1265/874 1376/875
f 2245/876 2072/877 2093/878 2258/572
f 1464/879 1466/880 1441/881 1439/882
f 2164/586 2204/585 2314/883 2284/884
f 1480/885 1482/886 1601/887 1599/888
f 685/889 718/890 862/891 843/892
f 2447/893 2448/894 2410/895 2409/896
f 1684/897 1660/898 1661/173 1720/172
f 1859/899 1761/900 1762/901 1860/902
f 1319/903 1321/904 803/905 826/906
f 1367/907 1213/691 1214/694 1372/796
f 133/908 123/81 150/84 170/909
f 525/910 491/911 492/912 526/913
f 68/914 67/915 84/916 85/917
f 2461/918 2520/919 2535/920 2472/921
f 435/922 721/923 722/924 409/925
f 1210/926 1096/927 1355/928 1353/929
f 1493/270 1495/350 1425/930 1421/931
f 2424/932 2707/933 2709/934 2418/935
f 157/936 126/937 321/938 361/939
f 719/940 589/941 590/280 720/942
f 2690/943 2677/944 2689/945 2701/946
f 1517/443 1512/947 1295/948 1293/949
f 2391/950 1995/951 2255/952 2485/953
f 1124/954 1125/955 1034/956 1032/957
f 463/958 477/959 465/960 447/961
f 2013/650 2064/962 2084/963 2021/964
f 162/965 118/730 158/966 214/967
f 1656/968 1602/969 1712/970 1740/971
f 1475/972 1431/4 1433/3 1500/973
f 50/974 34/975 61/976 65/977
f 2009/978 1847/979 2116/980 2361/981
f 819/619 724/438 1075/684 1041/620
f 637/421 606/982 663/983 734/422
f 605/125 585/984 794/985 814/182
f 1955/986 1932/987 1956/988 2006/636
f 305/989 343/990 344/991 306/992
f 241/993 298/994 295/995 234/480
f 528/608 494/996 518/997 539/998
f 301/87 326/86 311/999 288/1000
f 1824/305 1765/1001 1744/1002 1757/306
f 2140/1003 2171/1004 2263/1005 2251/1006
f 2698/1007 2684/1008 2683/1009 2697/1010
f 455/1011 432/1012 408/1013 420/1014
f 793/227 671/216 644/219 740/224
f 655/1015 670/1016 729/1017 684/1018
f 843/892 862/891 951/1019 952/1020
f 1212/1021 1021/1022 1048/1023 1236/1024
f 1529/1025 1530/1026 1641/1027 1640/1028
f 865/1029 765/1030 940/1031 1043/1032
f 1137/1033 1138/1034 972/1035 971/1036
f 955/1037 1035/248 1036/251 956/1038
f 1151/1039 1023/454 1024/455 1153/1040
f 413/1041 400/1042 503/34 517/33
f 765/1030 766/1043 907/1044 940/1031
f 2148/1045 1942/1046 1965/1047 2159/1048
f 1870/1049 1927/1050 1980/1051 1896/1052
f 2441/641 2585/640 2479/1053 2354/1054
f 2062/1055 1967/1056 1968/1057 2077/1058
f 1947/322 1728/753 1678/1059 2044/1060
f 1145/1061 1359/1062 1360/1063 1146/1064
f 1252/1065 1419/1066 1421/931 1253/1067
f 1591/1068 1590/1069 1784/1070 1785/1071
f 1888/1072 1796/1073 1815/1074 1907/1075
f 24/1076 23/1077 5/1078 1/1079
f 1779/1080 1651/551 1652/1081 1867/1082
f 1514/1083 1865/1084 1841/1085 1509/1086
f 974/1087 1141/1088 1143/235 975/234
f 2033/1089 2032/1090 2143/1091 2144/1092
f 548/1093 488/1094 338/1095 453/1096
f 417/1097 479/1098 451/1099 395/1100
f 2497/718 2507/1101 2450/1102 2444/719
f 1747/1103 1739/1104 1848/1105 1889/1106
f 2475/1107 2415/570 2477/1108 2551/1109
f 940/1031 907/1044 1113/1110 1112/1111
f 116/1112 101/1113 117/1114 148/1115
f 2607/1116 2595/1117 2601/832 2619/831
f 2641/1118 2647/1119 2673/1120 2661/1121
f 1639/1122 1640/1028 1768/1123 1767/1124
f 734/1125 678/1126 765/1030 865/1029
f 522/1127 757/1128 739/1129 510/1130
f 121/1131 103/1132 114/1133 144/1134
f 1237/1135 1244/1136 919/1137 895/1138
f 2686/1139 2687/1140 2718/1141 2717/1142
f 2485/953 2255/952 2542/1143 2612/1144
f 754/1145 495/1146 531/1147 755/1148
f 782/1149 657/1150 346/1151 506/1152
f 43/1153 16/184 17/187 44/1154
f 47/787 49/786 475/1155 505/1156
f 1920/1157 1908/1158 1909/1159 1941/1160
f 111/1161 91/1162 106/1163 128/1164
f 2210/1165 2226/1166 2212/1167 2211/1168
f 1689/509 1564/1169 1565/788 1690/510
f 1296/544 1298/1170 1529/1025 1528/1171
f 1690/510 1565/788 1566/791 1691/1172
f 2374/1173 2452/1174 2476/1175 2407/1176
f 1098/1177 1001/1178 1002/1179 1100/1180
f 1183/1181 1184/1182 1405/1183 1403/1184
f 211/1185 193/1186 183/1187 201/1188
f 213/1189 481/1190 467/1191 203/1192
f 629/1193 520/1194 508/1195 616/1196
f 2359/1197 2473/1198 2504/1199 2399/1200
f 1307/1201 1322/1202 1536/1203 1534/1204
f 1606/1205 1607/177 1662/174 1661/173
f 2362/239 2363/238 2433/1206 2432/1207
f 2637/1208 2632/1209 2492/1210 2501/1211
f 1479/1212 1481/1213 1600/1214 1598/1215
f 2708/1216 2302/1217 2304/1218 2710/1219
f 75/1220 59/1221 77/1222 93/1223
f 192/1224 230/1225 253/1226 212/1227
f 1621/1228 1622/268 1492/271 1491/1229
f 188/1230 313/1231 169/1232 122/1233
f 2739/755 2740/1234 2750/1235 2748/756
f 92/1236 141/1237 143/1238 94/1239
f 2577/1240 2618/1241 2641/1118 2602/1242
f 1783/1243 1784/1070 1590/1069 1588/1244
f 2610/1245 2616/1246 2667/1247 2663/1248
f 2335/1249 2354/1250 2364/1251 2343/1252
f 1443/1253 1447/1254 1525/1255 1568/1256
f 81/1257 55/1258 56/1259 82/1260
f 892/593 914/592 998/1261 995/1262
f 1788/1263 1789/1264 1595/1265 1594/1266
f 69/1267 68/914 85/917 86/1268
f 442/1269 456/1270 434/1271 421/1272
f 9/1273 2/1274 4/1275 10/1276
f 2072/877 1893/1277 1945/1278 2093/878
f 2158/1279 2244/1280 2224/1281 2148/1045
f 1115/846 1078/845 1229/1282 1246/1283
f 863/1284 817/423 884/1285 925/1286
f 812/1287 619/1288 386/1289 635/1290
f 168/1291 133/1292 170/1293 207/1294
f 1651/551 1540/550 1541/1295 1652/1081
f 2657/1296 2658/1297 2583/1298 2613/1299
f 1748/1300 1718/1301 1807/1302 1850/1303
f 1266/1304 1377/1305 1379/1306 1267/1307
f 458/1308 459/1309 461/1310 460/1311
f 2162/106 2092/471 2091/332 2175/1312
f 2724/95 2698/94 2697/1313 2723/121
f 101/679 64/678 88/728 117/1314
f 27/1315 24/1076 1/1079 2/1274
f 2694/1316 2695/1317 2728/695 2727/1318
f 1376/1319 1265/1320 1267/1321 1379/1322
f 1112/1111 1113/1110 1455/1323 1445/1324
f 425/1325 348/1326 252/1327 303/1328
f 953/1329 952/1330 1056/553 1057/552
f 1051/1331 943/1332 857/1333 1001/1334
f 443/282 390/1335 413/1336 472/1337
f 2236/26 2251/1006 2307/1338 2290/27
f 1052/1339 1053/1340 994/1341 929/1342
f 543/1343 450/1344 396/1345 480/1346
f 1350/1347 1351/456 1542/459 1586/1348
f 1717/1349 1618/1350 1617/1351 1716/1352
f 1792/1353 1748/1354 1850/1355 1891/1356
f 2395/1357 2346/1358 2300/1359 2396/1360
f 1765/1001 1677/1361 1632/1362 1744/1002
f 744/1363 769/1364 691/1365 682/623
f 1483/1366 1507/1367 1384/1368 1383/1369
f 2710/1370 2711/1371 2738/1372 2737/1373
f 1288/74 1450/1374 1453/1375 1289/1376
f 1579/1377 1577/1378 1576/1379 1574/1380
f 878/1381 930/1382 916/1383 871/1384
f 1918/1385 2097/1386 2295/1387 2141/1388
f 2173/745 2242/1389 2244/1280 2158/1279
f 1087/1390 963/1391 964/1392 1088/1393
f 378/1394 462/1395 490/1396 400/1397
f 2645/834 2640/833 2654/1398 2665/1399
f 549/283 443/282 472/1337 591/1400
f 598/1401 381/1402 304/1403 452/1404
f 2/1274 1/1079 3/1405 4/1275
f 556/1406 567/1407 581/1408 557/313
f 1510/1409 1557/1410 1569/1411 1516/1412
f 2179/1413 2133/1414 2167/1415 2191/1416
f 491/548 265/547 266/1417 492/1418
f 585/984 563/1419 762/1420 794/985
f 2240/1421 2222/1422 2128/1423 2172/1424
f 2318/329 2329/1425 2171/1426 2140/330
f 2149/1427 2054/320 2073/323 2177/1428
f 184/1429 148/1115 204/1430 275/1431
f 1255/1432 1425/930 1429/1433 1258/1434
f 1978/1435 2055/1436 1922/1437 1840/1438
f 1220/1439 1262/1440 1131/685 1075/684
f 1928/1441 1915/1442 1309/1443 1308/1444
f 1848/1445 1849/1446 2040/583 2039/1447
f 2669/1448 2651/1449 2664/1450 2685/1451
f 1581/1452 1925/1453 1969/1454 1629/854
f 1482/1455 1506/1456 1655/1457 1601/1458
f 455/1459 420/1460 264/1461 297/1462
f 2570/1463 2512/1464 2471/1465 2513/1466
f 2033/1089 2034/1467 1786/1468 1785/1071
f 2416/1469 2438/1470 2453/1471 2419/1472
f 2748/756 2750/1235 2749/1473 2747/18
f 1161/117 1106/1474 1107/1475 1162/118
f 1001/1178 857/1476 859/1477 1002/1179
f 1345/1478 1348/727 1138/1034 1137/1033
f 1766/1479 1767/1124 1984/560 1983/1480
f 1017/1481 985/1482 1106/1474 1105/1483
f 1192/1484 1237/1135 895/1138 879/1485
f 1623/269 1624/347 1495/350 1493/270
f 756/1486 658/148 966/151 965/1487
f 964/1392 755/1148 756/1486 965/1487
f 2376/1488 2388/1489 2269/1490 2268/1491
f 135/1492 121/1131 144/1134 171/1493
f 981/1494 1149/1495 1150/1496 982/1497
f 1692/1498 1637/1499 1457/1500 1456/1501
f 893/1502 892/1503 995/477 996/476
f 1363/1504 1236/1505 1213/691 1367/907
f 1804/1506 1809/1507 1724/1508 1723/1509
f 599/1510 372/1511 320/1512 439/1513
f 665/1514 515/1515 732/1516 761/1517
f 2494/56 2455/55 2528/1518 2555/1519
f 317/1520 275/1431 336/519 393/518
f 164/83 196/1521 247/1522 189/460
f 339/1523 402/1524 45/1525 42/1526
f 2538/1527 2548/1528 2564/1529 2558/1530
f 972/1035 1138/1034 1140/1531 973/1532
f 2292/1533 2308/1534 2237/1535 2230/1536
f 956/1038 1036/251 1037/1537 946/1538
f 127/1539 100/1540 105/1541 131/1542
f 1028/1543 1031/783 1061/1544 1060/1545
f 2176/1546 2018/1547 2072/877 2245/876
f 288/1000 311/999 312/484 289/761
f 1882/1548 1913/1549 1804/1506 1803/1550
f 1490/1551 1491/1229 1417/1552 1412/1553
f 57/1554 60/1555 67/915 68/914
f 1235/1556 1295/948 1297/58 1136/57
f 1602/969 1656/968 1507/1367 1483/1366
f 698/1557 677/1558 819/619 777/1559
f 2466/1560 2458/1561 2428/1562 2440/1563
f 1073/478 1072/294 1230/293 1231/1564
f 1388/1565 1270/1566 1157/1567 1389/1568
f 2285/1569 2176/1546 2245/876 2347/1570
f 563/1419 513/1571 588/1572 633/1573
f 1592/1574 1593/1575 1360/1063 1359/1062
f 478/1576 427/1577 416/1578 466/101
f 636/1579 387/1580 589/1581 719/1582
f 2053/398 2041/397 1913/1583 1882/1584
f 2028/1585 2267/1586 2268/1491 2029/1587
f 1973/1588 1336/1589 1339/848 1975/847
f 1628/1590 1576/1379 1577/1378 1633/1591
f 1345/1478 1584/428 1585/431 1348/727
f 2454/857 2480/1592 2527/1593 2520/919
f 452/1594 384/1595 533/217 643/1596
f 1020/1597 934/1598 935/1599 1021/1022
f 390/1335 378/1394 400/1397 413/1336
f 680/617 726/616 667/622 652/1600
f 2208/523 2207/522 2225/1601 2209/1602
f 1787/1603 1788/1604 1594/410 1593/409
f 1910/64 1800/63 1799/1605 1892/1606
f 1731/1607 1751/1608 1670/534 1616/533
f 621/1609 689/1610 818/439 724/438
f 2617/1611 2580/1612 2614/1613 2633/1614
f 1827/1615 1894/1616 2061/1617 1946/1618
f 513/1571 501/1619 573/1620 588/1572
f 278/1621 206/1622 155/1623 231/1624
f 1394/1625 1488/1626 1489/1627 1397/1628
f 2016/1629 1846/1630 2009/978 2102/1631
f 2067/1632 2098/1633 2239/1634 2221/1635
f 1778/1636 1650/1637 1651/1638 1779/1639
f 1688/1640 1563/1641 1564/1169 1689/509
f 366/1642 259/1643 308/651 495/1146
f 2203/1644 2296/1645 2417/1646 2273/1647
f 1303/78 1199/842 1200/1648 1306/803
f 1466/880 1509/1086 1510/1649 1467/1650
f 1049/1651 924/1652 1023/1653 1151/1654
f 2021/1655 2084/1656 2095/861 2066/1657
f 281/1658 140/1659 134/1660 269/1661
f 1005/1662 894/1663 938/1664 1039/1665
f 2666/810 2648/1666 2688/1667 2700/811
f 385/1668 180/1669 433/1670 634/1671
f 428/1672 497/1673 479/1098 417/1097
f 464/1674 629/1675 616/1676 448/1677
f 2563/1678 2555/1679 2595/1680 2607/1681
f 2536/1682 2546/1683 2516/1684 2507/1101
f 821/1685 847/1686 822/1687 778/615
f 1140/1531 1352/726 1354/732 1141/1688
f 383/1689 347/1690 238/1691 273/1692
f 2298/1693 2459/1694 2493/1695 2334/1696
f 1679/1697 1695/504 1451/507 1446/1698
f 1743/175 1662/174 1663/1699 1794/1700
f 931/1701 997/1702 921/1703 867/1704
f 2233/1705 2129/1706 2282/1707 2336/1708
f 1053/1340 1396/1709 1400/1710 1054/14
f 207/1711 170/909 330/1712 324/1713
f 878/1381 929/1714 994/1715 930/1382
f 2212/1167 2182/1716 2155/1717 2183/317
f 1019/1718 1016/1719 1033/497 1062/496
f 1610/1720 1611/1721 1666/1722 1665/1723
f 2088/1724 2398/858 2461/918 2195/1725
f 159/1726 188/1230 122/1233 115/1727
f 2578/1728 2588/1729 2375/1730 2353/1731
f 360/1732 313/1231 188/1230 237/1733
f 222/1734 498/1735 481/1190 213/1189
f 1089/601 1091/399 1204/402 1202/598
f 2307/1736 2319/1737 2308/1738 2292/1739
f 943/1332 812/1287 635/1290 857/1333
f 596/1740 804/1741 785/1742 582/1743
f 905/1744 889/764 987/767 993/1745
f 2400/1746 2498/1747 2437/1748 2289/1749
f 688/1750 872/178 873/181 697/1751
f 679/1752 649/1753 666/50 700/49
f 94/1754 95/1755 84/916 78/1756
f 1555/1757 1438/1758 1445/1324 1669/1759
f 474/1760 550/1761 689/1762 621/1763
f 2482/1764 2500/1765 2465/1766 2453/1471
f 454/1767 271/1768 385/1668 741/1769
f 1575/1770 1567/1771 1577/1378 1579/1377
f 419/1772 486/1773 600/1774 544/1775
f 1541/1295 1347/1776 1349/1777 1573/1778
f 643/1596 533/217 671/216 792/1779
f 2194/1780 1989/740 2250/1781 2227/1782
f 1881/1783 1882/1784 1803/425 1802/424
f 2391/950 2422/1785 2323/1786 2281/1787
f 2330/1788 2340/1789 2331/1790 2320/1791
f 510/1130 739/1129 730/1792 498/1793
f 2196/1794 2218/687 2139/690 2126/1795
f 604/556 716/1796 647/1797 535/1798
f 426/1799 415/1800 298/1801 302/1802
f 2520/919 2527/1593 2562/1803 2535/920
f 1076/1804 1058/1805 920/1806 919/1807
f 730/1808 704/1809 706/1810 701/1811
f 1758/325 1675/802 1672/1812 1752/326
f 2432/1207 2433/1206 2448/894 2447/893
f 389/1813 412/1814 343/1815 305/365
f 1578/1816 1424/465 1426/1817 1524/1818
f 2625/1819 2661/1121 2679/1820 2642/1821
f 2385/630 2355/1822 2275/1823 2305/1824
f 1890/1825 1966/1826 2060/1827 1881/1828
f 65/1829 61/1830 70/1831 83/1832
f 1525/1255 1447/1254 1452/394 1557/1833
f 1277/1834 1434/1835 1449/1836 1264/1837
f 1108/1838 1004/1839 1005/1840 1109/1841
f 504/1842 505/1843 606/1844 551/1845
f 1165/655 1039/1846 1040/1847 1167/656
f 963/1391 754/1145 755/1148 964/1392
f 349/1848 285/1849 253/1850 262/1851
f 1448/1852 1278/1853 1290/1854 1454/1855
f 601/1856 713/587 714/589 631/1857
f 2273/1647 2417/1646 2459/1694 2298/1693
f 2363/1858 2163/1859 2283/1860 2433/1861
f 1674/647 1946/1618 1496/1862 1494/1863
f 219/1864 251/1865 241/993 209/1866
f 1914/1867 1950/1868 1924/648 1901/1869
f 2364/1251 2479/1870 2384/1871 2315/1872
f 552/133 537/1873 565/1874 577/134
f 2195/1725 2461/918 2472/921 2235/1875
f 1101/1876 1015/1877 983/1878 1027/1879
f 1544/1880 1545/1881 1708/1882 1707/1883
f 2133/1414 2105/1884 2134/1885 2167/1415
f 1383/1886 1269/200 1270/203 1388/1887
f 993/1745 987/767 1065/1888 1064/1889
f 576/132 608/1890 592/1891 564/1892
f 1214/694 1022/693 1049/1651 1215/797
f 208/1893 151/1894 136/1895 181/1896
f 2626/1897 2624/1898 2517/869 2518/1899
f 1939/1900 1940/1901 2130/1902 2129/1903
f 959/1904 750/606 751/609 960/1905
f 1286/1906 1287/1907 1245/1908 1244/1136
f 767/1909 821/1910 778/1911 735/1912
f 1768/1123 1769/1913 1986/1914 1985/561
f 951/1915 992/1916 1063/1917 1056/553
f 1878/1918 1868/1919 1885/1920 1937/1921
f 1150/1496 1369/1922 1370/1923 1046/1924
f 35/1925 27/1926 37/1927 52/677
f 673/1928 810/559 839/1929 716/1796
f 2219/1930 1991/680 2089/683 2328/1931
f 1681/441 1635/440 1760/1932 1810/1933
f 828/1934 731/1935 809/1936 869/1937
f 1016/1719 984/1938 1017/1481 1033/497
f 2723/121 2697/1313 2691/1939 2719/122
f 1320/453 1535/452 1536/1203 1322/1202
f 2263/1005 2279/1940 2330/1941 2319/1942
f 2674/1943 2727/1318 2734/1944 2693/1945
f 234/480 295/995 286/1946 230/481
f 2440/1947 2428/447 2378/1948 2389/1949
f 937/1950 849/435 984/1938 1016/1719
f 1436/1951 1263/1952 1132/1953 1080/686
f 420/1014 408/1013 360/1954 375/1955
f 702/1956 706/1810 704/1809 703/1957
f 2150/1958 2103/1959 2133/1414 2179/1413
f 1218/1960 1257/1961 1261/1962 1221/1963
f 1780/429 2028/1585 2029/1587 1781/430
f 2612/1144 2626/1964 2518/1965 2485/953
f 1710/1966 1711/1967 1806/1968 1805/1969
f 1534/1204 1536/1203 1647/1970 1645/1971
f 2165/1972 2071/1973 2176/1546 2285/1569
f 333/1974 293/1975 366/1642 518/997
f 200/24 199/23 192/1976 193/1186
f 1698/669 1598/668 1710/1977 1825/1978
f 1873/304 1880/1979 1838/1980 1824/305
f 1599/888 1601/887 1700/1981 1699/1982
f 1009/1983 933/1984 1096/927 1210/926
f 775/1985 848/1986 876/1987 815/1988
f 2074/1989 2000/1990 2001/1991 2055/1992
f 197/1993 172/1994 130/1995 151/1996
f 890/765 891/1997 989/1998 988/766
f 1929/223 1930/222 1955/986 1954/1999
f 571/2000 584/124 516/127 514/2001
f 2130/2002 2362/2003 2432/2004 2282/2005
f 1302/77 1198/839 1199/842 1303/78
f 1032/957 1034/956 954/2006 950/2007
f 214/967 158/966 287/2008 342/2009
f 2749/1473 2745/2010 2741/2011 2744/2012
f 583/748 468/747 828/2013 869/2014
f 1634/851 1968/1057 1967/1056 1633/2015
f 233/2016 220/2017 210/2018 229/2019
f 400/1042 490/2020 551/2021 503/34
f 485/2022 711/2023 712/2024 486/1773
f 1011/2025 899/2026 900/2027 1022/693
f 2697/1010 2683/1009 2682/2028 2691/2029
f 558/2030 790/2031 771/2032 542/2033
f 339/2034 307/2035 365/2036 402/2037
f 2104/2038 2151/2039 2106/2040 2076/2041
f 614/2042 404/2043 507/2044 695/2045
f 1470/2046 1559/2047 1581/2048 1477/2049
f 1497/2050 1501/2051 1462/2052 1461/2053
f 1026/2054 1052/2055 929/2056 876/2057
f 2477/1108 2321/2058 2408/2059 2541/2060
f 1702/2061 1757/2062 1744/2063 1703/2064
f 1695/504 1679/1697 1841/2065 1842/2066
f 858/2067 840/2068 936/2069 948/2070
f 2490/2071 2414/2072 2427/2073 2496/2074
f 2107/2075 2065/2076 2047/2077 2085/2078
f 257/339 291/338 338/2079 297/2080
f 79/2081 63/2082 72/2083 91/1162
f 1362/2084 1212/1021 1236/1024 1363/2085
f 2688/2086 2662/2087 2674/1943 2693/1945
f 1380/367 1382/370 1506/1456 1482/1455
f 1554/2088 1580/2089 1558/2090 1501/2091
f 2710/2092 2304/2093 2274/2094 2711/2095
f 1200/1648 1087/1390 1088/1393 1201/2096
f 2394/2097 2365/2098 2346/1358 2395/1357
f 657/2099 540/2100 284/137 346/136
f 1889/1106 1848/1105 2039/2101 2118/2102
f 242/2103 327/2104 141/1237 92/1236
f 561/2105 547/2106 501/1619 513/1571
f 391/2107 458/1308 460/1311 392/2108
f 870/2109 858/2110 948/2111 949/2112
f 948/2070 936/2069 1018/285 1029/284
f 1855/2113 1884/2114 1903/2115 1870/1049
f 854/2116 836/2117 780/2118 835/2119
f 142/2120 270/2121 236/2122 125/2123
f 853/2124 835/2125 799/2126 823/2127
f 2398/858 2454/857 2520/919 2461/918
f 2186/569 1777/2128 1778/1636 2321/2058
f 2635/2129 2605/2130 2591/2131 2604/2132
f 2134/2133 2077/1058 2079/2134 2136/2135
f 2683/1009 2671/2136 2670/2137 2682/2028
f 2655/2138 2657/1296 2613/1299 2611/2139
f 432/1012 421/1272 399/2140 408/1013
f 859/2141 636/1579 719/1582 901/2142
f 2205/2143 2286/2144 2358/2145 2287/2146
f 1363/1504 1367/907 1546/2147 1513/2148
f 904/2149 905/451 993/2150 992/2151
f 1168/2152 1190/2153 1443/2154 1442/2155
f 148/1115 117/1114 162/2156 204/1430
f 274/2157 334/2158 316/2159 260/2160
f 2076/2161 2106/2162 2083/2163 2046/2164
f 2592/2165 2464/2166 2483/2167 2609/2168
f 1852/2169 1756/2170 1761/900 1859/899
f 591/2171 472/2172 574/433 675/432
f 1059/2173 931/1701 986/2174 1114/2175
f 2160/2176 2057/776 2038/779 2114/2177
f 2650/2178 2638/2179 2651/1449 2669/1448
f 1081/2180 957/2181 958/2182 1082/2183
f 2613/2184 2583/2185 2560/2186 2590/2187
f 2621/2188 2586/610 2605/613 2635/2189
f 2136/2135 2079/2134 2065/2076 2107/2075
f 661/2190 660/2191 764/591 743/590
f 186/2192 174/2193 160/2194 177/2195
f 988/766 989/1998 1067/2196 1066/2197
f 1074/2198 1119/2199 1232/2200 1170/464
f 1553/2201 1678/1059 1626/2202 1502/2203
f 2743/19 2744/2012 2731/2204 2730/2205
f 1831/2206 1877/2207 1305/2208 1304/2209
f 2269/1490 2270/2210 2031/2211 2030/2212
f 678/2213 699/2214 766/2215 765/2216
f 2423/611 2396/1360 2372/2217 2411/2218
f 263/2219 296/2220 419/1772 351/2221
f 284/137 272/2222 208/2223 225/138
f 2147/2224 1938/757 1905/2225 2146/633
f 1989/740 1990/739 2219/1930 2250/1781
f 212/1227 253/1226 396/1345 354/2226
f 2111/2227 2127/2228 2236/26 2229/25
f 2499/2229 2351/2230 2265/2231 2452/2232
f 1225/2233 1293/949 1295/948 1235/1556
f 1798/2234 1719/2235 1717/1349 1797/2236
f 2155/231 2108/230 2080/2237 2109/2238
f 1908/1158 1851/2239 1852/2240 1909/1159
f 1635/440 1638/2241 1766/1479 1760/1932
f 949/2242 948/2070 1029/284 1030/483
f 172/1994 147/359 107/362 130/1995
f 2290/2243 2307/1736 2292/1739 2278/2244
f 1504/536 1515/535 1455/577 1449/576
f 2235/2245 2472/2246 2544/2247 2338/2248
f 1648/2249 1537/9 1538/12 1649/2250
f 1356/2251 1361/2252 1544/1880 1589/2253
f 1611/211 1549/210 1612/595 1666/594
f 607/135 650/2254 608/1890 576/132
f 958/2182 749/2255 750/606 959/1904
f 72/2256 35/1925 52/677 80/676
f 1865/2257 1900/2258 1883/2259 1841/2260
f 2734/1944 2735/698 2740/1234 2739/755
f 1513/2148 1546/2147 1654/2261 1697/2262
f 1844/2263 1735/2264 1812/2265 1964/2266
f 2327/396 2343/1252 2042/2267 2041/397
f 1310/2268 1311/2269 783/2270 801/2271
f 2259/2272 2206/2273 2149/2274 2260/2275
f 406/2276 395/2277 355/2278 354/2279
f 1459/2280 1471/2281 1381/2282 1378/2283
f 574/433 517/33 676/36 733/434
f 395/2284 451/2285 397/2286 355/2287
f 1618/1350 1717/1349 1719/2235 1619/2288
f 2098/1633 2200/2289 2322/2290 2239/1634
f 737/2291 702/1956 703/1957 738/2292
f 379/2293 464/2294 334/2295 274/2296
f 1694/2297 1571/2298 1570/659 1693/658
f 2633/1614 2614/1613 2638/2179 2650/2178
f 1306/803 1200/1648 1201/2096 1307/1201
f 1652/2299 1541/2300 1573/2301 1680/2302
f 2020/2303 2076/2161 2046/2164 1979/2304
f 2714/2305 2260/2306 2288/2307 2716/2308
f 131/1542 105/1541 111/1161 146/2309
f 250/377 184/1429 275/1431 317/1520
f 1572/2310 1583/2311 1754/2312 1705/2313
f 2232/2314 2090/2315 2081/2316 2188/2317
f 926/2318 818/439 689/1610 864/2319
f 482/2320 483/387 369/2321 380/2322
f 1402/41 1410/44 1228/2323 1181/2324
f 2602/1242 2641/1118 2661/1121 2625/1819
f 1596/2325 1597/2326 1369/1922 1366/2327
f 634/1671 433/1670 524/2328 717/2329
f 1110/2330 1042/621 1259/2331 1260/2
f 2699/2332 2717/763 2725/20 2703/2333
f 1867/2334 1652/2299 1680/2302 1934/2335
f 1435/2336 1440/2337 1465/2338 1463/2339
f 906/2340 863/1284 925/1286 985/1482
f 374/2341 243/2342 271/1768 454/1767
f 1241/2343 1098/1177 1100/1180 1243/2344
f 2237/2345 2252/2346 2184/2347 2170/2348
f 930/1382 994/1715 1007/2349 991/2350
f 2034/1467 2035/2351 1787/2352 1786/1468
f 1588/1244 1590/1069 1357/2353 1354/2354
f 273/2355 258/2356 172/1994 197/1993
f 2687/1140 2680/809 2702/812 2718/1141
f 2108/230 2085/2357 2048/2358 2080/2237
f 2546/1683 2557/2359 2525/2360 2516/1684
f 2640/833 2623/188 2646/191 2654/1398
f 1552/2361 1556/2362 1476/2363 1475/2364
f 2082/109 2045/770 2062/2365 2105/110
f 2737/1373 2738/1372 2733/2366 2732/2367
f 932/2368 827/2369 643/1596 792/1779
f 1607/177 1608/176 1663/1699 1662/174
f 505/1843 475/2370 575/2371 606/1844
f 2573/643 2602/1242 2625/1819 2587/644
f 1206/345 1207/2372 1343/2373 1337/142
f 2357/2374 2712/2375 2715/2376 2288/2377
f 2399/164 2406/167 2276/2378 2261/2379
f 1682/2380 1658/2381 1659/2382 1683/2383
f 1516/1412 1855/2113 1870/1049 1526/2384
f 612/2385 655/1015 684/1018 654/2386
f 183/1187 192/1976 212/2387 202/2388
f 1962/2389 1333/2390 1336/1589 1973/1588
f 557/313 581/1408 612/2391 580/314
f 2060/1827 2053/398 1882/1584 1881/1828
f 1948/663 1874/2392 1899/768 2003/664
f 1169/2393 1264/575 1238/578 1113/2394
f 2725/20 2743/19 2730/2205 2703/2333
f 2527/1593 2521/513 2563/2395 2562/1803
f 976/233 713/587 712/2024 975/234
f 775/1985 815/1988 830/2396 816/449
f 356/2397 484/390 485/722 357/721
f 1473/2398 1474/2399 1550/2400 1549/2401
f 573/1620 587/2402 686/2403 660/2191
f 2298/2404 2334/2405 2342/2406 2324/2407
f 1645/1971 1647/1970 1774/681 1773/738
f 2740/1234 2742/2408 2746/2409 2750/1235
f 2609/2168 2483/2167 2552/2410 2631/2411
f 1877/2412 1928/2413 1308/2414 1305/2415
f 177/2195 160/2194 124/360 147/359
f 2246/2416 2247/2417 2481/2418 2480/2419
f 2187/2420 2158/1279 2148/1045 2159/1048
f 2077/1058 1968/1057 1969/1454 2079/2134
f 898/2421 740/5 645/8 807/2422
f 1719/2235 1798/2234 1802/2423 1721/2424
f 1785/1071 1786/1468 1592/1574 1591/1068
f 1327/2425 1958/2426 1960/2427 1329/2428
f 1010/2429 898/2421 807/2422 934/1598
f 272/2430 197/2431 151/1894 208/1893
f 910/708 911/2432 1317/274 1316/273
f 414/303 393/302 630/149 658/148
f 1329/2428 1960/2427 1962/2433 1332/2434
f 2078/2435 2120/2436 2121/2437 2063/2438
f 1120/2439 1133/2440 832/91 796/90
f 1519/2441 1713/264 1701/267 1478/2442
f 606/982 575/2443 677/1558 698/1557
f 2617/1611 2649/2444 2568/2445 2543/2446
f 709/388 972/1035 973/1532 710/389
f 2529/2447 2536/1682 2507/1101 2497/718
f 10/1276 4/1275 8/2448 12/2449
f 497/2450 558/2451 542/2452 479/2453
f 18/2454 112/2455 113/2456 19/2457
f 1737/2458 1709/2459 1847/979 1846/1630
f 2552/503 2597/502 2663/1248 2631/2460
f 2597/2461 2446/2462 2470/2463 2610/2464
f 126/937 110/2465 314/2466 321/938
f 2114/2177 2038/779 1998/2467 2090/2315
f 2485/953 2518/1965 2422/1785 2391/950
f 2509/2468 2486/2469 2576/2470 2580/1612
f 1561/2471 1403/1184 1405/1183 1562/2472
f 2046/2164 2083/2163 2078/2435 2012/2473
f 436/2474 449/2475 437/2476 427/2477
f 1655/2478 1657/2479 1747/2480 1746/2481
f 2064/962 2122/2482 2137/2483 2084/963
f 2045/770 1923/769 1967/2484 2062/2365
f 426/1799 597/2485 569/2486 415/1800
f 1853/2487 1794/1700 1826/2488 1893/1277
f 1300/2489 1302/77 1531/80 1530/1026
f 1195/543 1082/2183 1083/2490 1196/2491
f 1976/2492 1943/403 1871/404 1897/2493
f 1734/2494 1844/2495 1963/2496 1811/2497
f 1070/2498 1116/2499 908/2500 920/1806
f 791/2501 772/2502 1336/1589 1333/2390
f 1749/2503 1750/2504 1864/2505 1869/2506
f 2068/605 2100/604 1936/2507 1904/2508
f 1288/74 1289/1376 1234/2509 1239/75
f 1134/38 1121/2510 797/2511 798/39
f 1912/2512 1816/2513 1898/2514 2071/1973
f 1769/1913 1770/2515 1987/2516 1986/1914
f 340/2517 463/2518 520/2519 379/2293
f 1963/2520 1844/2263 1964/2266 2067/2521
f 509/2522 568/2523 558/2451 497/2450
f 2069/2524 2036/2525 1906/760 1938/757
f 1315/2526 1843/2527 1857/2528 1325/2529
f 431/2530 546/2531 545/7 430/2532
f 2387/2533 2549/2534 2532/2535 2352/2536
f 2145/744 2203/2537 2242/1389 2173/745
f 1668/2538 1731/2539 1616/2540 1556/2541
f 2746/2542 2724/95 2723/121 2745/120
f 1890/2543 1798/2234 1797/2236 1879/2544
f 153/2545 116/1112 148/1115 184/1429
f 2065/2076 1925/1453 1896/2546 2047/2077
f 1615/2547 1679/1697 1446/1698 1442/2548
f 524/2328 422/2549 469/2550 618/2551
f 1483/2552 1484/2553 1603/2554 1602/2555
f 731/2556 648/2557 741/1769 899/2026
f 547/2106 561/2105 584/124 571/2000
f 1937/2558 1737/2458 1846/1630 2016/1629
f 2548/2559 2532/2535 2549/2534 2564/2560
f 1312/2561 1319/2562 826/2563 825/2564
f 501/1619 523/144 587/2402 573/1620
f 2392/2565 2519/2566 2569/491 2441/641
f 1468/2567 1469/2568 1453/1375 1450/1374
f 1551/2569 1554/2570 1501/2051 1497/2050
f 2185/2571 2198/2572 2293/2573 2279/1940
f 1133/2440 1172/382 850/341 832/91
f 1432/2574 1433/3 1260/2 1259/2331
f 1123/467 1124/954 1032/957 1030/483
f 547/2106 599/2575 562/145 501/1619
f 783/2576 896/2577 887/2578 737/2579
f 2470/2580 2484/870 2616/1246 2610/1245
f 2701/946 2689/945 2692/93 2720/92
f 736/2581 694/2582 664/2583 668/2584
f 2501/1211 2492/1210 2458/1561 2466/1560
f 1976/2492 1944/2585 1921/2586 1943/403
f 2315/1872 2384/1871 2257/2587 2131/2588
f 1389/1568 1391/2589 1605/2590 1604/2591
f 1562/2472 1405/1183 1406/2592 1563/1641
f 2628/190 2603/2593 2629/2594 2648/2595
f 1293/949 1225/2233 1194/542 1294/541
f 898/225 1010/2596 1096/2597 933/226
f 326/86 369/2598 356/2599 311/999
f 1435/2336 1283/2600 1285/2601 1440/2337
f 710/389 973/1532 974/2602 711/2603
f 2396/1360 2300/1359 2302/2604 2372/2217
f 1983/1480 1984/560 2214/562 2213/2605
f 1667/2606 1500/973 1499/2607 1729/752
f 2151/2039 2166/2608 2152/2609 2106/2040
f 239/2610 274/2157 260/2160 227/2611
f 2070/584 2010/2612 2165/2613 2204/585
f 2051/2614 2125/2615 2126/2616 1916/2617
f 39/2618 38/2619 20/2620 16/2621
f 1620/2622 1621/2623 1491/2624 1490/2625
f 1327/2425 1329/2428 789/2626 787/2627
f 55/1258 26/2628 28/2629 56/1259
f 2008/2630 2099/2631 2200/2289 2098/1633
f 2658/2632 2670/2137 2671/2136 2659/2633
f 2242/1389 2312/2634 2313/2635 2244/1280
f 1172/382 1192/381 879/342 850/341
f 369/2321 483/387 484/390 356/2397
f 1527/2636 1528/1171 1639/1122 1638/2241
f 1159/66 1104/498 1105/1483 1160/67
f 2030/2212 2031/2211 1783/2637 1782/2638
f 186/2192 175/2639 166/2640 174/2193
f 1563/1641 1406/2592 1407/2641 1564/1169
f 1845/2642 1812/2265 1653/2643 1736/2644
f 1190/2645 1233/2646 1447/1254 1443/1253
f 833/2647 823/2127 745/2648 769/1364
f 70/1831 69/1267 86/1268 90/2649
f 11/2650 22/2651 66/2652 33/2653
f 2097/2654 1963/2520 2067/2521 2221/2655
f 2359/1197 2399/1200 2261/2656 2217/2657
f 749/2255 526/2658 527/607 750/606
f 278/1621 319/2659 439/1513 320/1512
f 2159/1048 1965/1047 1997/2660 2189/104
f 1395/65 1398/68 1607/177 1606/1205
f 989/1998 990/2661 1068/2662 1067/2196
f 582/1743 785/1742 788/2663 568/2664
f 1399/2665 1560/660 1570/659 1401/817
f 1833/2666 1955/2667 1321/2668 1318/2669
f 2689/2670 2669/1448 2685/1451 2692/2671
f 2015/2672 2050/2673 2026/2674 2024/2675
f 384/2676 281/1658 269/1661 370/2677
f 440/2678 544/1775 631/1857 603/557
f 1031/2679 1019/1718 1062/496 1061/2680
f 2273/2681 2298/2404 2324/2407 2312/2634
f 824/2682 801/2683 802/2684 825/2685
f 2217/2686 2196/1794 2126/1795 2125/2687
f 456/1270 688/1750 697/1751 434/1271
f 1476/2688 1504/2689 1449/1836 1434/1835
f 243/2690 171/1493 180/2691 271/2692
f 91/1162 72/2083 80/2693 106/1163
f 2483/2167 1994/2694 2371/2695 2552/2410
f 1078/2696 1073/478 1231/1564 1229/2697
f 2360/2698 2377/867 2484/870 2470/2580
f 2318/329 2444/2699 2450/2700 2329/1425
f 1114/2175 986/2174 957/2181 1081/2180
f 1649/2701 1538/140 1539/143 1650/549
f 1321/2702 1323/805 805/808 803/2703
f 2735/698 2736/697 2742/2408 2740/1234
f 976/233 1144/232 1145/1061 977/588
f 107/362 87/361 73/532 100/1540
f 2338/2704 2359/2705 2217/2686 2125/2687
f 2141/1388 2295/1387 2446/501 2371/500
f 2258/572 2093/878 2119/2706 2206/573
f 490/1396 489/2707 504/1842 551/1845
f 2411/2708 2706/2709 2705/2710 2424/932
f 1995/2711 1919/2712 2016/2713 2102/2714
f 589/941 470/871 471/281 590/280
f 900/2027 634/1671 717/2329 924/1652
f 52/677 37/1927 53/213 64/678
f 783/2715 737/2291 738/2292 784/2716
f 294/2717 349/2718 262/2719 185/2720
f 1970/2721 2021/1655 2066/1657 2014/2722
f 1775/682 1646/2723 1648/2249 1776/2724
f 1262/2725 1220/2726 1240/2727 1278/2728
f 2301/2729 2303/2730 2304/2731 2302/2732
f 89/865 54/2733 55/1258 81/1257
f 1629/854 1969/1454 1968/1057 1634/851
f 2313/2635 2335/1249 2326/395 2299/2734
f 772/2502 774/2735 1339/848 1336/1589
f 1975/2736 1992/2737 2007/2738 1993/2739
f 2492/2740 2403/2741 2333/445 2458/444
f 1181/2324 1228/2323 1077/2742 1057/2743
f 2316/2744 2246/2416 2480/2419 2454/2745
f 1572/2310 1518/2746 1301/2747 1299/59
f 1628/2748 1923/769 1899/768 1580/2089
f 2747/18 2749/1473 2744/2012 2743/19
f 1129/2749 1255/1432 1258/1434 1130/2750
f 196/1521 315/2751 325/2752 247/1522
f 1257/1961 1281/2753 1282/2754 1261/1962
f 1598/1215 1600/1214 1711/1967 1710/1966
f 2268/1491 2269/1490 2030/2212 2029/1587
f 1233/2646 1224/2755 1452/394 1447/1254
f 2225/1601 2191/1416 2192/2756 2226/1166
f 1114/2175 1225/2233 1135/2757 1059/2173
f 97/2758 99/2759 90/2649 86/1268
f 2281/1787 2323/1786 2201/603 2157/602
f 1872/2760 1799/1605 1755/2761 1851/2762
f 1898/2514 1793/2763 1853/2487 2018/1547
f 1458/2764 1346/2765 418/2766 445/2767
f 1454/1855 1290/1854 1289/1376 1453/1375
f 359/2768 468/747 431/750 329/2769
f 433/1670 361/939 422/2549 524/2328
f 2554/2770 2434/2771 2423/611 2586/610
f 567/1407 579/2772 611/2773 581/1408
f 102/2774 93/1223 121/1131 135/1492
f 676/36 662/35 817/423 863/1284
f 311/999 356/2599 357/485 312/484
f 1034/2775 1125/2776 1126/2777 1035/2778
f 2589/2779 2541/2780 2592/2165 2630/2781
f 2537/474 2547/2782 2546/2783 2536/670
f 1954/2784 2005/2785 1857/2528 1843/2527
f 1827/1615 1946/1618 1674/647 1725/646
f 2340/1789 2386/2786 2387/2787 2350/2788
f 1685/661 1560/660 1561/2471 1686/2789
f 2220/2790 2231/2791 1992/2792 1974/2793
f 2659/2633 2671/2136 2672/2794 2660/2795
f 1008/2796 932/2797 792/2798 897/2799
f 1517/443 1527/2636 1638/2241 1635/440
f 1965/1047 1888/2800 1907/2801 1997/2660
f 1520/2802 1672/1812 1675/802 1522/801
f 1276/2803 1431/2804 1434/2805 1277/2806
f 1298/1170 1196/2491 1197/2807 1300/2489
f 1701/2808 1823/2809 1757/2062 1702/2061
f 1325/2810 1326/2811 786/2812 887/2813
f 829/2814 813/2815 842/448 841/2816
f 581/1408 611/2773 655/2817 612/2391
f 1013/2818 901/2819 902/2820 1015/2821
f 1358/2822 1144/232 1143/235 1357/2353
f 2503/566 2533/2823 2559/2824 2534/563
f 2277/2825 2291/328 2127/331 2111/2826
f 1196/2491 1083/2490 1084/2827 1197/2807
f 2543/2446 2509/2468 2580/1612 2617/1611
f 536/126 795/183 688/1750 456/1270
f 2516/1684 2525/2360 2463/2828 2457/2829
f 2381/2830 2297/2831 2486/2832 2509/2833
f 1171/2834 1176/45 1178/48 1179/2835
f 445/2836 418/2837 368/246 398/245
f 1451/507 1456/506 1070/2498 1058/1805
f 236/2838 329/2839 328/2840 235/2841
f 2693/1945 2734/1944 2739/755 2704/754
f 691/1365 692/2842 640/2843 639/2844
f 2631/2460 2663/1248 2694/1316 2652/2845
f 1951/277 2013/650 2021/964 1970/278
f 1810/1933 1876/2846 1828/2847 1754/2312
f 973/1532 1140/1531 1141/1688 974/2602
f 1837/2848 1753/2849 1759/2850 1863/2851
f 2373/2852 2250/2853 2436/2854 2488/2855
f 1284/2856 1439/882 1441/881 1286/1906
f 2058/335 1911/334 1910/777 2057/776
f 885/2857 866/2858 779/2859 836/2117
f 2638/171 2627/170 2644/2860 2651/2861
f 2374/1173 2407/1176 2309/2862 2265/2863
f 844/2864 843/892 952/1020 953/2865
f 1560/660 1399/2665 1403/1184 1561/2471
f 2241/107 2162/106 2175/1312 2256/2866
f 354/2279 355/2278 202/2388 212/2387
f 2170/2867 2184/2868 1961/2869 1959/2870
f 1973/2871 1974/2872 1992/2737 1975/2736
f 270/2121 359/2768 329/2769 236/2122
f 296/2220 318/2873 486/1773 419/1772
f 1528/1171 1529/1025 1640/1028 1639/1122
f 2576/2874 2325/2875 2393/2876 2600/169
f 588/1572 573/1620 660/2191 661/2190
f 408/1013 399/2140 313/2877 360/1954
f 1733/2878 1684/897 1720/172 1742/2879
f 1900/2258 1949/2880 1914/2881 1883/2259
f 530/2882 596/2883 582/2884 521/2885
f 2205/2886 2061/2887 1894/2888 2043/2889
f 897/2890 793/227 933/226 1009/2891
f 602/2892 571/2000 514/2001 548/2893
f 44/2894 46/2895 504/2896 489/2897
f 1446/1698 1451/507 1058/1805 1076/1804
f 1613/2898 1422/466 1424/465 1578/1816
f 1350/1347 1139/2899 1209/2900 1351/456
f 6/2901 19/2457 22/2902 11/2903
f 351/2221 419/1772 544/1775 440/2678
f 1617/1351 1487/2904 1505/2905 1636/2906
f 1204/402 1205/401 1328/11 1324/10
f 1236/1505 1048/2907 1097/692 1213/691
f 313/1231 399/2908 279/2909 169/1232
f 531/1147 414/303 658/148 756/1486
f 1942/1046 1879/2910 1888/2800 1965/1047
f 130/1995 107/362 100/1540 127/1539
f 2442/2911 2394/2097 2395/1357 2434/2771
f 2106/2162 2152/2912 2135/2913 2083/2163
f 254/2914 288/1000 289/761 255/2915
f 171/1493 144/1134 157/2916 180/2691
f 751/609 528/608 539/998 752/2917
f 2594/2918 2606/2919 2622/2920 2618/1241
f 967/2921 968/2922 1092/343 1091/2923
f 1842/2924 1875/2925 1884/2926 1855/2927
f 1571/2298 1402/818 1401/817 1570/659
f 1326/2928 1327/2929 787/2930 786/2931
f 2239/1634 2322/2290 2421/868 2377/867
f 1148/2932 1365/2933 1366/2327 1149/1495
f 845/2934 675/432 849/435 937/1950
f 2320/2935 2331/2936 2264/2937 2252/2938
f 1059/2173 1135/2757 997/1702 931/1701
f 1038/2939 1129/2749 1130/2750 1079/2940
f 2585/640 2604/2941 2561/2942 2479/1053
f 1261/1962 1284/2856 1237/1135 1192/1484
f 386/2943 322/2944 323/2945 387/2946
f 468/747 359/2768 760/2947 828/2013
f 1227/2948 1273/2949 1052/2055 1026/2054
f 987/767 988/766 1066/2197 1065/1888
f 1109/129 1005/1662 1039/1665 1165/130
f 1432/2574 1437/2950 1503/2951 1499/2607
f 253/1226 300/2952 480/1346 396/1345
f 2127/2228 2140/1003 2251/1006 2236/26
f 1916/2953 1312/2954 1314/2955 1930/2956
f 1048/2907 947/2957 1011/2025 1097/692
f 2037/2958 1939/2959 2129/1706 2233/1705
f 1382/2960 1385/2961 1508/2962 1506/2963
f 2393/2876 2336/1708 2383/2964 2431/2965
f 380/2966 369/2967 326/2968 337/2969
f 641/2970 664/2583 694/2582 670/1016
f 1816/2513 1742/2879 1793/2763 1898/2514
f 1999/2971 1836/2972 1801/2973 1911/2974
f 1790/2975 1791/2976 1597/2326 1596/2325
f 321/938 314/2466 362/2977 376/2978
f 1225/2233 1114/2175 1081/2180 1194/542
f 2600/169 2393/2876 2431/2965 2627/170
f 59/1221 50/2979 65/1829 77/1222
f 2157/602 1878/2980 1919/2981 2281/1787
f 2023/639 1974/2872 1992/2737 2024/2675
f 808/2982 935/1599 934/1598 807/2422
f 189/2983 247/2984 282/792 246/2985
f 347/827 476/2986 463/958 340/828
f 1036/251 1127/250 1128/2987 1037/1537
f 945/2988 991/2350 1074/2989 1055/2990
f 2329/1425 2341/2991 2185/2992 2171/1426
f 2224/1281 2299/2734 2060/1827 1966/1826
f 738/2292 703/1957 771/2993 790/2994
f 966/151 967/150 1091/399 1089/601
f 1056/553 1063/1917 1182/2995 1180/554
f 883/2996 855/2997 913/2998 912/2999
f 1677/3000 1578/1816 1524/1818 1632/3001
f 253/1226 300/2952 299/3002 262/3003
f 2499/2229 2491/3004 2451/3005 2452/2232
f 1374/798 1376/875 1479/667 1548/666
f 597/3006 496/3007 478/1576 569/3008
f 941/3009 1044/3010 1006/3011 907/3012
f 2750/1235 2746/2409 2745/2010 2749/1473
f 332/3013 401/3014 473/3015 403/3016
f 1435/3017 1436/1951 1080/686 1131/685
f 2299/2734 2326/395 2053/398 2060/1827
f 247/2984 325/3018 353/793 282/792
f 1248/469 1249/3019 1124/954 1123/467
f 1265/1320 1151/1039 1153/1040 1267/1321
f 1576/3020 1628/2748 1580/2089 1554/2088
f 340/2517 379/2293 274/2296 239/3021
f 594/3022 627/3023 653/3024 625/3025
f 1686/2789 1561/2471 1562/2472 1687/3026
f 1940/358 2117/357 2362/2003 2130/2002
f 2277/2825 2413/3027 2426/3028 2291/328
f 2276/2378 2290/2243 2278/2244 2262/3029
f 2540/3030 2550/3031 2280/3032 2266/3033
f 206/1622 179/3034 156/3035 155/1623
f 1850/1303 1807/1302 1912/2512 2010/3036
f 520/1194 463/3037 447/3038 508/1195
f 158/966 139/3039 268/256 287/2008
f 2685/1451 2664/1450 2672/2794 2684/1008
f 1805/3040 1806/3041 1940/1901 1939/1900
f 364/374 382/373 459/3042 457/3043
f 1268/368 1154/3044 1098/3045 1241/369
f 1326/2928 1957/3046 1958/3047 1327/2929
f 1728/753 1671/3048 1626/2202 1678/1059
f 2184/2868 2197/3049 1972/3050 1961/2869
f 787/3051 789/3052 790/2994 788/3053
f 2673/1120 2665/1399 2687/3054 2686/3055
f 2281/1787 1919/2981 1995/951 2391/950
f 1694/3056 1801/2973 1752/3057 1672/3058
f 63/3059 32/159 35/1925 72/2256
f 2415/570 2186/569 2321/2058 2477/1108
f 971/1036 972/1035 709/388 708/3060
f 2561/3061 2513/3062 2435/3063 2443/3064
f 2163/3065 2164/586 2284/884 2283/3066
f 2453/1471 2465/1766 2439/3067 2419/1472
f 985/1482 925/1286 1107/1475 1106/1474
f 1334/3068 2022/3069 2026/3070 1342/3071
f 2465/1766 2466/1560 2440/1563 2439/3067
f 2088/1724 2195/1725 1928/3072 1877/3073
f 2079/2134 1969/1454 1925/1453 2065/2076
f 146/2309 111/1161 128/1164 165/3074
f 1904/2508 1834/3075 1868/3076 2068/605
f 1750/597 1726/596 1817/3077 1864/3078
f 300/3079 276/3080 438/3081 480/3082
f 56/3083 28/3084 59/3085 75/3086
f 1435/3017 1626/2202 1671/3048 1436/1951
f 1601/1458 1655/1457 1746/3087 1700/3088
f 4/1275 3/1405 7/3089 8/2448
f 2608/3090 2699/2332 2703/2333 2620/3091
f 61/1830 58/3092 69/1267 70/1831
f 1480/72 1481/71 1379/1306 1377/1305
f 877/3093 904/2149 992/2151 951/1019
f 2056/665 2075/308 2020/311 2002/662
f 14/3094 10/1276 12/2449 15/3095
f 2295/3096 2097/2654 2221/2655 2360/3097
f 550/1761 723/3098 864/3099 689/1762
f 700/49 767/1909 735/1912 679/1752
f 717/2329 524/2328 618/2551 811/3100
f 2660/2795 2672/2794 2664/1450 2653/3101
f 623/538 625/3025 683/3102 681/539
f 704/1809 730/1808 705/3103 739/3104
f 568/2664 788/2663 790/2031 558/2030
f 1824/305 1838/1980 1808/3105 1765/1001
f 429/3106 342/3107 882/3108 970/3109
f 555/3110 556/1406 557/313 538/312
f 117/1314 88/728 118/730 162/965
f 2551/1109 2477/1108 2541/2060 2589/3111
f 2513/1466 2471/1465 2405/3112 2435/3113
f 1274/3114 1216/654 1217/657 1275/3115
f 1860/902 1762/901 1763/508 1861/3116
f 1553/3117 1511/3118 1567/1771 1575/1770
f 1186/3119 1187/3120 1408/789 1407/2641
f 1086/841 962/3121 963/1391 1087/1390
f 124/360 108/3122 71/530 87/361
f 359/2768 270/2121 500/3123 760/2947
f 2542/3124 2255/3125 2381/3126 2568/3127
f 2557/3128 2539/3129 2499/2229 2525/3130
f 1100/3131 1002/3132 1014/3133 1099/3134
f 1022/693 900/2027 924/1652 1049/1651
f 1699/3135 1711/3136 1600/70 1599/69
f 2496/2074 2427/2073 2475/1107 2565/3137
f 1786/1468 1787/2352 1593/1575 1592/1574
f 2487/3138 2495/3139 2523/3140 2514/3141
f 73/532 62/531 63/2082 79/2081
f 915/3142 893/1502 996/476 999/3143
f 979/3144 1147/3145 1148/2932 980/3146
f 1057/2743 1077/2742 998/3147 953/3148
f 1307/1201 1201/2096 1203/599 1322/1202
f 950/3149 954/179 872/178 860/3150
f 825/2564 826/2563 596/1740 615/3151
f 103/1132 83/1832 104/3152 114/1133
f 2618/1241 2622/2920 2647/1119 2641/1118
f 1723/1509 1724/1508 1623/269 1622/268
f 1293/949 1294/541 1527/2636 1517/443
f 1389/1568 1157/1567 1158/771 1391/2589
f 327/2104 242/2103 487/3153 572/3154
f 1310/2268 1929/3155 1954/3156 1311/2269
f 1518/3157 1745/3158 1831/3159 1304/3160
f 1709/2459 1698/669 1825/1978 1847/979
f 1594/1266 1595/1265 1365/2933 1364/3161
f 13/3162 9/1273 10/1276 14/3094
f 1063/1917 1064/1889 1183/1181 1182/2995
f 407/3163 394/3164 286/3165 295/3166
f 411/873 392/2108 378/1394 390/1335
f 437/3167 509/3168 497/1673 428/1672
f 1095/3169 1071/3170 1175/3171 1208/3172
f 1789/1264 1790/2975 1596/2325 1595/1265
f 1197/2807 1084/2827 1085/840 1198/839
f 860/3150 870/2109 949/2112 950/3149
f 287/2008 268/256 759/259 806/3173
f 1088/1393 964/1392 965/1487 1090/600
f 789/3174 791/2501 1333/2390 1330/3175
f 379/2293 520/2519 629/3176 464/2294
f 1272/3177 1164/128 1216/131 1274/3178
f 2663/1248 2667/1247 2695/1317 2694/1316
f 635/3179 386/2943 387/2946 636/3180
f 2059/470 1977/3181 2011/3182 2092/471
f 169/1232 279/2909 196/3183 149/3184
f 1762/901 1688/1640 1689/509 1763/508
f 1494/1863 1496/1862 1428/3185 1423/3186
f 1618/1350 1488/1626 1487/2904 1617/1351
f 1715/3187 1682/2380 1683/2383 1718/3188
f 1185/3189 1186/3119 1407/2641 1406/2592
f 94/1239 143/1238 167/3190 95/3191
f 2500/1765 2501/1211 2466/1560 2465/1766
f 1209/2900 1008/3192 1009/2891 1210/3193
f 1321/2702 1931/3194 1933/3195 1323/805
f 293/1975 218/3196 259/1643 366/1642
f 2730/2205 2731/2204 2637/1208 2636/3197
f 622/3198 593/3199 623/538 651/537
f 1155/3200 1269/3201 1242/3202 1099/3134
f 2433/1861 2283/1860 2344/3203 2448/3204
f 1926/3205 1970/2721 2014/2722 1981/3206
f 990/2661 945/3207 1069/3208 1068/2662
f 2116/980 2037/2958 2233/1705 2325/2875
f 1397/1628 1489/1627 1490/1551 1412/1553
f 2478/3209 2430/3210 2310/3211 2429/3212
f 135/1492 216/3213 187/3214 102/2774
f 1943/403 1921/2586 1880/1979 1873/304
f 28/3084 15/3215 50/974 59/3085
f 1884/2926 1902/3216 1926/3217 1903/3218
f 541/3219 615/3220 596/2883 530/2882
f 232/3221 239/829 227/3222 228/3223
f 2284/884 2314/883 2366/629 2345/628
f 2369/3224 2277/3225 2111/3226 2229/3227
f 784/2716 738/2292 785/3228 804/3229
f 500/3230 374/3231 648/241 760/240
f 1879/2544 1797/2236 1796/1073 1888/1072
f 283/3232 248/3233 293/3234 333/3235
f 493/3236 283/3237 333/1974 494/996
f 1069/3238 1055/3239 1166/261 1188/260
f 2455/55 2373/2852 2488/2855 2528/1518
f 627/3023 654/3240 669/3241 653/3024
f 139/3039 119/3242 205/257 268/256
f 2639/3243 2621/3244 2635/2129 2634/3245
f 649/1753 679/1752 650/3246 607/3247
f 805/3248 786/3249 785/3228 804/3229
f 498/1793 730/1792 707/3250 481/3251
f 652/1600 667/622 624/625 609/3252
f 323/3253 306/3254 410/3255 470/3256
f 1875/2925 1901/3257 1902/3216 1884/2926
f 2297/2831 2009/978 2361/981 2486/2832
f 553/3258 554/3259 537/1873 552/133
f 2603/2593 2551/1109 2589/3111 2629/2594
f 1420/3260 1274/3114 1275/3115 1427/3261
f 444/3262 620/3263 502/3264 377/3265
f 1202/598 1204/402 1324/10 1320/453
f 1530/1026 1531/80 1642/3266 1641/1027
f 909/3267 1304/2209 1305/2208 868/3268
f 711/2023 974/1087 975/234 712/2024
f 969/3269 970/3109 1094/3270 1093/344
f 918/3271 941/3009 907/3012 831/3272
f 1591/1068 1592/1574 1359/1062 1358/2822
f 2113/634 2146/633 2035/2351 2034/1467
f 2090/2315 1998/2467 1908/1158 1920/1157
f 2369/3224 2474/3273 2413/3274 2277/3225
f 1488/1626 1618/1350 1619/2288 1489/1627
f 1418/3275 1420/3276 1473/209 1486/208
f 960/1905 751/609 752/2917 961/3277
f 552/133 576/132 564/1892 553/3258
f 1891/3278 1850/1303 2010/3036 2070/3279
f 1279/3280 1386/3281 1387/3282 1291/3283
f 322/2944 305/989 306/992 323/2945
f 1266/3284 1152/3285 1154/3286 1268/3287
f 930/1382 991/2350 945/2988 916/1383
f 2150/1958 2178/525 2151/2039 2104/2038
f 2226/1166 2192/2756 2182/1716 2212/1167
f 368/3288 280/3289 138/813 161/3290
f 1741/706 1792/705 1891/3291 1849/3292
f 802/3293 784/3294 1321/3295 1314/3296
f 2099/2631 2100/3297 2201/3298 2200/2289
f 1085/840 961/3277 962/3121 1086/841
f 1021/1022 935/1599 947/3299 1048/1023
f 901/2819 719/3300 720/3301 902/2820
f 2068/605 1868/3076 1878/2980 2157/602
f 1797/2236 1717/1349 1716/1352 1796/1073
f 1460/3302 1478/3303 1390/3304 1387/3305
f 1944/2585 1859/3306 1860/3307 1921/2586
f 903/3308 742/3309 845/2934 944/3310
f 1636/3311 1505/3312 1521/3313 1673/3314
f 835/2119 780/2118 746/3315 799/3316
f 2397/3317 2337/3318 2287/2146 2358/2145
f 2093/878 1945/1278 2019/3319 2119/2706
f 2287/3320 2132/3321 2061/2887 2205/2886
f 362/2977 363/3322 412/3323 389/3324
f 324/3325 330/371 364/374 363/3322
f 46/2895 47/787 505/1156 504/2896
f 100/1540 73/532 79/2081 105/1541
f 2545/3326 2490/2071 2496/2074 2556/3327
f 460/1311 461/1310 489/2707 462/1395
f 2251/1006 2263/1005 2319/1942 2307/1338
f 343/990 457/3328 458/1308 344/991
f 1535/452 1646/2723 1647/1970 1536/1203
f 1383/1886 1388/1887 1484/2553 1483/2552
f 1004/3329 884/3330 894/3331 1005/3332
f 1919/2712 1878/1918 1937/1921 2016/2713
f 1332/2434 1335/579 772/582 791/3333
f 134/1660 81/1257 82/1260 129/3334
f 2252/2346 2264/3335 2197/3336 2184/2347
f 2035/2351 1905/2225 1788/1263 1787/2352
f 1361/2252 1211/3337 1212/1021 1362/2084
f 869/1937 809/1936 855/2997 883/2996
f 415/1800 569/2486 559/3338 407/3163
f 1084/2827 960/1905 961/3277 1085/840
f 778/615 822/1687 744/1363 726/616
f 1043/1032 940/1031 1112/1111 1222/3339
f 2154/3340 2109/2238 2086/3341 2123/860
f 2266/3342 2280/3343 2052/3344 2027/3345
f 1897/3346 1871/265 1713/264 1631/3347
f 1251/3348 1417/1552 1419/1066 1252/1065
f 2085/2357 2047/3349 1980/1051 2048/2358
f 2533/2823 2503/566 2468/3350 2502/3351
f 1558/3352 1874/3353 1865/1084 1514/1083
f 2523/3354 2530/475 2529/671 2522/3355
f 484/390 710/389 711/2603 485/722
f 2172/1424 2128/1423 2036/2525 2069/2524
f 874/3356 880/3357 852/3358 847/1686
f 1702/2061 1703/2064 1400/1710 1396/1709
f 255/2915 289/761 296/762 263/3359
f 2262/3360 2278/3361 2218/3362 2196/3363
f 548/2893 514/2001 441/3364 488/3365
f 1845/3366 1935/289 2099/2631 2008/2630
f 465/3367 530/3368 521/3369 449/3370
f 259/1643 198/3371 261/652 308/651
f 1595/1265 1596/2325 1366/2327 1365/2933
f 2264/3335 2294/3372 2220/3373 2197/3336
f 814/182 794/985 858/2110 870/2109
f 1887/3374 1889/3375 2118/237 2117/236
f 2711/3376 2274/3377 2259/3378 2713/3379
f 1146/3380 1360/412 1364/411 1147/3381
f 978/3382 1146/3380 1147/3381 979/3383
f 2321/2058 1779/1639 1867/3384 2408/2059
f 1525/3385 1557/3386 1510/1649 1509/1086
f 1207/2372 1208/3387 1347/1776 1343/2373
f 2508/3388 2655/2138 2611/2139 2420/3389
f 2502/3390 2468/3391 2379/3392 2430/3210
f 991/2350 1007/2349 1119/3393 1074/2989
f 2713/3379 2259/3378 2260/2306 2714/2305
f 2719/122 2691/1939 2676/3394 2681/3395
f 1410/3396 1415/3397 1230/293 1228/292
f 23/1077 36/3398 18/2454 5/1078
f 2722/3399 2690/943 2701/946 2736/3400
f 1962/3401 1972/638 1974/2872 1973/2871
f 2142/3402 2310/3211 2430/3210 2379/3392
f 1099/3134 1014/3133 1025/3403 1155/3200
f 649/1753 622/3404 651/3405 666/50
f 1708/1882 1697/3406 1795/3407 1814/3408
f 726/616 744/1363 682/623 667/622
f 394/3164 367/3409 300/3410 286/3165
f 1121/2510 1134/38 1240/2727 1189/3411
f 1141/1088 1354/2354 1357/2353 1143/235
f 1700/3088 1746/3087 1887/356 1806/355
f 1921/2586 1860/3307 1861/3412 1880/1979
f 1533/804 1534/1204 1645/1971 1644/3413
f 1950/1868 2012/2473 2004/649 1924/648
f 215/3414 187/3415 374/3231 500/3230
f 1432/2574 1259/2331 1263/1952 1437/2950
f 1960/3416 1330/3175 1333/2390 1962/2389
f 2446/2462 2295/3096 2360/3097 2470/2463
f 2312/2634 2324/2407 2335/1249 2313/2635
f 830/2396 871/1384 891/3417 890/3418
f 1128/2987 1253/1067 1255/1432 1129/2749
f 1410/3396 1520/2802 1522/801 1415/3397
f 2503/566 2459/565 2417/3419 2468/3350
f 1549/2401 1550/2400 1614/3420 1612/3421
f 813/2815 775/1985 816/449 842/448
f 1703/2064 1524/3422 1426/3423 1400/1710
f 2012/2473 2078/2435 2063/2438 2004/649
f 280/3289 267/3424 132/814 138/813
f 983/3425 861/3426 903/781 1003/780
f 285/3427 240/3428 176/3429 253/3430
f 2420/3389 2174/3431 2272/3432 2508/3388
f 2214/3433 2215/3434 2248/3435 2247/3436
f 1083/2490 959/1904 960/1905 1084/2827
f 2011/3182 1862/3437 1836/3438 1999/333
f 690/540 681/539 797/2511 796/3439
f 2649/3440 2617/3441 2633/3442 2656/3443
f 1960/3444 1961/637 1972/638 1962/3401
f 1334/3068 1342/3071 706/3445 702/3446
f 1358/2822 1357/2353 1590/1069 1591/1068
f 256/3447 223/3448 179/3034 206/1622
f 1964/3449 2008/3450 2098/3451 2067/3452
f 383/1689 529/3453 476/3454 347/1690
f 382/3455 345/3456 39/2618 41/3457
f 1147/3145 1364/3161 1365/2933 1148/2932
f 128/1164 106/1163 116/1112 153/2545
f 51/816 36/815 23/157 31/156
f 249/3458 228/3459 220/2017 233/2016
f 1157/1567 1102/3460 1103/499 1158/771
f 633/1573 588/1572 661/2190 687/3461
f 575/2443 621/1609 724/438 677/1558
f 1608/176 1609/405 1664/408 1663/1699
f 221/3462 200/3463 193/3464 211/3465
f 1667/3466 1668/3467 1556/2362 1552/2361
f 2553/823 2502/3390 2430/3210 2478/3209
f 1820/3468 1854/3469 1751/1608 1731/1607
f 180/1669 157/936 361/939 433/1670
f 847/1686 852/3358 833/2647 822/1687
f 2480/1592 2481/512 2521/513 2527/1593
f 1953/3470 2234/855 2398/858 2088/1724
f 851/3471 874/3356 847/1686 821/1685
f 1985/561 1986/1914 2216/153 2215/152
f 2178/525 2190/524 2166/2608 2151/2039
f 2029/1587 2030/2212 1782/2638 1781/430
f 240/3472 294/3473 185/3474 176/3475
f 1163/515 1108/1838 1109/1841 1164/516
f 1532/79 1533/804 1644/3413 1643/3476
f 118/730 109/729 139/3039 158/966
f 2333/445 2199/635 2143/1091 2271/446
f 2505/3477 2522/3478 2489/717 2474/3479
f 666/50 651/3405 690/89 725/51
f 2696/3480 2675/3481 2690/943 2722/3399
f 2159/1048 2189/104 2241/107 2187/2420
f 1638/2241 1639/1122 1767/1124 1766/1479
f 367/3409 341/3482 276/3483 300/3410
f 245/462 246/461 331/3484 345/3485
f 1245/76 1239/75 1191/3486 1224/3487
f 355/2287 397/2286 222/3488 202/3489
f 880/3490 875/3491 853/3492 852/3493
f 190/529 152/528 165/3494 218/3196
f 2329/1425 2450/2700 2457/3495 2341/2991
f 2657/3496 2678/3497 2670/2137 2658/2632
f 873/181 955/180 956/3498 846/3499
f 980/3146 1148/2932 1149/1495 981/1494
f 1941/1160 1976/2492 1897/2493 1858/3500
f 1174/60 1045/3501 997/1702 1136/57
f 1874/2392 1948/663 1900/3502 1865/3503
f 2244/1280 2313/2635 2299/2734 2224/1281
f 2556/3327 2496/2074 2565/3137 2596/189
f 119/864 98/3504 54/2733 89/865
f 848/3505 1118/3506 1026/2054 876/2057
f 2547/2782 2558/1530 2557/3507 2546/2783
f 836/2117 779/2859 728/3508 780/2118
f 660/2191 686/2403 844/2864 764/591
f 693/3509 727/3510 866/2858 834/3511
f 2319/1737 2330/1788 2320/1791 2308/1738
f 1614/3512 1555/1757 1730/3513 1727/3514
f 1756/2170 1686/2789 1687/3026 1761/900
f 2213/3515 2214/3433 2247/3436 2246/3516
f 446/3517 519/3518 350/3519 309/3520
f 2255/3125 1995/3521 2102/3522 2381/3126
f 1619/2288 1719/2235 1721/2424 1620/3523
f 1580/2089 1899/768 1874/2392 1558/2090
f 1315/2526 1325/2529 887/2578 896/2577
f 2370/3524 2416/1469 2419/1472 2376/3525
f 96/3526 97/2758 86/1268 85/917
f 747/3527 770/3528 642/3529 613/3530
f 203/3531 467/3532 398/3533 173/3534
f 644/6 511/3535 430/2532 545/7
f 1574/1380 1576/1379 1554/3536 1551/3537
f 5/1078 18/2454 19/2457 6/2901
f 1821/3538 1822/3539 1791/2976 1790/2975
f 1362/2084 1363/2085 1513/3540 1545/1881
f 607/3247 577/3541 622/3404 649/1753
f 1377/3542 1380/3543 1482/886 1480/885
f 1448/1852 1454/1855 1470/2046 1477/2049
f 1721/427 1722/426 1621/2623 1620/2622
f 1372/796 1374/798 1548/666 1547/3544
f 181/1896 136/1895 137/527 182/526
f 2291/328 2426/3028 2444/2699 2318/329
f 1440/3545 1285/3546 1278/1853 1448/1852
f 852/3358 853/2124 823/2127 833/2647
f 1388/1565 1389/1568 1604/2591 1484/3547
f 550/3548 474/3549 403/3550 473/3551
f 1162/118 1107/1475 1108/3552 1163/3553
f 1773/738 1774/681 1991/680 1990/739
f 1300/2489 1197/2807 1198/839 1302/77
f 1249/3019 1250/3554 1125/955 1124/954
f 170/909 150/84 245/462 330/1712
f 405/653 335/300 414/303 531/1147
f 1462/2052 1464/879 1439/882 1430/3555
f 1442/2155 1443/2154 1568/3556 1615/3557
f 132/3558 267/3559 254/2914 112/2455
f 2522/3478 2529/2447 2497/718 2489/717
f 2732/2367 2733/2366 2712/3560 2709/3561
f 672/3562 583/748 869/2014 883/3563
f 533/3564 384/3565 370/3566 511/3535
f 2583/1298 2659/3567 2660/3568 2593/3569
f 2109/2238 2080/2237 2049/3570 2086/3341
f 1566/3571 1409/263 1422/262 1613/3572
f 1707/1883 1708/1882 1814/3408 1813/3573
f 2325/2875 2233/1705 2336/1708 2393/2876
f 54/2733 25/3574 26/2628 55/1258
f 2230/688 2237/2345 2170/2348 2156/689
f 1732/3575 1636/3311 1673/3314 1753/3576
f 2039/1447 2040/583 2164/586 2163/3065
f 650/3246 680/3577 652/3578 608/3579
f 448/1677 426/1799 302/1802 316/3580
f 2414/3581 2328/1931 2348/3582 2427/3583
f 32/159 24/158 27/1926 35/1925
f 1521/3584 1411/3585 1416/3586 1523/800
f 12/3587 8/3588 30/3589 34/975
f 58/3092 57/1554 68/914 69/1267
f 19/2457 113/2456 120/3590 22/2902
f 2178/525 2150/1958 2179/1413 2207/522
f 1785/1071 1784/1070 2032/1090 2033/1089
f 631/1857 714/589 715/3591 603/557
f 1542/459 1543/458 1735/2264 1734/3592
f 529/3593 614/3594 615/3220 541/3219
f 745/2648 736/3595 668/3596 692/2842
f 109/729 98/3597 119/3242 139/3039
f 114/1133 104/3152 110/3598 126/3599
f 577/134 565/1874 593/3600 622/3601
f 2665/1399 2654/1398 2680/3602 2687/3054
f 1742/2879 1720/172 1743/175 1793/2763
f 2646/191 2628/190 2648/2595 2666/3603
f 794/985 762/1420 840/3604 858/2110
f 2438/1470 2469/3605 2482/1764 2453/1471
f 926/2318 1038/2939 1079/2940 818/439
f 204/1430 162/2156 214/3606 277/3607
f 2401/3608 2491/3609 2499/3610 2462/3611
f 1309/713 1915/3612 1929/3613 1310/714
f 2153/862 2095/861 2084/1656 2137/3614
f 1042/621 1041/620 1080/686 1132/1953
f 2056/665 2003/664 2045/770 2082/109
f 554/3259 555/3110 538/312 537/1873
f 37/3615 27/1315 2/1274 9/1273
f 2741/123 2719/122 2681/3395 2729/3616
f 216/3213 135/1492 171/1493 243/2690
f 1423/672 1429/675 1498/3617 1494/3618
f 506/1152 346/1151 292/546 424/545
f 516/127 536/126 456/1270 442/1269
f 1292/3619 1378/2283 1381/2282 1280/3620
f 1138/1034 1348/727 1352/726 1140/1531
f 625/3025 653/3024 693/3621 683/3102
f 1247/468 1246/3622 1393/3623 1392/3624
f 26/2628 14/3094 15/3095 28/2629
f 653/3024 669/3241 727/3625 693/3621
f 2668/3626 2649/3627 2656/3628 2675/3629
f 1079/2940 1254/3630 1256/3631 818/439
f 970/3109 882/3108 1095/3632 1094/3270
f 416/3633 428/3634 417/3635 406/2276
f 1909/1159 1852/2240 1859/3306 1944/2585
f 1531/80 1532/79 1643/3476 1642/3266
f 674/3636 549/283 591/1400 742/3637
f 2022/3638 2023/639 2024/2675 2026/2674
f 654/2386 684/1018 728/3508 669/3639
f 1126/249 1251/3348 1252/1065 1127/250
f 363/3322 364/374 457/3043 412/3323
f 868/3640 1305/2415 1308/2414 800/3641
f 1397/1628 1412/1553 1250/3554 1249/3019
f 1564/1169 1407/2641 1408/789 1565/788
f 733/434 676/36 863/1284 906/2340
f 1338/580 1340/3642 758/3643 774/581
f 1155/201 1025/3644 1101/3645 1156/202
f 2615/3646 2584/3647 2621/3244 2639/3243
f 2418/3648 2709/3649 2712/2375 2357/2374
f 692/2842 668/3596 626/3650 640/2843
f 1342/383 1344/386 701/3651 706/3652
f 1469/2568 1526/2384 1559/2047 1470/2046
f 2622/2920 2619/831 2645/834 2647/1119
f 2167/3653 2134/2133 2136/2135 2168/3654
f 2703/2333 2730/2205 2636/3197 2620/3091
f 1464/879 1514/1083 1509/1086 1466/880
f 1543/414 1353/929 1355/928 1653/415
f 165/3074 128/1164 153/2545 191/376
f 25/3574 13/3162 14/3094 26/2628
f 1506/2963 1508/2962 1657/2479 1655/2478
f 365/3655 403/3550 474/3549 423/3656
f 1556/2541 1616/2540 1504/2689 1476/2688
f 112/2455 254/2914 255/2915 113/2456
f 2197/3049 2220/2790 1974/2793 1972/3050
f 266/3657 226/3658 248/3233 283/3232
f 2216/153 2194/1780 2227/1782 2249/154
f 1280/3620 1381/2282 1386/3659 1279/3660
f 83/1832 70/1831 90/2649 104/3152
f 1475/2364 1476/2363 1434/2805 1431/2804
f 619/1288 469/363 322/366 386/1289
f 1312/2561 1916/2617 1917/3661 1319/2562
f 228/3223 227/3222 219/3662 220/3663
f 1089/601 1090/600 965/1487 966/151
f 1351/456 1209/2900 1210/3193 1353/457
f 29/3664 33/2653 60/3665 57/3666
f 1294/541 1296/544 1528/1171 1527/2636
f 1160/67 1105/1483 1106/1474 1161/117
f 1799/1605 1693/658 1685/661 1755/2761
f 1801/62 1694/2297 1693/658 1800/63
f 1692/505 1842/2066 1855/3667 1637/3668
f 1941/1160 1909/1159 1944/2585 1976/2492
f 1223/3669 1277/1834 1264/1837 1169/3670
f 1154/3044 1051/1331 1001/1334 1098/3045
f 488/1094 455/1459 297/1462 338/1095
f 1239/75 1234/2509 885/2857 908/3671
f 1755/2761 1685/661 1686/2789 1756/2170
f 2341/2991 2457/3495 2463/3672 2349/3673
f 1382/2960 1241/2343 1243/2344 1385/2961
f 154/3674 140/3675 281/3676 304/3677
f 579/2772 595/417 641/420 611/2773
f 2000/1990 1819/3678 1854/3679 2001/1991
f 823/2127 799/2126 736/3595 745/2648
f 319/2659 278/1621 231/1624 290/3680
f 404/3681 614/3594 529/3593 383/3682
f 2606/2919 2607/1116 2619/831 2622/2920
f 2464/2166 1934/2335 1994/2694 2483/2167
f 1716/1352 1617/1351 1636/2906 1732/3683
f 895/3684 919/3685 874/3686 851/3687
f 2267/1586 2370/3688 2376/1488 2268/1491
f 125/3689 236/2838 235/2841 129/3334
f 2684/1008 2672/2794 2671/2136 2683/1009
f 1027/3690 983/3425 1003/780 1028/1543
f 2524/473 2531/3691 2547/2782 2537/474
f 258/3692 232/3693 228/3459 249/3458
f 2221/1635 2239/1634 2377/867 2360/2698
f 471/281 411/873 390/1335 443/282
f 2731/2204 2729/3694 2632/1209 2637/1208
f 496/3007 436/3695 427/1577 478/1576
f 1489/1627 1619/2288 1620/3523 1490/1551
f 924/1652 717/2329 942/3696 1023/1653
f 260/2160 316/2159 302/3697 251/1865
f 1184/1182 1185/3189 1406/2592 1405/1183
f 2742/3698 2720/92 2724/95 2746/2542
f 697/1751 873/181 846/3499 721/923
f 1977/3181 1863/3699 1862/3437 2011/3182
f 2629/3700 2589/2779 2630/2781 2662/3701
f 1287/73 1444/3702 1450/1374 1288/74
f 800/3703 1308/1444 1309/1443 824/3704
f 610/418 626/3705 668/3706 664/419
f 1229/2697 1231/1564 1416/3586 1411/3585
f 1879/2910 1942/1046 1966/1826 1890/1825
f 336/519 277/3607 429/3707 560/520
f 2532/3708 2540/3030 2266/3033 2253/3709
f 1231/1564 1230/293 1415/3397 1416/3586
f 580/314 612/2391 654/3710 627/3711
f 125/3689 82/1260 102/2774 142/3712
f 2139/3713 2156/3714 1956/3715 1932/3716
f 1149/1495 1366/2327 1369/1922 1150/1496
f 911/3717 1318/2669 1321/2668 784/3718
f 144/1134 114/1133 126/3599 157/2916
f 1753/2849 1673/3719 1676/799 1759/2850
f 2192/2756 2168/3720 2138/3721 2182/1716
f 421/1272 409/925 388/3722 399/2140
f 2382/3723 2510/3724 2519/3725 2392/3726
f 1356/2251 1142/3727 1211/3337 1361/2252
f 1142/3727 1010/2429 934/1598 1020/1597
f 1002/3728 859/2141 901/2142 1013/3729
f 1376/1319 1379/1322 1481/1213 1479/1212
f 1219/297 1276/2803 1277/2806 1223/298
f 1377/3542 1266/3284 1268/3287 1380/3543
f 2238/3730 2253/3731 2015/3732 2007/3733
f 1986/1914 1987/2516 2194/1780 2216/153
f 1394/1625 1397/1628 1249/3019 1248/469
f 1495/350 1498/349 1429/1433 1425/930
f 1367/907 1372/796 1547/3544 1546/2147
f 1093/344 1094/3270 1207/2372 1206/345
f 561/2105 585/984 605/125 584/124
f 246/461 282/3734 332/3013 307/2035
f 1770/2515 1771/3735 1988/3736 1987/2516
f 310/3737 301/3738 267/3424 280/3289
f 1526/2384 1870/1049 1896/1052 1559/2047
f 2677/3739 2650/2178 2669/1448 2689/2670
f 586/3740 632/3741 718/890 685/889
f 2168/3654 2136/2135 2107/2075 2138/3742
f 223/3448 194/3743 163/3744 179/3034
f 30/3589 29/3664 57/3666 58/3745
f 106/1163 80/2693 101/1113 116/1112
f 742/3309 591/2171 675/432 845/2934
f 1067/2196 1068/2662 1187/3120 1186/3119
f 140/1659 89/865 81/1257 134/1660
f 2422/3746 2421/868 2322/2290 2323/3747
f 2651/1449 2644/3748 2653/3101 2664/1450
f 1642/3266 1643/3476 1771/3735 1770/2515
f 825/3749 802/3750 1314/2955 1312/2954
f 720/942 590/280 549/283 674/3636
f 1392/3624 1394/1625 1248/469 1247/468
f 1680/3751 1573/1778 1586/3752 1696/3753
f 860/3150 872/178 688/1750 795/183
f 686/2403 685/889 843/892 844/2864
f 1177/3754 1171/2834 1179/2835 1189/3755
f 657/2099 868/3756 800/3757 540/2100
f 1704/3758 1613/2898 1578/1816 1677/3000
f 769/1364 745/2648 692/2842 691/1365
f 1120/3759 1121/2510 1189/3411 1179/3760
f 2636/3197 2637/1208 2501/1211 2500/1765
f 41/3457 43/3761 461/3762 459/3763
f 2275/1823 2206/2273 2259/2272 2274/3764
f 1296/544 1195/543 1196/2491 1298/1170
f 2564/1529 2549/3765 2539/3766 2557/3507
f 1782/2638 1783/2637 1588/731 1587/725
f 1175/822 1139/821 1350/3767 1349/1777
f 2375/3768 2588/3769 2608/3770 2469/3771
f 1246/1283 1229/1282 1411/3772 1393/3773
f 763/3774 841/2816 904/2149 877/3093
f 1254/3630 1423/3186 1428/3185 1256/3631
f 2081/3775 1996/759 2017/758 2243/3776
f 791/3777 772/3778 773/3779 771/2993
f 451/3780 532/3781 522/3782 397/3783
f 849/435 733/434 906/2340 984/1938
f 1152/3285 1050/3784 1051/3785 1154/3286
f 1633/1591 1577/1378 1567/1771 1634/3786
f 2736/3400 2701/946 2720/92 2742/3698
f 1934/3787 1680/3751 1696/3753 1994/3788
f 1729/752 1627/3789 1671/3048 1728/753
f 1633/3790 1967/2484 1923/769 1628/2748
f 2253/3731 2266/3342 2027/3345 2015/3732
f 2429/3212 2467/3791 2526/3792 2478/3209
f 492/1418 266/1417 283/3237 493/3236
f 248/3233 190/3793 218/3794 293/3234
f 2148/1045 2224/1281 1966/1826 1942/1046
f 815/1988 878/1381 871/1384 830/2396
f 1840/1438 1922/1437 1854/3469 1820/3468
f 229/2019 210/2018 200/3463 221/3462
f 62/3795 31/156 32/159 63/3059
f 2518/1899 2517/869 2421/868 2422/3746
f 2406/3796 2505/3797 2474/3273 2369/3224
f 2419/1472 2439/3067 2388/3798 2376/3525
f 1603/2554 1604/3799 1659/2382 1658/2381
f 1440/3545 1448/1852 1477/2049 1465/3800
f 1843/3801 1315/709 1316/273 1832/272
f 2306/3802 2353/1731 2375/1730 2332/3803
f 1133/2440 1120/2439 1179/3804 1178/3805
f 2366/629 2347/3806 2355/1822 2385/630
f 1111/3807 1223/3669 1169/3670 1044/3808
f 519/3809 425/3810 303/3811 350/3812
f 1546/2147 1547/3544 1709/2459 1654/2261
f 1714/3813 1715/3187 1748/1354 1792/1353
f 1306/803 1307/1201 1534/1204 1533/804
f 227/2611 260/2160 251/1865 219/1864
f 2005/3814 2006/636 2023/639 2022/3638
f 2317/3815 2445/3816 2498/3817 2400/3818
f 1505/3312 1393/3773 1411/3772 1521/3313
f 1269/3201 1383/1369 1384/1368 1242/3202
f 1761/900 1687/3026 1688/1640 1762/901
f 2425/3819 2358/3820 2286/3821 2356/3822
f 2662/2087 2630/3823 2643/3824 2674/1943
f 2541/2780 2408/3825 2464/2166 2592/2165
f 748/3826 525/3827 526/2658 749/2255
f 2008/3828 1964/2266 1812/2265 1845/2642
f 2479/1053 2561/2942 2443/3829 2384/3830
f 2495/3139 2515/3831 2530/3832 2523/3140
f 230/1225 286/3833 300/2952 253/1226
f 503/34 551/2021 637/421 662/35
f 1458/2764 2306/3834 2332/3835 1346/2765
f 1746/2481 1747/2480 1889/3836 1887/3837
f 1512/947 1583/2311 1297/58 1295/948
f 1452/394 1457/393 1637/3838 1569/3839
f 1764/511 1690/510 1691/1172 1808/3840
f 2175/1312 2091/332 2058/335 2161/3841
f 954/3842 1034/2775 1035/2778 955/3843
f 2161/3841 2058/335 2057/776 2160/2176
f 415/1800 407/3163 295/3166 298/1801
f 1589/2253 1707/1883 1813/3573 1736/3844
f 1487/2904 1392/3624 1393/3623 1505/2905
f 1060/3845 1061/3846 1102/3847 1101/3848
f 1286/1906 1441/881 1444/3849 1287/1907
f 2695/1317 2696/3850 2722/696 2728/695
f 104/3152 90/2649 99/2759 110/3598
f 799/3316 746/3315 694/2582 736/2581
f 2647/1119 2645/834 2665/1399 2673/1120
f 2202/746 2256/2866 2188/2317 2142/743
f 307/2035 332/3013 403/3016 365/2036
f 1399/2665 1401/817 1180/554 1182/2995
f 450/1344 406/3851 354/2226 396/1345
f 93/1223 77/1222 103/1132 121/1131
f 476/3852 529/3853 541/3854 477/3855
f 774/3856 758/3857 739/3104 757/3858
f 1182/2995 1183/1181 1403/1184 1399/2665
f 1194/542 1081/2180 1082/2183 1195/543
f 1697/2262 1654/2261 1737/2458 1795/3859
f 837/3860 672/3562 883/3563 912/3861
f 2535/3862 2562/3863 2606/3864 2594/3865
f 1979/2304 2046/2164 2012/2473 1950/1868
f 714/589 977/588 978/3866 715/3591
f 1432/2574 1499/2607 1500/973 1433/3
f 1298/1170 1300/2489 1530/1026 1529/1025
f 2261/3867 2262/3360 2196/3363 2217/3868
f 2100/3297 2099/2631 1935/289 1936/288
f 891/1997 916/3869 990/2661 989/1998
f 2171/1004 2185/2571 2279/1940 2263/1005
f 2279/1940 2293/2573 2340/3870 2330/1941
f 1289/1376 1290/1854 1193/3871 1234/2509
f 2412/54 2227/3872 2373/2852 2455/55
f 1413/3873 1418/3874 1486/3875 1485/3876
f 1817/3877 1818/3878 1895/3879 2019/3880
f 1893/1277 1826/2488 1869/3881 1945/1278
f 2112/568 1776/3882 1777/2128 2186/569
f 2119/2706 2019/3319 2094/3883 2149/1427
f 1278/2728 1240/2727 1134/38 1173/37
f 801/2683 783/2715 784/2716 802/2684
f 2661/1121 2673/1120 2686/3055 2679/1820
f 345/3456 331/3884 38/2619 39/2618
f 646/3885 808/2982 807/2422 645/8
f 2386/2786 2539/3766 2549/3765 2387/2787
f 15/3215 12/3587 34/975 50/974
f 995/477 998/3886 1077/295 1072/294
f 434/1271 697/1751 721/923 435/922
f 1646/2723 1775/682 1774/681 1647/1970
f 507/2044 404/2043 197/2431 272/2430
f 1392/3624 1487/2904 1488/1626 1394/1625
f 1413/3873 1271/514 1272/517 1418/3874
f 2138/229 2107/3887 2085/2357 2108/230
f 191/376 153/2545 184/1429 250/377
f 2544/3888 2594/2918 2618/1241 2577/1240
f 375/1955 360/1954 237/3889 244/3890
f 2408/3825 1867/2334 1934/2335 2464/2166
f 968/2922 969/3269 1093/344 1092/343
f 64/678 53/213 74/212 88/728
f 3/1405 6/2901 11/2903 7/3089
f 472/2172 413/1041 517/33 574/433
f 2303/2730 2305/1824 2274/3764 2304/2731
f 1427/3891 1275/3892 1222/3339 1438/1758
f 772/3778 774/3856 757/3858 773/3779
f 1583/2311 1572/2310 1299/59 1297/58
f 774/2735 758/3893 1341/849 1339/848
f 1220/3894 1177/3754 1189/3755 1240/3895
f 1641/1027 1642/3266 1770/2515 1769/1913
f 2468/3350 2417/3419 2296/3896 2379/3897
f 361/939 321/938 376/2978 422/2549
f 521/2885 582/2884 568/2523 509/2522
f 1039/3898 938/351 939/354 1040/3899
f 816/449 830/2396 890/3418 889/450
f 2018/1547 1853/2487 1893/1277 2072/877
f 2452/3900 2265/3901 2309/3902 2476/3903
f 1467/3904 1468/2567 1450/1374 1444/3702
f 2484/870 2517/869 2624/1898 2616/1246
f 402/1524 475/3905 48/3906 45/1525
f 1954/1999 1955/986 2006/636 2005/3814
f 159/3907 145/3908 99/3909 97/3910
f 1335/579 1973/3911 1975/3912 1338/580
f 681/539 683/3102 798/39 797/2511
f 2738/3913 2714/2305 2716/2308 2733/3914
f 279/2909 377/3915 315/3916 196/3183
f 1127/250 1252/1065 1253/1067 1128/2987
f 2090/2315 1920/1157 1886/3917 2081/2316
f 566/315 580/314 627/3711 594/3918
f 2521/513 2494/56 2555/1519 2563/2395
f 151/1996 130/1995 127/1539 136/3919
f 2431/2965 2383/2964 2394/2097 2442/2911
f 2063/2438 2121/2437 2122/2482 2064/962
f 1849/1446 1891/3920 2070/584 2040/583
f 1122/287 1115/286 1246/3622 1247/468
f 394/3164 543/3921 480/3922 367/3409
f 2562/3863 2563/1678 2607/1681 2606/3864
f 1121/2510 1120/3759 796/3439 797/2511
f 2010/3036 1912/2512 2071/1973 2165/1972
f 2004/649 2063/2438 2064/962 2013/650
f 1807/1302 1733/2878 1816/2513 1912/2512
f 1037/1537 1128/2987 1129/2749 1038/2939
f 256/337 320/3923 372/3924 291/338
f 1/1079 5/1078 6/2901 3/1405
f 2123/860 2086/3341 2066/1657 2095/861
f 2471/1465 2425/3925 2356/3926 2405/3112
f 220/3663 219/3662 209/22 210/21
f 1361/2252 1362/2084 1545/1881 1544/1880
f 265/3927 217/3928 226/3658 266/3657
f 1391/2589 1158/771 1159/66 1395/65
f 1065/1888 1066/2197 1185/3189 1184/1182
f 464/1674 448/1677 316/3580 334/3929
f 1199/842 1086/841 1087/1390 1200/1648
f 764/591 844/2864 953/2865 914/592
f 882/3930 806/3173 1071/3170 1095/3169
f 2293/3931 2351/2230 2386/3932 2340/3933
f 767/1909 700/49 768/52 820/340
f 1420/3260 1427/3261 1474/2399 1473/2398
f 746/3315 729/1017 670/1016 694/2582
f 2472/2246 2535/3862 2594/3865 2544/2247
f 789/3052 791/3777 771/2993 790/2994
f 2350/3934 2387/2533 2352/2536 2294/3935
f 2282/2005 2432/2004 2447/3936 2383/3937
f 1811/3938 1963/3939 2097/1386 1918/1385
f 115/3940 122/3941 123/81 133/908
f 2473/3942 2544/3888 2577/1240 2487/3943
f 2075/308 2056/665 2082/109 2103/108
f 2692/2671 2685/1451 2684/1008 2698/1007
f 2580/1612 2576/2470 2600/3944 2614/1613
f 2092/471 2011/3182 1999/333 2091/332
f 2349/3673 2463/3672 2452/1174 2374/1173
f 1540/550 1343/2373 1347/1776 1541/1295
f 632/3741 659/147 763/3774 718/890
f 956/3498 946/3945 864/3099 846/3499
f 2448/3204 2344/3203 2367/3946 2410/3947
f 381/3948 205/863 154/866 304/3949
f 1152/97 1266/1304 1267/1307 1153/98
f 1640/1028 1641/1027 1769/1913 1768/1123
f 2488/197 2436/3950 2490/3951 2545/198
f 2204/585 2165/2613 2285/3952 2314/883
f 2132/3953 2044/1060 1946/1618 2061/1617
f 1427/3891 1438/1758 1555/1757 1474/3954
f 1211/3337 1020/1597 1021/1022 1212/1021
f 927/3955 981/1494 982/1497 928/3956
f 2187/2420 2241/107 2256/2866 2202/746
f 448/1677 616/1676 597/2485 426/1799
f 1323/805 1933/3195 1957/3957 1326/806
f 1744/2063 1632/3958 1524/3422 1703/2064
f 999/3143 996/476 1073/478 1078/2696
f 1841/2260 1883/2259 1875/2925 1842/2924
f 1687/3026 1562/2472 1563/1641 1688/1640
f 145/3959 115/3940 133/908 168/3960
f 593/3199 594/3022 625/3025 623/538
f 407/3163 559/3338 543/3921 394/3164
f 2531/3691 2538/1527 2558/1530 2547/2782
f 1477/2049 1581/2048 1629/3961 1511/3962
f 1325/2810 1857/3963 1957/3964 1326/2811
f 2654/1398 2646/191 2666/3603 2680/3602
f 1156/202 1101/3645 1102/3965 1157/3966
f 659/147 665/146 856/3967 829/2814
f 1604/2591 1605/2590 1660/898 1659/3968
f 2367/3969 2368/631 2303/2730 2301/2729
f 277/3607 214/3606 342/3970 429/3707
f 2118/2102 2039/2101 2163/1859 2363/1858
f 1883/3971 1914/1867 1901/1869 1875/3972
f 2591/2131 2570/3973 2513/3062 2561/3061
f 813/2815 888/3974 848/1986 775/1985
f 1933/3975 1932/987 1956/988 1957/3976
f 2308/1534 2320/2935 2252/2938 2237/1535
f 1064/1889 1065/1888 1184/1182 1183/1181
f 2596/189 2565/3137 2603/2593 2628/190
f 53/3977 37/3615 9/1273 13/3162
f 1794/1700 1663/1699 1664/408 1826/2488
f 1330/3978 1960/3979 1866/3980 1331/3981
f 1767/1124 1768/1123 1985/561 1984/560
f 98/3597 74/212 25/215 54/3982
f 225/138 208/2223 181/3983 217/3928
f 950/2007 949/2242 1030/483 1032/957
f 481/3251 707/3250 696/3984 467/3985
f 329/3986 431/2530 430/2532 328/3987
f 1809/1507 1827/1615 1725/646 1724/1508
f 1851/2762 1755/2761 1756/2170 1852/2169
f 2439/3067 2440/1563 2389/3988 2388/3798
f 587/2402 586/3740 685/889 686/2403
f 2605/613 2511/612 2512/1464 2570/1463
f 611/3989 641/2970 670/1016 655/1015
f 1597/2326 1706/3990 1370/1923 1369/1922
f 2283/3066 2284/884 2345/628 2344/3991
f 1948/663 2002/662 1949/742 1900/3502
f 2630/2781 2592/2165 2609/2168 2643/3992
f 410/872 391/2107 392/2108 411/873
f 1803/1550 1804/1506 1723/1509 1722/3993
f 2349/3673 2374/1173 2265/2863 2198/3994
f 2427/2073 2348/567 2415/570 2475/1107
f 1646/2723 1535/452 1537/9 1648/2249
f 2434/2771 2395/1357 2396/1360 2423/611
f 466/101 416/1578 406/3995 450/102
f 2071/1973 1898/2514 2018/1547 2176/1546
f 2506/3996 2572/3997 2566/3998 2456/3999
f 1718/1301 1683/4000 1684/897 1733/2878
f 261/378 250/377 317/1520 335/4001
f 2019/4002 1895/4003 2000/1990 2074/1989
f 2478/3209 2526/3792 2598/824 2553/823
f 251/1865 302/3697 298/994 241/993
f 1082/2183 958/2182 959/1904 1083/2490
f 1193/3871 1173/4004 834/3511 866/2858
f 1290/1854 1278/1853 1173/4004 1193/3871
f 2103/108 2150/4005 2104/309 2075/308
f 2652/2845 2694/1316 2727/1318 2674/1943
f 1250/3554 1412/1553 1417/1552 1251/3348
f 1683/4006 1659/4007 1660/4008 1684/4009
f 1320/453 1322/1202 1203/599 1202/598
f 718/890 763/3774 877/3093 862/891
f 2174/3431 2101/4010 2223/4011 2272/3432
f 683/3102 693/3621 834/40 798/39
f 2656/4012 2633/1614 2650/2178 2677/3739
f 583/748 672/3562 646/4013 546/749
f 1281/2753 1428/4014 1430/3555 1282/2754
f 539/998 518/997 495/1146 754/1145
f 1804/1506 1913/1549 1894/1616 1809/1507
f 1545/1881 1513/3540 1697/3406 1708/1882
f 2083/2163 2135/2913 2120/2436 2078/2435
f 1208/3387 1175/822 1349/1777 1347/1776
f 1391/2589 1395/65 1606/1205 1605/2590
f 1015/1877 902/4015 861/4016 983/1878
f 1736/3844 1813/3573 1935/4017 1845/4018
f 2344/3991 2345/628 2368/631 2367/3969
f 1916/2617 2126/2616 2139/3713 1917/3661
f 837/4019 947/3299 935/1599 808/2982
f 1485/3876 1486/3875 1611/1721 1610/1720
f 1739/4020 1741/4021 1849/4022 1848/4023
f 2207/522 2179/1413 2191/1416 2225/1601
f 527/607 493/3236 494/996 528/608
f 569/3008 478/1576 466/101 559/100
f 2593/3569 2660/3568 2653/4024 2615/4025
f 218/3196 165/3494 198/3371 259/1643
f 2105/4026 2062/1055 2077/1058 2134/2133
f 2620/3091 2636/3197 2500/1765 2482/1764
f 1724/1508 1725/646 1624/347 1623/269
f 2406/3796 2369/3224 2229/3227 2276/4027
f 1759/2850 1676/799 1675/802 1758/325
f 1781/430 1782/2638 1587/725 1585/431
f 1539/143 1337/142 1343/2373 1540/550
f 2014/2722 2066/1657 2086/3341 2049/3570
f 526/2658 492/1418 493/3236 527/607
f 2314/883 2285/3952 2347/3806 2366/629
f 2533/4028 2575/826 2590/4029 2559/4030
f 1234/2509 1193/3871 866/2858 885/2857
f 703/1957 704/1809 757/3858 773/3779
f 2334/2405 2382/3723 2392/3726 2342/2406
f 2089/683 1775/682 1776/2724 2112/4031
f 1142/4032 1356/4033 1355/4034 1096/2597
f 36/3398 132/3558 112/2455 18/2454
f 1044/3010 1169/2393 1113/2394 1006/3011
f 616/1196 508/1195 496/3007 597/3006
f 984/1938 906/2340 985/1482 1017/1481
f 2456/4035 2566/4036 2491/4037 2401/4038
f 1222/3339 1112/1111 1445/1324 1438/1758
f 920/4039 908/4040 875/3491 880/3490
f 77/1222 65/1829 83/1832 103/1132
f 1573/1778 1349/1777 1350/3767 1586/3752
f 1927/1050 1981/3206 2048/2358 1980/1051
f 1491/1229 1492/271 1419/1066 1417/1552
f 1094/3270 1095/3632 1208/3387 1207/2372
f 206/1622 278/1621 320/1512 256/3447
f 811/4041 618/4042 619/4043 812/4044
f 367/3409 480/3922 438/4045 341/3482
f 224/4046 257/339 297/2080 264/4047
f 1226/4048 1304/3160 909/4049 1000/4050
f 2337/4051 2177/4052 2132/3321 2287/3320
f 2181/319 2154/318 2123/4053 2169/4054
f 387/1580 323/3253 470/3256 589/1581
f 1949/4055 1979/2304 1950/1868 1914/1867
f 2191/1416 2167/1415 2168/3720 2192/2756
f 167/3190 159/3907 97/3910 96/4056
f 1863/2851 1759/2850 1758/325 1862/324
f 1903/3218 1926/3217 1981/4057 1927/4058
f 2202/746 2173/745 2158/1279 2187/2420
f 1144/232 1358/2822 1359/1062 1145/1061
f 2339/4059 2219/1930 2328/1931 2414/3581
f 1338/580 1975/3912 1993/4060 1340/3642
f 1998/2467 1872/4061 1851/2239 1908/1158
f 1904/2508 1936/2507 1814/4062 1795/4063
f 2177/1428 2073/323 2044/1060 2132/3953
f 1066/2197 1067/2196 1186/3119 1185/3189
f 2270/4064 2271/446 2032/1090 2031/4065
f 33/4066 66/4067 76/4068 60/1555
f 508/1195 447/3038 436/3695 496/3007
f 1329/2428 1332/2434 791/3333 789/2626
f 1068/2662 1069/3208 1188/4069 1187/3120
f 314/2466 324/3325 363/3322 362/2977
f 1839/4070 1840/4071 1668/4072 1667/4073
f 1644/3413 1645/1971 1773/738 1772/737
f 1691/4074 1566/3571 1613/3572 1704/4075
f 2626/1964 2612/1144 2649/4076 2668/4077
f 514/2001 516/127 442/1269 441/3364
f 695/4078 825/2564 615/3151 614/4079
f 2539/3129 2386/3932 2351/2230 2499/2229
f 1722/3993 1723/1509 1622/268 1621/1228
f 2389/1949 2378/1948 2271/446 2270/4064
f 1502/2203 1477/2049 1511/3962 1553/2201
f 560/4080 429/3106 969/3269 968/2922
f 1547/3544 1548/666 1698/669 1709/2459
f 1776/3882 1648/4081 1649/4082 1777/2128
f 2372/4083 2708/1216 2706/2709 2411/2708
f 713/587 601/1856 600/1774 712/2024
f 1501/2051 1558/3352 1514/1083 1464/879
f 1656/968 1657/4084 1508/4085 1507/1367
f 2627/170 2431/2965 2442/2911 2644/2860
f 2616/1246 2624/1898 2668/4086 2667/1247
f 2342/2406 2392/3726 2441/4087 2354/1250
f 2721/712 2748/756 2747/18 2726/17
f 95/1755 96/3526 85/917 84/916
f 2211/1168 2212/1167 2183/317 2193/316
f 2525/3130 2499/2229 2452/2232 2463/4088
f 1099/3134 1242/3202 1243/4089 1100/3131
f 1958/4090 1959/4091 1961/637 1960/3444
f 217/3928 181/3983 182/4092 226/3658
f 137/4093 131/1542 146/2309 152/4094
f 2038/779 1892/778 1872/4061 1998/2467
f 511/3535 370/3566 328/3987 430/2532
f 2341/2991 2349/3673 2198/3994 2185/2992
f 875/3491 854/4095 835/4096 853/3492
f 881/4097 789/4098 1330/3978 1331/3981
f 2156/3714 2170/2867 1959/2870 1956/3715
f 201/4099 183/4100 202/3489 222/3488
f 1471/2281 1472/4101 1386/3659 1381/2282
f 815/1988 876/1987 929/1714 878/1381
f 741/1769 385/1668 634/1671 900/2027
f 2144/1092 2113/634 2034/1467 2033/1089
f 2031/4065 2032/1090 1784/1070 1783/1243
f 2567/642 2579/645 2582/4102 2571/4103
f 944/3310 845/2934 937/1950 1019/1718
f 1673/3719 1521/3584 1523/800 1676/799
f 1061/2680 1062/496 1103/499 1102/3460
f 1657/4084 1656/968 1740/971 1747/1103
f 136/3919 127/1539 131/1542 137/4093
f 2473/4104 2487/3138 2514/3141 2504/4105
f 2328/1931 2089/683 2112/4031 2348/3582
f 113/2456 255/2915 263/3359 120/3590
f 2702/711 2700/4106 2704/754 2721/712
f 2147/2224 2223/4011 2101/4010 2036/2525
f 143/4107 163/4108 195/4109 167/4110
f 427/2477 437/2476 428/3634 416/3633
f 1215/797 1049/1651 1151/1654 1265/874
f 2260/2275 2149/2274 2177/4052 2288/4111
f 659/147 829/2814 841/2816 763/3774
f 1825/1978 1710/1977 1805/4112 2037/2958
f 1901/1869 1924/648 1951/277 1902/276
f 7/4113 11/2650 33/2653 29/3664
f 540/2100 507/4114 272/2222 284/137
f 1368/4115 1012/4116 1046/1924 1370/1923
f 1793/2763 1743/175 1794/1700 1853/2487
f 306/3254 344/4117 391/4118 410/3255
f 570/4119 673/1928 716/1796 617/4120
f 1602/2555 1603/2554 1658/2381 1712/4121
f 2209/1602 2225/1601 2226/1166 2210/1165
f 275/1431 204/1430 277/3607 336/519
f 2365/4122 2447/893 2409/896 2346/4123
f 1125/2776 1250/4124 1251/4125 1126/2777
f 1868/1919 1834/4126 1835/4127 1885/1920
f 1643/3476 1644/3413 1772/737 1771/3735
f 1313/733 1830/4128 1833/4129 1318/734
f 1454/1855 1453/1375 1469/2568 1470/2046
f 2125/4130 2051/4131 2235/2245 2338/2248
f 961/3277 752/2917 753/4132 962/3121
f 2584/4133 2554/2770 2586/610 2621/2188
f 957/2181 748/3826 749/2255 958/2182
f 857/4134 635/3179 636/3180 859/4135
f 585/984 561/2105 513/1571 563/1419
f 917/4136 1110/296 1111/299 918/3271
f 777/4137 918/3271 831/3272 699/4138
f 669/3639 728/3508 779/2859 727/3510
f 645/8 545/7 546/2531 646/3885
f 1284/2856 1286/1906 1244/1136 1237/1135
f 1187/3120 1188/4069 1409/790 1408/789
f 682/623 691/1365 639/2844 638/624
f 708/3060 709/388 483/387 482/2320
f 1456/1501 1457/1500 1116/4139 1070/4140
f 1605/2590 1606/1205 1661/173 1660/898
f 512/4141 570/4119 617/4120 534/4142
f 270/2121 142/2120 215/4143 500/3123
f 806/3173 759/259 1047/4144 1071/3170
f 2347/1570 2245/876 2258/572 2355/571
f 1461/2053 1462/2052 1430/3555 1428/4014
f 477/3855 541/3854 530/3368 465/3367
f 488/3365 441/3364 432/1012 455/1011
f 388/3722 444/3262 377/3265 279/4145
f 534/4146 572/4147 647/4148 617/4149
f 43/4150 44/4151 489/4152 461/4153
f 630/4154 560/4080 968/2922 967/2921
f 2324/2407 2342/2406 2354/1250 2335/1249
f 1054/14 1400/1710 1426/3423 1232/15
f 34/975 30/3589 58/3745 61/976
f 2403/2741 2311/632 2199/635 2333/445
f 1492/271 1493/270 1421/931 1419/1066
f 1681/441 1810/1933 1754/2312 1582/442
f 820/340 851/4155 821/1910 767/1909
f 269/1661 134/1660 129/3334 235/2841
f 291/338 372/3924 453/4156 338/2079
f 2361/981 2116/980 2325/2875 2576/2874
f 2203/2537 2273/2681 2312/2634 2242/1389
f 1201/2096 1088/1393 1090/600 1203/599
f 1523/800 1416/3586 1415/3397 1522/801
f 2581/4157 2556/3327 2596/189 2623/188
f 992/1916 993/1745 1064/1889 1063/1917
f 2667/1247 2668/4086 2696/3850 2695/1317
f 1612/4158 1614/4159 1727/4160 1726/4161
f 267/3559 301/87 288/1000 254/2914
f 2514/4162 2523/3354 2522/3355 2505/166
f 936/4163 915/4164 999/844 1018/843
f 1167/4165 1040/4166 1043/1032 1222/3339
f 1368/4115 1370/1923 1706/3990 1738/4167
f 2675/3481 2656/4168 2677/944 2690/943
f 1808/3105 1704/4169 1677/1361 1765/1001
f 2700/4106 2688/2086 2693/1945 2704/754
f 1796/1073 1716/1352 1732/3683 1815/1074
f 919/3685 920/4039 880/3490 874/3686
f 565/1874 566/315 594/3918 593/3600
f 1332/2434 1962/2433 1973/3911 1335/579
f 1571/42 1694/3056 1672/3058 1520/43
f 810/559 839/1929 761/1517 732/1516
f 2706/2709 2737/4170 2732/4171 2705/2710
f 2388/1489 2389/4172 2270/2210 2269/1490
f 441/3364 442/1269 421/1272 432/1012
f 2289/4173 2437/4174 2402/4175 2228/4176
f 1726/4161 1727/4160 1818/3878 1817/3877
f 8/3588 7/4113 29/3664 30/3589
f 1442/2548 1446/1698 1076/1804 1168/4177
f 2248/155 2249/154 2412/4178 2460/4179
f 1398/68 1160/67 1161/117 1404/116
f 2183/4180 2155/231 2109/2238 2154/3340
f 2555/1679 2528/196 2581/199 2595/1680
f 331/3884 339/4181 42/4182 40/4183
f 809/4184 731/2556 899/2026 1011/2025
f 1468/2567 1516/1412 1526/2384 1469/2568
f 537/1873 538/312 566/315 565/1874
f 2511/612 2411/2218 2424/4185 2512/1464
f 1819/3678 1669/1759 1670/4186 1854/3679
f 71/4187 51/816 31/156 62/3795
f 2247/2417 2248/155 2460/4179 2481/2418
f 2565/3137 2475/1107 2551/1109 2603/2593
f 902/2820 720/3301 674/4188 861/3426
f 861/3426 674/4188 742/4189 903/781
f 2648/1666 2629/3700 2662/3701 2688/1667
f 1055/4190 1074/2198 1170/464 1166/463
f 2507/1101 2516/1684 2457/2829 2450/1102
f 1033/497 1017/1481 1105/1483 1104/498
f 1847/979 1825/1978 2037/2958 2116/980
f 542/2033 771/2032 773/4191 532/4192
f 2679/4193 2686/1139 2717/1142 2699/4194
f 879/342 895/4195 851/4155 820/340
f 209/1866 241/993 234/480 199/479
f 672/3562 837/3860 808/4196 646/4013
f 1418/3275 1272/3177 1274/3178 1420/3276
f 2231/2791 2238/3730 2007/3733 1992/2792
f 105/1541 79/2081 91/1162 111/1161
f 1319/903 1917/4197 1931/4198 1321/904
f 2449/838 2397/837 2358/3820 2425/3819
f 908/3671 885/2857 854/2116 875/4199
f 2436/3950 2339/4059 2414/3581 2490/3951
f 827/4200 598/1401 452/1404 643/4201
f 1777/2128 1649/4082 1650/1637 1778/1636
f 1466/880 1467/1650 1444/3849 1441/881
f 1559/2047 1896/1052 1925/4202 1581/2048
f 2502/3390 2553/823 2575/826 2533/4028
f 257/339 224/4046 194/4203 223/336
f 2331/2936 2350/4204 2294/4205 2264/2937
f 1730/3513 1555/1757 1669/1759 1819/3678
f 1436/1951 1671/3048 1627/3789 1503/2951
f 1472/4206 1460/4207 1387/3282 1386/3281
f 2512/1464 2449/4208 2425/3925 2471/1465
f 20/185 42/4209 45/4210 21/186
f 1170/464 1232/2200 1426/1817 1424/465
f 1355/4034 1356/4033 1589/4211 1653/2643
f 679/1752 735/1912 680/3577 650/3246
f 1291/4212 1387/3305 1390/3304 1273/4213
f 449/3370 521/3369 509/3168 437/3167
f 1861/3116 1763/508 1764/511 1838/4214
f 2278/3361 2292/1533 2230/1536 2218/3362
f 687/3461 661/2190 743/590 776/626
f 1815/4215 1732/3575 1753/3576 1837/4216
f 1467/3904 1510/1409 1516/1412 1468/2567
f 2323/3747 2322/2290 2200/2289 2201/3298
f 479/2453 542/2452 532/3781 451/3780
f 1930/4217 1314/3296 1321/3295 1955/4218
f 822/1687 833/2647 769/1364 744/1363
f 370/2677 269/1661 235/2841 328/2840
f 2474/3479 2489/717 2426/720 2413/4219
f 2024/2675 2007/2738 2025/4220 2015/2672
f 2409/896 2410/895 2301/2729 2300/4221
f 946/1538 1037/1537 1038/2939 926/2318
f 1665/4222 1666/4223 1750/2504 1749/2503
f 2643/3992 2609/2168 2631/2411 2652/4224
f 447/961 465/960 449/2475 436/2474
f 599/2575 547/2106 571/2000 602/2892
f 1253/1067 1421/931 1425/930 1255/1432
f 608/1890 652/4225 609/4226 592/1891
f 304/3677 281/3676 384/1595 452/1594
f 792/1779 671/216 793/227 897/2890
f 2198/4227 2265/2231 2351/2230 2293/3931
f 2294/3372 2352/4228 2231/4229 2220/3373
f 532/4192 773/4191 757/1128 522/1127
f 342/2009 287/2008 806/3173 882/3930
f 715/3591 978/3866 979/3144 838/558
f 2744/2012 2741/2011 2729/3694 2731/2204
f 1798/2234 1890/2543 1881/4230 1802/2423
f 1669/1759 1445/1324 1455/1323 1670/4186
f 841/2816 842/448 905/451 904/2149
f 1178/3805 1221/379 1172/382 1133/2440
f 1574/4231 1946/1618 2044/1060 1579/4232
f 2256/2866 2175/1312 2161/3841 2232/2314
f 2727/1318 2728/695 2735/698 2734/1944
f 1233/4233 1244/1136 1245/1908 1224/4234
f 2469/3605 2608/3090 2620/3091 2482/1764
f 226/3658 182/4092 190/3793 248/3233
f 977/588 1145/1061 1146/1064 978/3866
f 1053/1340 1054/14 1007/13 994/1341
f 1174/60 1299/59 1301/2747 1226/4235
f 870/2109 860/3150 795/183 814/182
f 82/1260 75/1220 93/1223 102/2774
f 423/4236 474/1760 621/1763 575/2371
f 292/139 225/138 217/3928 265/3927
f 1895/4003 1730/3513 1819/3678 2000/1990
f 2601/832 2581/4157 2623/188 2640/833
f 572/3154 487/3153 535/1798 647/1797
f 273/4237 238/4238 232/3693 258/3692
f 1282/2754 1430/3555 1439/882 1284/2856
f 425/1325 519/4239 446/4240 348/1326
f 1118/4241 1117/4242 1373/4243 1375/4244
f 810/559 838/558 980/3146 839/1929
f 1384/1368 1507/1367 1508/4085 1385/4245
f 1518/2746 1705/2313 1829/4246 1745/4247
f 867/1704 921/1703 922/4248 781/4249
f 444/3262 409/925 722/924 620/3263
f 525/3827 748/3826 747/3527 613/3530
f 2574/4250 2632/4251 2729/3616 2681/3395
f 982/1497 1046/1924 1012/4116 928/3956
f 578/4252 639/4253 640/4254 626/3705
f 840/4255 776/4256 915/4164 936/4163
f 1436/1951 1503/2951 1437/2950 1263/1952
f 925/1286 1004/4257 1108/3552 1107/1475
f 783/4258 1311/4259 1313/4260 923/4261
f 303/4262 252/4263 309/3520 350/3519
f 315/4264 377/4265 502/4266 325/4267
f 2424/4268 2418/835 2449/838 2512/4269
f 1243/4089 1242/3202 1384/1368 1385/4245
f 2403/2741 2632/4251 2574/4250 2311/632
f 2169/4054 2153/4270 2180/4271 2181/319
f 578/4252 564/1892 592/1891 609/4226
f 1373/4243 1630/4272 1631/4273 1375/4244
f 352/4274 373/4275 599/1510 439/1513
f 2437/4174 2498/4276 2445/4277 2402/4175
f 2042/2267 2343/1252 2315/1872 2131/2588
f 1829/4246 1828/2847 1876/2846 1952/4278
f 2571/4103 2515/472 2577/1240 2602/1242
f 1053/1340 1052/1339 1273/4213 1396/1709
f 781/4279 1000/4280 909/4281 782/4282
f 1579/4232 2044/1060 1678/1059 1575/4283
f 2442/2911 2584/4133 2615/4025 2644/2860
f 1313/4260 1311/4259 1954/4284 1830/4285
f 656/4286 781/4249 782/1149 506/1152
f 1831/4287 1745/4288 1952/4289 1953/3470
f 829/2814 856/3967 888/3974 813/2815
f 2135/4290 2152/2609 2180/4271 2120/4291
f 2456/4292 2401/4293 2462/4294 2506/4295
f 2180/4271 2208/523 2209/1602 2210/1165
f 922/4248 1045/3501 1226/4235 1000/4296
f 1982/204 1983/1480 2213/2605 2124/205
f 578/4252 609/4226 624/4297 638/4298
f 918/4299 1111/3807 1044/3808 941/4300
f 578/4252 610/418 595/417 579/2772
f 761/1517 1012/4116 1368/4115 1371/4301
f 307/2035 339/2034 331/3484 246/461
f 285/4302 349/4303 294/4304 240/4305
f 145/3908 168/1291 314/2466 110/2465
f 1837/4216 1977/4306 1907/4307 1815/4215
f 2532/3708 2571/4103 2582/4102 2540/3030
f 2289/4308 2228/4309 2317/3815 2400/3818
f 1368/4115 1738/4167 1996/759 1371/4301
f 1075/684 724/438 1171/437 1177/4310
f 172/1994 233/4311 175/2639 147/359
f 424/545 628/4312 656/4286 506/1152
f 1738/4167 1706/3990 1791/2976 1822/3539
f 2166/2608 2190/524 2180/4271 2152/2609
f 2180/4271 2210/1165 2211/1168 2193/316
f 1731/2539 1668/2538 1840/4313 1820/4314
f 491/548 525/3827 628/4312 424/545
f 1478/3303 1701/2808 1702/2061 1396/1709
f 22/2651 120/4315 178/4316 66/2652
f 1665/407 1749/4317 1826/2488 1664/408
f 166/2640 175/2639 222/1734 213/1189
f 2087/4318 2110/4319 2316/2744 2234/4320
f 1953/3470 1952/4289 2087/162 2234/855
f 423/4236 575/2371 475/2370 402/4321
f 1858/3500 1886/3917 1920/1157 1941/1160
f 2110/4319 2213/2605 2246/2416 2316/2744
f 2122/4322 2121/4323 2180/4271 2137/4324
f 178/4316 120/4315 351/2221 440/2678
f 2288/4111 2177/4052 2337/4051 2357/4325
f 554/3259 553/3258 578/4252 555/3110
f 2142/3402 2380/4326 2404/4327 2310/3211
f 556/1406 555/3110 578/4252 567/1407
f 146/2309 165/3074 152/4094
f 716/4328 761/4329 839/4330
f 1162/118 1271/4331 1414/119
f 848/3505 888/4332 1118/3506
f 1877/3073 1953/3470 2088/1724
f 1839/4333 1978/1435 1840/1438
f 1821/3538 1906/760 1822/3539
f 1226/4048 1301/4334 1304/3160
f 1992/2737 2007/2738 2024/2675
f 180/1669 385/1668 271/1768
f 457/3328 459/1309 458/1308
f 2042/4335 2257/4336 2043/4337
f 567/1407 578/4252 579/2772
f 1301/4334 1518/3157 1304/3160
f 1256/3631 1428/3185 1281/4338
f 1499/2607 1627/3789 1729/752
f 222/1734 397/3783 498/1735
f 1760/1932 1766/1479 1982/204
f 463/958 476/2986 477/959
f 633/1573 687/3461 762/1420
f 1915/1442 1928/1441 2051/4339
f 310/3737 418/4340 337/2969
f 1896/1052 1980/1051 2047/3349
f 2238/4341 2352/4228 2253/3709
f 1907/4342 1977/4343 1997/4344
f 2113/634 2144/1092 2199/635
f 99/3909 145/3908 110/2465
f 172/1994 249/4345 233/4311
f 2143/1091 2199/635 2144/1092
f 1712/970 1739/1104 1740/971
f 1894/1616 1913/1549 2043/4346
f 598/4347 827/2369 759/259
f 1227/4348 1292/4349 1280/4350
f 290/3680 358/4351 499/4352
f 1371/4301 1996/759 1886/4353
f 1256/3631 1281/4338 1257/4354
f 1509/1086 1615/4355 1568/4356
f 1168/4357 1244/1136 1190/4358
f 21/785 48/4359 49/786
f 2560/4360 2583/1298 2593/3569
f 2015/2672 2027/4361 2050/2673
f 1857/3963 2005/4362 1957/3964
f 1375/4363 1519/4364 1459/2280
f 1839/751 1947/322 1978/321
f 1519/2441 1631/3347 1713/264
f 366/1642 495/1146 518/997
f 1273/4365 1279/4366 1291/4367
f 327/4368 572/4369 358/4370
f 2119/4371 2149/2274 2206/2273
f 1414/119 1485/4372 1609/405
f 195/4373 244/3890 237/3889
f 2142/3402 2379/3392 2145/4374
f 319/2659 352/4274 439/1513
f 352/4375 570/4376 373/4377
f 2582/4102 2625/1819 2642/1821
f 2231/4229 2352/4228 2238/4341
f 159/1726 195/4378 237/1733
f 1738/4167 1822/3539 1996/759
f 372/3924 602/4379 453/4156
f 1772/737 1989/740 1856/4380
f 701/1811 707/4381 730/1808
f 2188/4382 2243/3776 2380/4326
f 902/4383 1014/3133 1002/3132
f 2250/1781 2339/4059 2436/3950
f 1959/4091 1961/637 2006/636
f 1957/4384 2005/4385 1958/4386
f 108/4387 161/3290 138/813
f 578/4252 626/3705 610/418
f 445/4388 696/4389 701/4390
f 1869/3881 2019/3319 1945/1278
f 2282/1707 2383/2964 2336/1708
f 1830/4391 1954/4392 1832/272
f 2288/2307 2715/4393 2716/2308
f 398/3533 467/3532 445/4388
f 1654/2261 1709/2459 1737/2458
f 2495/4394 2577/1240 2515/472
f 1733/2878 1742/2879 1816/2513
f 17/187 46/4395 44/1154
f 781/4249 922/4248 1000/4296
f 318/2873 371/4396 486/1773
f 2110/161 2124/160 2213/4397
f 67/915 76/4068 78/1756
f 1830/4398 1832/4399 1833/4400
f 1778/1636 1779/1639 2321/2058
f 2381/4401 2509/2468 2543/2446
f 197/1993 404/3681 273/2355
f 2531/3691 2571/4103 2538/1527
f 1110/2330 1260/2 1219/4402
f 2676/4403 2682/2028 2678/3497
f 761/1517 928/3956 1012/4116
f 1866/4404 2005/4405 2022/4406
f 1958/4386 2005/4385 1960/4407
f 358/4351 512/4141 534/4142
f 910/4408 923/4409 911/4410
f 2515/472 2571/4103 2524/473
f 2508/3388 2574/4250 2655/2138
f 1737/2458 1937/2558 1885/4411
f 2257/4412 2443/3064 2435/3063
f 663/4413 699/2214 678/2213
f 244/4414 264/1461 375/4415
f 1789/1264 1906/760 1821/3538
f 2381/4401 2543/2446 2568/2445
f 1749/4317 1869/3881 1826/2488
f 856/4416 1371/4417 1117/4418
f 1217/4419 1222/3339 1275/3892
f 176/4420 185/2720 262/2719
f 163/3744 194/3743 195/4421
f 290/4422 327/4368 358/4370
f 2708/4423 2710/1370 2737/1373
f 122/1233 169/1232 149/3184
f 539/998 753/4132 752/2917
f 1273/4213 1390/3304 1396/1709
f 1553/2201 1575/4283 1678/1059
f 147/359 175/2639 177/2195
f 776/4256 893/4424 915/4164
f 1371/4425 1630/4272 1373/4243
f 2081/3775 2243/3776 2188/4382
f 737/4426 887/2813 786/2812
f 1459/4427 1519/4428 1471/4429
f 723/3098 846/3499 864/3099
f 120/4315 263/2219 351/2221
f 2257/4430 2356/3822 2286/3821
f 1854/3679 1922/4431 2001/1991
f 1833/4432 2139/4433 1955/4434
f 2327/396 2335/1249 2343/1252
f 1838/1980 1880/1979 1861/3412
f 515/4435 673/4436 810/4437
f 207/1294 324/3325 314/2466
f 2411/2218 2511/612 2423/611
f 738/2292 790/2994 788/3053
f 1730/3513 1895/4003 1818/4438
f 2534/563 2559/2824 2560/4439
f 454/1767 741/1769 648/2557
f 1472/4101 1519/4364 1478/4440
f 862/891 877/3093 951/1019
f 758/4441 1340/4442 1341/4443
f 888/4444 1117/4242 1118/4241
f 2315/1872 2343/1252 2364/1251
f 2300/4221 2346/4123 2409/896
f 502/4445 620/4446 722/4447
f 702/4448 881/4097 1331/3981
f 1956/988 1959/4091 1957/3976
f 102/4449 187/3415 215/3414
f 2420/4450 2611/4451 2598/4452
f 365/3655 423/3656 402/4453
f 787/4454 1327/4455 1958/4456
f 159/1726 237/1733 188/1230
f 102/4457 215/4143 142/2120
f 897/2890 1009/2891 1008/3192
f 1670/4458 1751/4459 1854/4460
f 1219/4402 1260/2 1276/1
f 721/923 846/3499 722/924
f 2050/4461 2052/4462 2306/4463
f 392/2108 460/1311 462/1395
f 362/2977 389/3324 376/2978
f 16/2621 43/3761 41/3457
f 523/144 632/3741 586/3740
f 864/2319 946/1538 926/2318
f 1551/4464 1946/1618 1574/4231
f 1740/4465 1741/4466 1747/4467
f 1132/1953 1263/1952 1259/2331
f 2048/2358 2049/3570 2080/2237
f 783/4468 910/708 896/707
f 20/2620 38/2619 40/4183
f 2643/3992 2652/4224 2674/4469
f 2227/3872 2250/2853 2373/2852
f 785/3228 786/3249 788/3053
f 1760/1932 1971/207 1810/1933
f 1271/4331 1413/4470 1414/119
f 1922/4431 2055/1992 2001/1991
f 2309/4471 2407/4472 2476/4473
f 380/2966 418/4340 482/4474
f 1915/4475 2051/2614 1916/2617
f 2019/4476 2074/4477 2094/4478
f 343/990 412/4479 457/3328
f 1463/2339 1465/2338 1502/4480
f 2467/3791 2598/824 2526/3792
f 2504/165 2514/4162 2505/166
f 108/3122 166/2640 161/247
f 2051/4481 2195/1725 2235/1875
f 2542/4482 2568/2445 2649/2444
f 695/4483 800/3703 824/3704
f 1737/2458 1835/4484 1795/3859
f 523/144 586/3740 587/2402
f 540/4485 800/4486 695/2045
f 397/3783 522/3782 510/4487
f 1691/4074 1704/4075 1808/4488
f 2174/4489 2420/4490 2390/4491
f 551/1845 606/1844 637/4492
f 1978/321 2054/320 2094/3883
f 1118/3506 1375/4493 1227/2948
f 445/4494 1344/4495 1458/4496
f 2332/4497 2375/3768 2438/4498
f 1079/4499 1130/4500 1254/673
f 663/4413 678/2213 734/4501
f 2069/4502 2172/4503 2380/4504
f 502/3264 722/924 723/3098
f 2540/3030 2582/4102 2550/3031
f 74/212 98/3597 109/729
f 1137/4505 1346/4506 1345/4507
f 41/3457 459/3763 382/3455
f 1994/2694 2141/4508 2371/2695
f 1589/4211 1736/2644 1653/2643
f 1117/4418 1371/4417 1373/4509
f 1131/685 1283/4510 1435/3017
f 2578/1728 2582/4102 2588/1729
f 704/1809 739/3104 757/3858
f 161/247 166/2640 173/244
f 738/2292 788/3053 785/3228
f 395/2277 406/2276 417/3635
f 1474/3954 1555/1757 1550/4511
f 945/4512 1055/3239 1069/3238
f 2715/4393 2733/3914 2716/2308
f 92/1236 178/4316 242/2103
f 663/4513 777/4137 699/4138
f 2570/3973 2591/2131 2605/2130
f 728/3508 729/1017 780/2118
f 1020/1597 1211/3337 1142/3727
f 734/422 884/1285 817/423
f 2571/4103 2602/1242 2573/643
f 76/4068 92/4514 94/1754
f 2706/2709 2708/1216 2737/4170
f 515/4435 810/4437 732/4515
f 1692/505 1695/504 1842/2066
f 1261/1962 1282/2754 1284/2856
f 2337/3318 2397/3317 2357/4516
f 535/1798 603/557 604/556
f 2055/4517 2094/4478 2074/4477
f 1463/4518 1502/2203 1626/2202
f 2257/4519 2405/3112 2356/3926
f 734/4520 894/3331 884/3330
f 2172/4503 2404/4521 2380/4504
f 1509/1086 1568/4356 1525/3385
f 310/3737 368/3288 418/4340
f 2403/2741 2492/2740 2632/4251
f 1952/4289 2096/163 2087/162
f 1682/2380 1715/3187 1714/3813
f 507/2044 540/4485 695/2045
f 578/4252 638/4298 639/4253
f 1191/391 1452/394 1224/2755
f 353/793 502/4522 401/794
f 376/2978 469/2550 422/2549
f 932/2368 1139/2899 1047/4144
f 1696/4523 1811/4524 1918/4525
f 754/1145 963/1391 886/4526
f 1699/3135 1806/4527 1711/3136
f 21/186 45/4210 48/4528
f 175/2639 221/4529 211/1185
f 642/773 781/4530 656/774
f 1586/1348 1734/3592 1811/4524
f 1582/442 1754/2312 1583/2311
f 727/3510 779/2859 866/2858
f 1997/2660 2115/105 2189/104
f 337/2969 418/4340 380/2966
f 1752/3057 1801/2973 1836/2972
f 1705/2313 1828/2847 1829/4246
f 176/4420 262/2719 299/4531
f 2174/4532 2222/4533 2390/4534
f 1734/4535 1735/4536 1844/4537
f 782/1149 909/3267 868/3268
f 777/4137 917/4136 918/3271
f 1471/2281 1519/4364 1472/4101
f 1831/2206 1953/4538 1877/2207
f 1822/3539 1906/760 1996/759
f 242/4539 603/4540 487/4541
f 2705/2710 2732/4171 2707/933
f 175/2639 201/1188 222/1734
f 1952/4278 1971/207 2096/206
f 2608/4542 2642/4543 2679/4544
f 124/4545 160/4546 166/4547
f 1696/4523 1918/4525 1994/2694
f 358/4351 512/4141 499/4352
f 397/3783 510/4487 498/1735
f 786/3249 787/3051 788/3053
f 839/1929 980/3146 927/3955
f 2015/3732 2025/4548 2027/3345
f 160/4546 174/4549 166/4547
f 115/1727 145/4550 159/1726
f 2491/4037 2566/4036 2572/4551
f 2365/2098 2394/2097 2383/2964
f 1771/3735 1856/4380 1988/3736
f 1375/4552 1631/3347 1519/2441
f 770/3528 867/1704 781/4249
f 429/3106 970/3109 969/3269
f 2227/1782 2412/4178 2249/154
f 539/998 754/1145 753/4132
f 596/4553 911/4554 784/4555
f 473/3551 502/4556 723/4557
f 1494/3618 1625/4558 1674/4559
f 1190/4358 1244/1136 1233/4233
f 122/3941 149/82 123/81
f 401/3014 502/4560 473/3015
f 1988/3736 1989/740 2194/1780
f 1870/1049 1903/2115 1927/1050
f 20/185 40/4561 42/4209
f 753/4132 754/1145 886/4526
f 1452/394 1569/3839 1557/1833
f 2338/2704 2544/3888 2473/3942
f 971/4562 1346/4506 1137/4505
f 1156/202 1157/3966 1270/203
f 1928/4563 2195/4564 2051/4565
f 1727/3514 1730/3513 1818/4438
f 523/144 659/147 632/3741
f 997/1702 1135/2757 1136/57
f 553/3258 564/1892 578/4252
f 2219/1930 2339/4059 2250/1781
f 486/1773 712/2024 600/1774
f 1630/4272 1858/4566 1631/4273
f 2598/4452 2611/4451 2599/4567
f 2424/932 2705/2710 2707/933
f 2615/4025 2653/4024 2644/2860
f 663/983 698/1557 777/1559
f 1075/684 1177/4310 1220/1439
f 1615/2547 1841/2065 1679/1697
f 2009/978 2297/2831 2102/1631
f 1344/386 2050/385 2306/4568
f 1516/1412 1569/1411 1637/4569
f 1972/638 1974/2872 2023/639
f 2451/4570 2491/4037 2572/4551
f 308/651 405/653 495/1146
f 1957/3976 1959/4091 1958/4090
f 2604/2132 2634/3245 2635/2129
f 702/4448 1331/3981 1334/4571
f 2261/2379 2276/2378 2262/3029
f 305/365 376/364 389/1813
f 1496/1862 1551/4464 1497/4572
f 66/4067 92/4514 76/4068
f 907/4573 1006/4574 1113/4575
f 803/4576 805/3248 804/3229
f 1978/1435 2094/4577 2055/1436
f 1795/4578 1835/4127 1834/4126
f 2711/1371 2713/4579 2738/1372
f 2532/3708 2548/1528 2571/4103
f 982/1497 1150/1496 1046/1924
f 2254/4580 2429/4581 2404/4521
f 665/1514 761/1517 856/4582
f 855/4583 1011/2025 913/4584
f 838/558 979/3144 980/3146
f 2382/4585 2493/1695 2510/4586
f 803/4576 804/3229 826/4587
f 175/2639 186/2192 177/2195
f 2253/3709 2352/4228 2532/3708
f 1631/3347 1858/4588 1897/3346
f 1325/2810 2005/4362 1326/2811
f 920/1806 1058/1805 1070/2498
f 1045/3501 1174/60 1226/4235
f 2487/3943 2577/1240 2495/4394
f 373/4377 673/4436 515/4435
f 352/4375 512/4589 570/4376
f 216/3213 243/2690 374/4590
f 1866/3980 1960/3979 2005/4591
f 1131/685 1262/1440 1283/4510
f 2145/4592 2296/1645 2203/1644
f 2146/633 2272/3432 2223/4011
f 51/816 71/4187 138/813
f 734/4593 938/1664 894/1663
f 1461/4594 1496/1862 1497/4572
f 921/1703 1045/3501 922/4248
f 1805/4112 1939/2959 2037/2958
f 917/618 1042/621 1110/2330
f 166/2640 203/1192 173/244
f 242/2103 440/2678 603/557
f 762/4595 776/4596 840/4597
f 871/1384 916/1383 891/3417
f 1135/2757 1235/1556 1136/57
f 60/1555 76/4068 67/915
f 1331/3981 1866/3980 2022/4598
f 1500/973 1667/2606 1552/4599
f 56/3083 75/3086 82/4600
f 2657/3496 2676/4403 2678/3497
f 2676/4403 2691/2029 2682/2028
f 156/3035 179/3034 163/3744
f 1658/2381 1682/2380 1714/3813
f 1712/970 1739/1104 1747/1103
f 445/4388 467/3532 696/4389
f 717/2329 811/3100 942/3696
f 2567/642 2571/4103 2573/643
f 699/2214 831/4601 766/2215
f 2557/3507 2558/1530 2564/1529
f 2114/2177 2232/2314 2160/2176
f 1739/4602 1741/4466 1740/4465
f 2271/446 2378/1948 2428/447
f 2160/2176 2232/2314 2161/3841
f 919/1807 1168/4177 1076/1804
f 1586/1348 1811/4524 1696/4523
f 2180/4271 2193/316 2181/319
f 1789/1264 1938/757 1906/760
f 378/1394 392/2108 462/1395
f 1810/1933 1971/207 1876/2846
f 453/1096 602/4603 548/1093
f 2608/3770 2679/4193 2699/4194
f 48/4359 475/1155 49/786
f 1931/4604 1932/987 1933/3975
f 1262/1440 1278/1853 1285/3546
f 2420/3389 2598/824 2467/3791
f 1886/4353 1996/759 2081/3775
f 759/259 827/2369 1047/4144
f 2354/1054 2479/1053 2364/4605
f 1981/3206 2049/3570 2048/2358
f 2310/3211 2404/4327 2429/3212
f 66/2652 178/4316 92/1236
f 1460/4606 1472/4607 1478/4608
f 2032/1090 2271/446 2143/1091
f 944/3310 1019/1718 1031/2679
f 1455/4609 1515/4610 1670/4611
f 373/4275 515/1515 562/4612
f 1013/4613 1014/4614 1015/4615
f 1938/4616 2243/4617 2069/4618
f 770/3528 931/1701 867/1704
f 194/4203 224/4046 195/4619
f 747/3527 748/3826 957/2181
f 76/4068 94/1754 78/1756
f 1913/4620 2042/4621 2043/4622
f 325/4623 502/4624 353/4625
f 141/1237 155/1623 156/3035
f 2550/3031 2582/4102 2578/1728
f 1997/2660 2059/470 2115/105
f 462/1395 489/2707 490/1396
f 1856/4380 1989/740 1988/3736
f 175/2639 233/4311 229/4626
f 2300/4221 2301/2729 2302/2732
f 1693/658 1799/1605 1800/63
f 175/2639 211/1185 201/1188
f 2559/4030 2590/4029 2560/4360
f 951/1915 1056/553 952/1330
f 264/1461 420/1460 375/4415
f 1837/4216 1863/4627 1977/4306
f 2361/981 2576/2874 2486/2832
f 939/4628 1043/1032 1040/4166
f 515/1515 665/1514 562/4612
f 1760/1932 1982/204 1971/207
f 761/1517 839/1929 928/3956
f 2375/3768 2469/3771 2438/4498
f 563/1419 633/1573 762/1420
f 1375/4363 1459/2280 1378/2283
f 1371/4425 1886/4629 1630/4272
f 1705/2313 1754/2312 1828/2847
f 143/4107 156/4630 163/4108
f 737/4631 786/4632 787/4633
f 165/3074 191/376 198/375
f 187/3214 216/3213 374/4590
f 290/3680 499/4352 319/2659
f 1435/3017 1463/4518 1626/2202
f 280/3289 368/3288 310/3737
f 1331/3981 2022/4598 1334/4571
f 319/4634 499/4635 352/4375
f 2624/1898 2626/1897 2668/4086
f 932/2368 1008/3192 1139/2899
f 1390/3304 1478/3303 1396/1709
f 606/982 698/1557 663/983
f 469/4636 619/4043 618/4042
f 1913/4620 2041/4637 2042/4621
f 787/4454 2005/4638 1958/4456
f 1340/4442 1993/4639 1341/4443
f 2588/3769 2642/4640 2608/3770
f 1499/2607 1503/2951 1627/3789
f 2280/495 2353/494 2306/4463
f 1766/1479 1983/1480 1982/204
f 1947/322 2044/1060 2073/323
f 168/1291 207/1294 314/2466
f 1917/3661 2139/3713 1932/3716
f 544/1775 600/1774 601/1856
f 2545/3326 2556/3327 2581/4157
f 1428/3185 1496/1862 1461/4594
f 2311/4641 2574/4642 2508/4643
f 1512/947 1582/442 1583/2311
f 71/4644 108/4645 138/4646
f 358/4647 534/4648 572/4649
f 232/3221 238/830 239/829
f 1218/4650 1256/3631 1257/4354
f 2493/564 2534/563 2560/4439
f 695/4078 824/4651 825/2564
f 2668/4652 2675/3481 2696/3480
f 1262/4653 1285/2601 1283/2600
f 2365/4122 2383/4654 2447/893
f 2240/4655 2254/4580 2404/4521
f 884/1285 1004/4257 925/1286
f 2027/4361 2052/4656 2050/2673
f 409/925 421/1272 435/922
f 2267/4657 2332/4497 2370/4658
f 1494/3618 1498/3617 1625/4558
f 1667/2606 1729/752 1839/751
f 1292/3619 1375/4363 1378/2283
f 1876/4659 1971/4660 1952/4661
f 166/2640 213/1189 203/1192
f 1981/3206 2014/2722 2049/3570
f 525/4662 613/772 628/775
f 2593/488 2615/4663 2639/489
f 1737/2458 1885/4411 1835/4484
f 2590/2187 2599/4567 2613/2184
f 183/1187 193/1186 192/1976
f 487/4541 603/4540 535/4664
f 919/4665 1244/4666 1168/4667
f 544/1775 601/1856 631/1857
f 729/1017 746/3315 780/2118
f 1516/1412 1637/4569 1855/2113
f 2582/4668 2587/4669 2625/4670
f 1227/4671 1375/4363 1292/3619
f 2434/2771 2554/2770 2442/2911
f 753/4132 886/4526 962/3121
f 2180/4271 2190/524 2208/523
f 770/3528 986/2174 931/1701
f 705/4672 707/4673 730/4674
f 1789/1264 1905/2225 1938/757
f 1113/4675 1238/4676 1455/4677
f 1658/2381 1741/4021 1712/4121
f 677/1558 724/438 819/619
f 1496/1862 1946/1618 1551/4464
f 531/1147 756/1486 755/1148
f 2120/4291 2180/4271 2121/4323
f 1542/459 1734/3592 1586/1348
f 684/1018 729/1017 728/3508
f 1026/2054 1118/3506 1227/2948
f 2102/1631 2297/2831 2381/2830
f 1227/4348 1280/4350 1279/4678
f 603/557 715/3591 838/558
f 2257/4519 2435/3113 2405/3112
f 2655/2138 2681/3395 2676/3394
f 89/4679 140/3675 154/3674
f 783/4468 923/4680 910/708
f 381/258 598/4347 759/259
f 2331/1790 2340/1789 2350/2788
f 2146/633 2508/3388 2272/3432
f 2332/4497 2416/4681 2370/4658
f 373/4275 562/4612 599/1510
f 921/1703 997/1702 1045/3501
f 2326/395 2335/1249 2327/396
f 1990/739 1991/680 2219/1930
f 642/3529 770/3528 781/4249
f 175/2639 229/4626 221/4529
f 2146/633 2311/632 2508/3388
f 38/2619 331/3884 40/4183
f 737/4682 789/4098 881/4097
f 916/3869 945/3207 990/2661
f 2303/2730 2368/631 2305/1824
f 2142/3402 2188/4382 2380/4326
f 67/915 78/1756 84/916
f 155/1623 327/2104 290/3680
f 2240/1421 2390/4683 2254/4684
f 2519/3725 2560/4685 2593/4686
f 2036/4687 2101/114 2128/113
f 836/2117 854/2116 885/2857
f 1718/1301 1733/2878 1807/1302
f 703/1957 773/3779 771/2993
f 2538/1527 2571/4103 2548/1528
f 418/4340 971/4562 708/4688
f 2334/1696 2493/1695 2382/4585
f 108/3122 124/360 166/2640
f 1003/780 1031/783 1028/1543
f 405/653 531/1147 495/1146
f 1512/947 1517/443 1582/442
f 1462/2052 1501/2051 1464/879
f 1846/1630 1847/979 2009/978
f 1135/2757 1225/2233 1235/1556
f 195/4619 224/4046 264/4047
f 1938/4689 2243/4690 2017/4691
f 2579/4692 2587/4669 2582/4668
f 1475/972 1500/973 1552/4599
f 1544/1880 1707/1883 1589/2253
f 1799/4693 1872/4061 1892/778
f 1788/1263 1905/2225 1789/1264
f 1987/2516 1988/3736 2194/1780
f 2597/2461 2610/2464 2663/4694
f 943/4695 1051/4696 1050/4697
f 2338/2704 2473/3942 2359/2705
f 2581/4157 2601/832 2595/1117
f 2222/1422 2240/1421 2390/4683
f 418/4340 1346/4506 971/4562
f 2332/4497 2438/4498 2416/4681
f 1484/2553 1604/3799 1603/2554
f 421/1272 434/1271 435/922
f 418/4340 708/4688 482/4474
f 1905/2225 2035/2351 2146/633
f 1008/3192 1209/2900 1139/2899
f 2583/1298 2658/1297 2659/3567
f 2145/4698 2379/3897 2296/3896
f 1346/4506 1780/4699 1584/4700
f 657/1150 782/1149 868/3268
f 1789/1264 1821/3538 1790/2975
f 777/1559 819/619 917/618
f 2052/4462 2280/495 2306/4463
f 1227/4701 1279/4702 1273/4703
f 737/4631 787/4633 789/4704
f 617/4149 647/4148 716/4705
f 1015/2821 1101/3645 1025/3644
f 501/1619 562/145 523/144
f 2028/4706 2332/4497 2267/4657
f 2254/4684 2390/4683 2467/3791
f 2043/4707 2257/4708 2286/2144
f 1712/4121 1741/4021 1739/4020
f 1864/2505 2019/4709 1869/2506
f 2188/2317 2256/2866 2232/2314
f 2542/1143 2649/4076 2612/1144
f 2146/633 2223/4011 2147/2224
f 837/3860 912/3861 947/4710
f 1764/511 1808/3840 1838/4214
f 2257/4711 2384/3830 2443/3829
f 1817/3077 2019/4712 1864/3078
f 1116/4713 1191/3486 1239/75
f 155/1623 290/3680 231/1624
f 1809/1507 1894/1616 1827/1615
f 2301/4714 2410/3947 2367/3946
f 1715/3187 1718/3188 1748/1354
f 2042/4715 2131/4716 2257/4717
f 1780/4699 2332/4497 2028/4706
f 2043/4707 2286/2144 2205/2143
f 818/439 1256/3631 1218/4650
f 2713/3379 2714/2305 2738/3913
f 1042/621 1132/1953 1259/2331
f 276/4718 341/4719 438/4720
f 95/3191 167/3190 96/4056
f 927/3955 980/3146 981/1494
f 1485/4372 1610/406 1609/405
f 2442/2911 2554/2770 2584/4133
f 1013/2818 1015/2821 1025/3644
f 1550/4511 1555/1757 1614/3512
f 2302/1217 2708/1216 2372/4083
f 372/1511 599/1510 602/4721
f 2274/3764 2305/1824 2275/1823
f 373/4377 570/4376 673/4436
f 245/462 345/3485 330/1712
f 912/2999 913/2998 947/4722
f 766/1043 831/4723 907/1044
f 1345/4507 1346/4506 1584/4700
f 473/3551 723/4557 550/3548
f 1027/3690 1028/1543 1060/1545
f 1630/4724 1886/4725 1858/4726
f 1956/988 1959/4091 2006/636
f 2172/4503 2240/4655 2404/4521
f 1027/3690 1060/1545 1101/3645
f 2524/473 2571/4103 2531/3691
f 2561/3061 2604/2132 2591/2131
f 1344/4495 2306/4727 1458/4496
f 839/1929 927/3955 928/3956
f 741/1769 900/2027 899/2026
f 172/1994 258/2356 249/4345
f 1167/4165 1222/3339 1217/4419
f 2390/4491 2420/4490 2467/4728
f 1789/4729 1996/4730 1906/4731
f 1465/3800 1477/2049 1502/2203
f 1413/4470 1485/4372 1414/119
f 1917/4732 1932/987 1931/4604
f 1918/4525 2141/4508 1994/2694
f 333/1974 518/997 494/996
f 2090/2315 2232/2314 2114/2177
f 279/2909 399/2908 388/4733
f 17/784 47/787 46/2895
f 445/4734 701/3651 1344/386
f 2054/320 2149/1427 2094/3883
f 865/1029 1043/1032 939/4628
f 2069/4502 2380/4504 2243/4735
f 1130/4500 1258/674 1254/673
f 352/4375 499/4635 512/4589
f 141/4736 327/4737 155/4738
f 2510/3724 2560/4685 2519/3725
f 1699/4739 1700/4740 1806/4741
f 1011/2025 1022/693 1097/692
f 2712/3560 2733/2366 2715/4742
f 374/2341 454/1767 648/2557
f 702/4743 737/4744 881/4745
f 687/3461 776/626 762/1420
f 16/2621 41/3457 39/2618
f 722/924 846/3499 723/3098
f 2670/2137 2678/3497 2682/2028
f 159/3907 167/3190 195/4421
f 1977/3181 2059/470 1997/2660
f 1162/118 1163/3553 1271/4331
f 908/3671 1116/4713 1239/75
f 827/2369 932/2368 1047/4144
f 913/4584 1011/2025 947/2957
f 178/4746 440/4747 242/4748
f 2265/3901 2452/3900 2451/4749
f 902/4383 1015/4750 1014/3133
f 82/1260 125/3689 129/3334
f 1795/4063 1834/3075 1904/2508
f 747/3527 957/2181 986/2174
f 2655/4751 2676/4403 2657/3496
f 2493/1695 2560/4752 2510/4586
f 141/4753 156/4630 143/4107
f 2254/4684 2467/3791 2429/3212
f 2574/4250 2681/3395 2655/2138
f 1832/272 1954/4392 1843/3801
f 2582/4102 2642/1821 2588/1729
f 886/4526 963/1391 962/3121
f 2305/1824 2368/631 2385/630
f 818/439 1218/4650 1176/436
f 914/4754 953/3148 998/3147
f 2575/826 2599/825 2590/4029
f 696/4755 707/4381 701/1811
f 937/1950 1016/1719 1019/1718
f 856/4756 1117/4757 888/4758
f 2137/4324 2180/4271 2153/4270
f 943/4759 1050/96 1024/99
f 273/2355 404/3681 383/3682
f 1745/4288 1829/4760 1952/4289
f 344/4117 458/4761 391/4118
f 747/3527 986/2174 770/3528
f 1597/2326 1791/2976 1706/3990
f 2707/4762 2732/2367 2709/3561
f 596/1740 826/2563 804/1741
f 1010/2596 1142/4032 1096/2597
f 809/4184 1011/2025 855/4583
f 1013/4763 1025/3403 1014/3133
f 761/1517 1371/4301 856/4582
f 2599/4567 2611/4451 2613/2184
f 299/4764 300/3079 480/3082
f 1346/4506 2332/4497 1780/4699
f 149/82 196/1521 164/83
f 2129/1903 2130/1902 2282/4765
f 388/3722 409/925 444/3262
f 150/84 164/83 189/460
f 1518/2746 1572/2310 1705/2313
f 2519/2566 2593/488 2569/491
f 195/4766 264/1461 244/4414
f 1771/3735 1772/737 1856/4380
f 1509/4767 1841/4768 1615/4769
f 2585/640 2634/490 2604/2941
