mtllib material.mtl
s 0
usemtl Material
v -0.7949219942092896 -0.6777340173721313 -0.1577419936656952
v 0.7949219942092896 -0.6777340173721313 -0.1577419936656952
v -0.7949219942092896 -0.17382800579071045 -0.1577419936656952
v 0.7949219942092896 -0.17382800579071045 -0.1577419936656952
v -0.24804699420928955 0.37304699420928955 -0.1577419936656952
v 0.24804699420928955 0.37304699420928955 -0.1577419936656952
v -0.24414099752902985 0.3789060115814209 -0.1577419936656952
v 0.24414099752902985 0.3789060115814209 -0.1577419936656952
v -0.296875 0.40039101243019104 -0.1577419936656952
v 0.296875 0.40039101243019104 -0.1577419936656952
v -0.2929689884185791 0.40429699420928955 -0.1577419936656952
v 0.2929689884185791 0.40429699420928955 -0.1577419936656952
v -0.2929689884185791 0.6367189884185791 -0.1577419936656952
v 0.2929689884185791 0.6367189884185791 -0.1577419936656952
v -0.296875 0.640625 -0.1577419936656952
v 0.296875 0.640625 -0.1577419936656952
v -0.24414099752902985 0.6621090173721313 -0.1577419936656952
v 0.24414099752902985 0.6621090173721313 -0.1577419936656952
v -0.24804699420928955 0.6679689884185791 -0.1577419936656952
v 0.24804699420928955 0.6679689884185791 -0.1577419936656952
v -0.7949219942092896 -0.1679690033197403 -0.15578900277614594
v 0.7949219942092896 -0.1679690033197403 -0.15578900277614594
v -0.8300780057907104 -0.6777340173721313 -0.15383599698543549
v 0.8300780057907104 -0.6777340173721313 -0.15383599698543549
v -0.8300780057907104 -0.17382800579071045 -0.15383599698543549
v 0.8300780057907104 -0.17382800579071045 -0.15383599698543549
v -0.7558590173721313 -0.6777340173721313 -0.15188300609588623
v 0.7558590173721313 -0.6777340173721313 -0.15188300609588623
v -0.7558590173721313 -0.17382800579071045 -0.15188300609588623
v 0.7558590173721313 -0.17382800579071045 -0.15188300609588623
v -0.8300780057907104 -0.1679690033197403 -0.15188300609588623
v 0.8300780057907104 -0.1679690033197403 -0.15188300609588623
v -0.25585898756980896 0.36132800579071045 -0.15188300609588623
v 0.25585898756980896 0.36132800579071045 -0.15188300609588623
v -0.30664101243019104 0.390625 -0.15188300609588623
v 0.30664101243019104 0.390625 -0.15188300609588623
v -0.31054699420928955 0.40039101243019104 -0.15188300609588623
v 0.31054699420928955 0.40039101243019104 -0.15188300609588623
v -0.31054699420928955 0.640625 -0.15188300609588623
v 0.31054699420928955 0.640625 -0.15188300609588623
v -0.30664101243019104 0.6503909826278687 -0.15188300609588623
v 0.30664101243019104 0.6503909826278687 -0.15188300609588623
v -0.25585898756980896 0.6796879768371582 -0.15188300609588623
v 0.25585898756980896 0.6796879768371582 -0.15188300609588623
v -0.7558590173721313 -0.1679690033197403 -0.14993000030517578
v 0.7558590173721313 -0.1679690033197403 -0.14993000030517578
v -0.859375 -0.6777340173721313 -0.14406999945640564
v 0.859375 -0.6777340173721313 -0.14406999945640564
v -0.859375 -0.17382800579071045 -0.14406999945640564
v 0.859375 -0.17382800579071045 -0.14406999945640564
v -0.7949219942092896 -0.7011719942092896 -0.1421169936656952
v 0.7949219942092896 -0.7011719942092896 -0.1421169936656952
v -0.2578119933605194 0.3554689884185791 -0.1421169936656952
v 0.2578119933605194 0.3554689884185791 -0.1421169936656952
v -0.25585898756980896 0.359375 -0.1421169936656952
v 0.25585898756980896 0.359375 -0.1421169936656952
v -0.31054699420928955 0.38476601243019104 -0.1421169936656952
v 0.31054699420928955 0.38476601243019104 -0.1421169936656952
v -0.30664101243019104 0.38867199420928955 -0.1421169936656952
v 0.30664101243019104 0.38867199420928955 -0.1421169936656952
v -0.3164060115814209 0.40039101243019104 -0.1421169936656952
v -0.31054699420928955 0.40039101243019104 -0.1421169936656952
v 0.31054699420928955 0.40039101243019104 -0.1421169936656952
v 0.3164060115814209 0.40039101243019104 -0.1421169936656952
v -0.31054699420928955 0.640625 -0.1421169936656952
v 0.31054699420928955 0.640625 -0.1421169936656952
v -0.3164060115814209 0.6425780057907104 -0.1421169936656952
v 0.3164060115814209 0.6425780057907104 -0.1421169936656952
v -0.30664101243019104 0.6523439884185791 -0.1421169936656952
v 0.30664101243019104 0.6523439884185791 -0.1421169936656952
v -0.31054699420928955 0.65625 -0.1421169936656952
v 0.31054699420928955 0.65625 -0.1421169936656952
v -0.25585898756980896 0.6816409826278687 -0.1421169936656952
v 0.25585898756980896 0.6816409826278687 -0.1421169936656952
v -0.2578119933605194 0.6855469942092896 -0.1421169936656952
v 0.2578119933605194 0.6855469942092896 -0.1421169936656952
v -0.859375 -0.1679690033197403 -0.14016400277614594
v 0.859375 -0.1679690033197403 -0.14016400277614594
v -0.8261719942092896 -0.7011719942092896 -0.13821099698543549
v 0.8261719942092896 -0.7011719942092896 -0.13821099698543549
v -0.7597659826278687 -0.7011719942092896 -0.13625800609588623
v 0.7597659826278687 -0.7011719942092896 -0.13625800609588623
v -0.2578119933605194 0.35351601243019104 -0.13625800609588623
v 0.2578119933605194 0.35351601243019104 -0.13625800609588623
v -0.31054699420928955 0.38476601243019104 -0.13625800609588623
v 0.31054699420928955 0.38476601243019104 -0.13625800609588623
v -0.3164060115814209 0.40039101243019104 -0.13625800609588623
v 0.3164060115814209 0.40039101243019104 -0.13625800609588623
v -0.3164060115814209 0.6425780057907104 -0.13625800609588623
v 0.3164060115814209 0.6425780057907104 -0.13625800609588623
v -0.31054699420928955 0.65625 -0.13625800609588623
v 0.31054699420928955 0.65625 -0.13625800609588623
v -0.2578119933605194 0.6855469942092896 -0.13625800609588623
v 0.2578119933605194 0.6855469942092896 -0.13625800609588623
v -0.7128909826278687 -0.6777340173721313 -0.13430500030517578
v 0.7128909826278687 -0.6777340173721313 -0.13430500030517578
v -0.7128909826278687 -0.17382800579071045 -0.13430500030517578
v 0.7128909826278687 -0.17382800579071045 -0.13430500030517578
v -0.7148439884185791 -0.1679690033197403 -0.13235099613666534
v 0.7148439884185791 -0.1679690033197403 -0.13235099613666534
v -0.22460900247097015 0.4023439884185791 -0.13235099613666534
v 0.22460900247097015 0.4023439884185791 -0.13235099613666534
v -0.25976601243019104 0.421875 -0.13235099613666534
v 0.25976601243019104 0.421875 -0.13235099613666534
v -0.25976601243019104 0.6171879768371582 -0.13235099613666534
v 0.25976601243019104 0.6171879768371582 -0.13235099613666534
v -0.22460900247097015 0.6347659826278687 -0.13235099613666534
v 0.22460900247097015 0.6347659826278687 -0.13235099613666534
v -0.8867189884185791 -0.6777340173721313 -0.1303980052471161
v 0.8867189884185791 -0.6777340173721313 -0.1303980052471161
v -0.8867189884185791 -0.17382800579071045 -0.1303980052471161
v 0.8867189884185791 -0.17382800579071045 -0.1303980052471161
v -0.7949219942092896 -0.140625 -0.1303980052471161
v 0.7949219942092896 -0.140625 -0.1303980052471161
v -0.8535159826278687 -0.7011719942092896 -0.12844499945640564
v 0.8535159826278687 -0.7011719942092896 -0.12844499945640564
v -0.8242189884185791 -0.140625 -0.12844499945640564
v 0.8242189884185791 -0.140625 -0.12844499945640564
v -0.8847659826278687 -0.1679690033197403 -0.1264919936656952
v 0.8847659826278687 -0.1679690033197403 -0.1264919936656952
v -0.7617189884185791 -0.140625 -0.1264919936656952
v 0.7617189884185791 -0.140625 -0.1264919936656952
v -0.265625 0.3320310115814209 -0.1264919936656952
v 0.265625 0.3320310115814209 -0.1264919936656952
v -0.3125 0.3554689884185791 -0.1264919936656952
v 0.3125 0.3554689884185791 -0.1264919936656952
v -0.3359380066394806 0.40039101243019104 -0.1264919936656952
v 0.3359380066394806 0.40039101243019104 -0.1264919936656952
v -0.3359380066394806 0.6425780057907104 -0.1264919936656952
v 0.3359380066394806 0.6425780057907104 -0.1264919936656952
v -0.3125 0.6835939884185791 -0.1264919936656952
v 0.3125 0.6835939884185791 -0.1264919936656952
v -0.265625 0.7070310115814209 -0.1264919936656952
v 0.265625 0.7070310115814209 -0.1264919936656952
v -0.7949219942092896 -0.7109379768371582 -0.12453900277614594
v 0.7949219942092896 -0.7109379768371582 -0.12453900277614594
v -0.2226559966802597 0.4101560115814209 -0.12453900277614594
v 0.2226559966802597 0.4101560115814209 -0.12453900277614594
v -0.25195300579071045 0.4257810115814209 -0.12453900277614594
v 0.25195300579071045 0.4257810115814209 -0.12453900277614594
v -0.25195300579071045 0.609375 -0.12453900277614594
v 0.25195300579071045 0.609375 -0.12453900277614594
v -0.2226559966802597 0.625 -0.12453900277614594
v 0.2226559966802597 0.625 -0.12453900277614594
v -0.8222659826278687 -0.7109379768371582 -0.12258599698543549
v 0.8222659826278687 -0.7109379768371582 -0.12258599698543549
v -0.22460900247097015 0.4023439884185791 -0.12258599698543549
v 0.22460900247097015 0.4023439884185791 -0.12258599698543549
v -0.25976601243019104 0.421875 -0.12258599698543549
v 0.25976601243019104 0.421875 -0.12258599698543549
v -0.25976601243019104 0.6171879768371582 -0.12258599698543549
v 0.25976601243019104 0.6171879768371582 -0.12258599698543549
v -0.22460900247097015 0.6347659826278687 -0.12258599698543549
v 0.22460900247097015 0.6347659826278687 -0.12258599698543549
v -0.7636719942092896 -0.7109379768371582 -0.12063299864530563
v 0.7636719942092896 -0.7109379768371582 -0.12063299864530563
v -0.7226560115814209 -0.7011719942092896 -0.11868000030517578
v 0.7226560115814209 -0.7011719942092896 -0.11868000030517578
v -0.8496090173721313 -0.140625 -0.11868000030517578
v 0.8496090173721313 -0.140625 -0.11868000030517578
v -0.26757800579071045 0.32617199420928955 -0.11868000030517578
v 0.26757800579071045 0.32617199420928955 -0.11868000030517578
v -0.31445300579071045 0.34960898756980896 -0.11868000030517578
v 0.31445300579071045 0.34960898756980896 -0.11868000030517578
v -0.34179699420928955 0.40039101243019104 -0.11868000030517578
v 0.34179699420928955 0.40039101243019104 -0.11868000030517578
v -0.34179699420928955 0.6425780057907104 -0.11868000030517578
v 0.34179699420928955 0.6425780057907104 -0.11868000030517578
v -0.31445300579071045 0.6894530057907104 -0.11868000030517578
v 0.31445300579071045 0.6894530057907104 -0.11868000030517578
v -0.26757800579071045 0.7109379768371582 -0.11868000030517578
v 0.26757800579071045 0.7109379768371582 -0.11868000030517578
v -0.8769530057907104 -0.7011719942092896 -0.11672700196504593
v 0.8769530057907104 -0.7011719942092896 -0.11672700196504593
v -0.8476560115814209 -0.7109379768371582 -0.11281999945640564
v 0.8476560115814209 -0.7109379768371582 -0.11281999945640564
v -0.7265620231628418 -0.140625 -0.11086700111627579
v 0.7265620231628418 -0.140625 -0.11086700111627579
v -0.6816409826278687 -0.6777340173721313 -0.10696099698543549
v 0.6816409826278687 -0.6777340173721313 -0.10696099698543549
v -0.6816409826278687 -0.17382800579071045 -0.10696099698543549
v 0.6816409826278687 -0.17382800579071045 -0.10696099698543549
v -0.8710939884185791 -0.140625 -0.10696099698543549
v 0.8710939884185791 -0.140625 -0.10696099698543549
v -0.9121090173721313 -0.6777340173721313 -0.10500799864530563
v 0.9121090173721313 -0.6777340173721313 -0.10500799864530563
v -0.9121090173721313 -0.17382800579071045 -0.10500799864530563
v 0.9121090173721313 -0.17382800579071045 -0.10500799864530563
v -0.6835939884185791 -0.1679690033197403 -0.10500799864530563
v 0.6835939884185791 -0.1679690033197403 -0.10500799864530563
v -0.8671879768371582 -0.7109379768371582 -0.10305500030517578
v -0.7304689884185791 -0.7109379768371582 -0.10305500030517578
v 0.7304689884185791 -0.7109379768371582 -0.10305500030517578
v 0.8671879768371582 -0.7109379768371582 -0.10305500030517578
v -0.9101560115814209 -0.1679690033197403 -0.10305500030517578
v 0.9101560115814209 -0.1679690033197403 -0.10305500030517578
v -0.8984379768371582 -0.7011719942092896 -0.09524200111627579
v -0.6953120231628418 -0.7011719942092896 -0.09524200111627579
v 0.6953120231628418 -0.7011719942092896 -0.09524200111627579
v 0.8984379768371582 -0.7011719942092896 -0.09524200111627579
v -0.7011719942092896 -0.140625 -0.08938299864530563
v 0.7011719942092896 -0.140625 -0.08938299864530563
v -0.890625 -0.140625 -0.08743000030517578
v 0.890625 -0.140625 -0.08743000030517578
v -0.34179699420928955 0.41992199420928955 -0.08743000030517578
v 0.34179699420928955 0.41992199420928955 -0.08743000030517578
v -0.34179699420928955 0.5996090173721313 -0.08743000030517578
v 0.34179699420928955 0.5996090173721313 -0.08743000030517578
v -0.8867189884185791 -0.7109379768371582 -0.08547700196504593
v 0.8867189884185791 -0.7109379768371582 -0.08547700196504593
v -0.7070310115814209 -0.7109379768371582 -0.08352299779653549
v 0.7070310115814209 -0.7109379768371582 -0.08352299779653549
v -0.33007800579071045 0.4414060115814209 -0.07375799864530563
v 0.33007800579071045 0.4414060115814209 -0.07375799864530563
v -0.33007800579071045 0.578125 -0.07375799864530563
v 0.33007800579071045 0.578125 -0.07375799864530563
v -0.9335939884185791 -0.6777340173721313 -0.07180500030517578
v -0.65625 -0.6777340173721313 -0.07180500030517578
v 0.65625 -0.6777340173721313 -0.07180500030517578
v 0.9335939884185791 -0.6777340173721313 -0.07180500030517578
v -0.9335939884185791 -0.17382800579071045 -0.07180500030517578
v -0.65625 -0.17382800579071045 -0.07180500030517578
v 0.65625 -0.17382800579071045 -0.07180500030517578
v 0.9335939884185791 -0.17382800579071045 -0.07180500030517578
v -0.9296879768371582 -0.1679690033197403 -0.07180500030517578
v -0.6582030057907104 -0.1679690033197403 -0.07180500030517578
v 0.6582030057907104 -0.1679690033197403 -0.07180500030517578
v 0.9296879768371582 -0.1679690033197403 -0.07180500030517578
v -0.8320310115814209 -0.08789099752902985 -0.0664059966802597
v 0.8320310115814209 -0.08789099752902985 -0.0664059966802597
v -0.6972659826278687 0.07226599752902985 -0.0664059966802597
v 0.6972659826278687 0.07226599752902985 -0.0664059966802597
v -0.6152340173721313 0.2265619933605194 -0.0664059966802597
v 0.6152340173721313 0.2265619933605194 -0.0664059966802597
v -0.6835939884185791 0.27148398756980896 -0.0664059966802597
v 0.6835939884185791 0.27148398756980896 -0.0664059966802597
v -0.5449219942092896 0.421875 -0.0664059966802597
v 0.5449219942092896 0.421875 -0.0664059966802597
v -0.38085898756980896 0.5214840173721313 -0.0664059966802597
v 0.38085898756980896 0.5214840173721313 -0.0664059966802597
v -0.9179689884185791 -0.7011719942092896 -0.06594499945640564
v 0.9179689884185791 -0.7011719942092896 -0.06594499945640564
v 0.7753909826278687 0.0976559966802597 -0.06582500040531158
v 0.7519530057907104 -0.109375 -0.06570100039243698
v -0.7753909826278687 0.0976559966802597 -0.06557200103998184
v -0.35351601243019104 0.4570310115814209 -0.06552600115537643
v -0.7519530057907104 -0.109375 -0.06550800055265427
v 0.35351601243019104 0.4570310115814209 -0.06548400223255157
v -0.8359379768371582 -0.09375 -0.06445299834012985
v -0.8320310115814209 -0.09375 -0.06445299834012985
v -0.828125 -0.09375 -0.06445299834012985
v 0.828125 -0.09375 -0.06445299834012985
v 0.8320310115814209 -0.09375 -0.06445299834012985
v 0.8359379768371582 -0.09375 -0.06445299834012985
v -0.8378909826278687 -0.08789099752902985 -0.06445299834012985
v -0.8261719942092896 -0.08789099752902985 -0.06445299834012985
v 0.8261719942092896 -0.08789099752902985 -0.06445299834012985
v 0.8378909826278687 -0.08789099752902985 -0.06445299834012985
v -0.8359379768371582 -0.08398400247097015 -0.06445299834012985
v -0.8320310115814209 -0.08398400247097015 -0.06445299834012985
v -0.828125 -0.08398400247097015 -0.06445299834012985
v 0.828125 -0.08398400247097015 -0.06445299834012985
v 0.8320310115814209 -0.08398400247097015 -0.06445299834012985
v 0.8359379768371582 -0.08398400247097015 -0.06445299834012985
v -0.7011719942092896 0.0664059966802597 -0.06445299834012985
v -0.6972659826278687 0.0664059966802597 -0.06445299834012985
v -0.6933590173721313 0.0664059966802597 -0.06445299834012985
v 0.6933590173721313 0.0664059966802597 -0.06445299834012985
v 0.6972659826278687 0.0664059966802597 -0.06445299834012985
v 0.7011719942092896 0.0664059966802597 -0.06445299834012985
v -0.703125 0.07226599752902985 -0.06445299834012985
v -0.6914060115814209 0.07226599752902985 -0.06445299834012985
v 0.6914060115814209 0.07226599752902985 -0.06445299834012985
v 0.703125 0.07226599752902985 -0.06445299834012985
v -0.7011719942092896 0.07617200165987015 -0.06445299834012985
v -0.6933590173721313 0.07617200165987015 -0.06445299834012985
v 0.6933590173721313 0.07617200165987015 -0.06445299834012985
v 0.7011719942092896 0.07617200165987015 -0.06445299834012985
v -0.6972659826278687 0.078125 -0.06445299834012985
v 0.6972659826278687 0.078125 -0.06445299834012985
v -0.6152340173721313 0.22070300579071045 -0.06445299834012985
v 0.6152340173721313 0.22070300579071045 -0.06445299834012985
v -0.6191409826278687 0.2226559966802597 -0.06445299834012985
v -0.6113280057907104 0.2226559966802597 -0.06445299834012985
v 0.6113280057907104 0.2226559966802597 -0.06445299834012985
v 0.6191409826278687 0.2226559966802597 -0.06445299834012985
v -0.6210939884185791 0.2265619933605194 -0.06445299834012985
v -0.609375 0.2265619933605194 -0.06445299834012985
v 0.609375 0.2265619933605194 -0.06445299834012985
v 0.6210939884185791 0.2265619933605194 -0.06445299834012985
v -0.6191409826278687 0.2304690033197403 -0.06445299834012985
v -0.6113280057907104 0.2304690033197403 -0.06445299834012985
v 0.6113280057907104 0.2304690033197403 -0.06445299834012985
v 0.6191409826278687 0.2304690033197403 -0.06445299834012985
v -0.6152340173721313 0.23242199420928955 -0.06445299834012985
v 0.6152340173721313 0.23242199420928955 -0.06445299834012985
v -0.6835939884185791 0.265625 -0.06445299834012985
v 0.6835939884185791 0.265625 -0.06445299834012985
v -0.6875 0.26757800579071045 -0.06445299834012985
v -0.6796879768371582 0.26757800579071045 -0.06445299834012985
v 0.6796879768371582 0.26757800579071045 -0.06445299834012985
v 0.6875 0.26757800579071045 -0.06445299834012985
v -0.6894530057907104 0.27148398756980896 -0.06445299834012985
v -0.6777340173721313 0.27148398756980896 -0.06445299834012985
v 0.6777340173721313 0.27148398756980896 -0.06445299834012985
v 0.6894530057907104 0.27148398756980896 -0.06445299834012985
v -0.6875 0.27539101243019104 -0.06445299834012985
v -0.6796879768371582 0.27539101243019104 -0.06445299834012985
v 0.6796879768371582 0.27539101243019104 -0.06445299834012985
v 0.6875 0.27539101243019104 -0.06445299834012985
v -0.6835939884185791 0.2773439884185791 -0.06445299834012985
v 0.6835939884185791 0.2773439884185791 -0.06445299834012985
v -0.5449219942092896 0.41601601243019104 -0.06445299834012985
v 0.5449219942092896 0.41601601243019104 -0.06445299834012985
v -0.5488280057907104 0.4179689884185791 -0.06445299834012985
v -0.5410159826278687 0.4179689884185791 -0.06445299834012985
v 0.5410159826278687 0.4179689884185791 -0.06445299834012985
v 0.5488280057907104 0.4179689884185791 -0.06445299834012985
v -0.5507810115814209 0.421875 -0.06445299834012985
v -0.5390620231628418 0.421875 -0.06445299834012985
v 0.5390620231628418 0.421875 -0.06445299834012985
v 0.5507810115814209 0.421875 -0.06445299834012985
v -0.5488280057907104 0.4257810115814209 -0.06445299834012985
v -0.5410159826278687 0.4257810115814209 -0.06445299834012985
v 0.5410159826278687 0.4257810115814209 -0.06445299834012985
v 0.5488280057907104 0.4257810115814209 -0.06445299834012985
v -0.5449219942092896 0.42773398756980896 -0.06445299834012985
v 0.5449219942092896 0.42773398756980896 -0.06445299834012985
v -0.38085898756980896 0.515625 -0.06445299834012985
v 0.38085898756980896 0.515625 -0.06445299834012985
v -0.38476601243019104 0.5175780057907104 -0.06445299834012985
v -0.37695300579071045 0.5175780057907104 -0.06445299834012985
v 0.37695300579071045 0.5175780057907104 -0.06445299834012985
v 0.38476601243019104 0.5175780057907104 -0.06445299834012985
v -0.3867189884185791 0.5214840173721313 -0.06445299834012985
v -0.375 0.5214840173721313 -0.06445299834012985
v 0.375 0.5214840173721313 -0.06445299834012985
v 0.3867189884185791 0.5214840173721313 -0.06445299834012985
v -0.38476601243019104 0.5253909826278687 -0.06445299834012985
v -0.37695300579071045 0.5253909826278687 -0.06445299834012985
v 0.37695300579071045 0.5253909826278687 -0.06445299834012985
v 0.38476601243019104 0.5253909826278687 -0.06445299834012985
v -0.38085898756980896 0.5273439884185791 -0.06445299834012985
v 0.38085898756980896 0.5273439884185791 -0.06445299834012985
v -0.671875 -0.7011719942092896 -0.06399200111627579
v 0.671875 -0.7011719942092896 -0.06399200111627579
v 0.7753909826278687 0.09179700165987015 -0.06387200206518173
v 0.7714840173721313 0.09375 -0.06387200206518173
v 0.7792969942092896 0.09375 -0.06387200206518173
v 0.7695310115814209 0.0976559966802597 -0.06387200206518173
v 0.78125 0.0976559966802597 -0.06387200206518173
v 0.7714840173721313 0.1015620008111 -0.06387200206518173
v 0.7792969942092896 0.1015620008111 -0.06387200206518173
v 0.7753909826278687 0.10351599752902985 -0.06387200206518173
v 0.7519530057907104 -0.11523400247097015 -0.06374800205230713
v 0.7480469942092896 -0.1132809966802597 -0.06374800205230713
v 0.7558590173721313 -0.1132809966802597 -0.06374800205230713
v 0.7460939884185791 -0.109375 -0.06374800205230713
v 0.7578120231628418 -0.109375 -0.06374800205230713
v 0.7480469942092896 -0.1054690033197403 -0.06374800205230713
v 0.7558590173721313 -0.1054690033197403 -0.06374800205230713
v 0.7519530057907104 -0.10351599752902985 -0.06374800205230713
v -0.7753909826278687 0.09179700165987015 -0.06361900269985199
v -0.7792969942092896 0.09375 -0.06361900269985199
v -0.7714840173721313 0.09375 -0.06361900269985199
v -0.78125 0.0976559966802597 -0.06361900269985199
v -0.7695310115814209 0.0976559966802597 -0.06361900269985199
v -0.7792969942092896 0.1015620008111 -0.06361900269985199
v -0.7714840173721313 0.1015620008111 -0.06361900269985199
v -0.7753909826278687 0.10351599752902985 -0.06361900269985199
v -0.35351601243019104 0.45117199420928955 -0.06357300281524658
v -0.35742199420928955 0.453125 -0.06357300281524658
v -0.34960898756980896 0.453125 -0.06357300281524658
v -0.359375 0.4570310115814209 -0.06357300281524658
v -0.3476560115814209 0.4570310115814209 -0.06357300281524658
v -0.35742199420928955 0.4609380066394806 -0.06357300281524658
v -0.34960898756980896 0.4609380066394806 -0.06357300281524658
v -0.35351601243019104 0.46289101243019104 -0.06357300281524658
v -0.7519530057907104 -0.11523400247097015 -0.06355500221252441
v -0.7558590173721313 -0.1132809966802597 -0.06355500221252441
v -0.7480469942092896 -0.1132809966802597 -0.06355500221252441
v -0.7578120231628418 -0.109375 -0.06355500221252441
v -0.7460939884185791 -0.109375 -0.06355500221252441
v -0.7558590173721313 -0.1054690033197403 -0.06355500221252441
v -0.7480469942092896 -0.1054690033197403 -0.06355500221252441
v -0.7519530057907104 -0.10351599752902985 -0.06355500221252441
v 0.35351601243019104 0.45117199420928955 -0.06353099644184113
v 0.34960898756980896 0.453125 -0.06353099644184113
v 0.35742199420928955 0.453125 -0.06353099644184113
v 0.3476560115814209 0.4570310115814209 -0.06353099644184113
v 0.359375 0.4570310115814209 -0.06353099644184113
v 0.34960898756980896 0.4609380066394806 -0.06353099644184113
v 0.35742199420928955 0.4609380066394806 -0.06353099644184113
v 0.35351601243019104 0.46289101243019104 -0.06353099644184113
v 0.0 -0.28320300579071045 -0.060086000710725784
v -0.03125 -0.28125 -0.060086000710725784
v 0.03125 -0.28125 -0.060086000710725784
v -0.06054700165987015 -0.27539101243019104 -0.060086000710725784
v 0.06054700165987015 -0.27539101243019104 -0.060086000710725784
v -0.0898440033197403 -0.26367199420928955 -0.060086000710725784
v 0.0898440033197403 -0.26367199420928955 -0.060086000710725784
v -0.1171879991889 -0.25 -0.060086000710725784
v 0.1171879991889 -0.25 -0.060086000710725784
v -0.140625 -0.23242199420928955 -0.060086000710725784
v 0.140625 -0.23242199420928955 -0.060086000710725784
v -0.16210900247097015 -0.2109380066394806 -0.060086000710725784
v 0.16210900247097015 -0.2109380066394806 -0.060086000710725784
v -0.1796880066394806 -0.1875 -0.060086000710725784
v 0.1796880066394806 -0.1875 -0.060086000710725784
v -0.1953119933605194 -0.16210900247097015 -0.060086000710725784
v 0.1953119933605194 -0.16210900247097015 -0.060086000710725784
v -0.9082030057907104 -0.140625 -0.060086000710725784
v -0.6796879768371582 -0.140625 -0.060086000710725784
v 0.6796879768371582 -0.140625 -0.060086000710725784
v 0.9082030057907104 -0.140625 -0.060086000710725784
v -0.2070309966802597 -0.1328119933605194 -0.060086000710725784
v 0.2070309966802597 -0.1328119933605194 -0.060086000710725784
v -0.2148440033197403 -0.10351599752902985 -0.060086000710725784
v 0.2148440033197403 -0.10351599752902985 -0.060086000710725784
v -0.21875 -0.0742190033197403 -0.060086000710725784
v 0.21875 -0.0742190033197403 -0.060086000710725784
v -0.21875 -0.04296899959445 -0.060086000710725784
v 0.21875 -0.04296899959445 -0.060086000710725784
v -0.21289099752902985 -0.013671999797224998 -0.060086000710725784
v 0.21289099752902985 -0.013671999797224998 -0.060086000710725784
v -0.203125 0.015625 -0.060086000710725784
v 0.203125 0.015625 -0.060086000710725784
v -0.18945300579071045 0.04492200165987015 -0.060086000710725784
v 0.18945300579071045 0.04492200165987015 -0.060086000710725784
v -0.17382800579071045 0.0703120008111 -0.060086000710725784
v 0.17382800579071045 0.0703120008111 -0.060086000710725784
v -0.1523440033197403 0.09375 -0.060086000710725784
v 0.1523440033197403 0.09375 -0.060086000710725784
v -0.1289059966802597 0.1132809966802597 -0.060086000710725784
v 0.1289059966802597 0.1132809966802597 -0.060086000710725784
v -0.10351599752902985 0.1289059966802597 -0.060086000710725784
v 0.10351599752902985 0.1289059966802597 -0.060086000710725784
v -0.07617200165987015 0.14257800579071045 -0.060086000710725784
v 0.07617200165987015 0.14257800579071045 -0.060086000710725784
v -0.046875 0.15039099752902985 -0.060086000710725784
v 0.046875 0.15039099752902985 -0.060086000710725784
v -0.015625 0.15625 -0.060086000710725784
v 0.015625 0.15625 -0.060086000710725784
v -0.8320310115814209 -0.09570299834012985 -0.05859399959445
v 0.8320310115814209 -0.09570299834012985 -0.05859399959445
v -0.8378909826278687 -0.09375 -0.05859399959445
v -0.8261719942092896 -0.09375 -0.05859399959445
v 0.8261719942092896 -0.09375 -0.05859399959445
v 0.8378909826278687 -0.09375 -0.05859399959445
v -0.8398439884185791 -0.08789099752902985 -0.05859399959445
v -0.8242189884185791 -0.08789099752902985 -0.05859399959445
v 0.8242189884185791 -0.08789099752902985 -0.05859399959445
v 0.8398439884185791 -0.08789099752902985 -0.05859399959445
v -0.8378909826278687 -0.08398400247097015 -0.05859399959445
v -0.8261719942092896 -0.08398400247097015 -0.05859399959445
v 0.8261719942092896 -0.08398400247097015 -0.05859399959445
v 0.8378909826278687 -0.08398400247097015 -0.05859399959445
v -0.8320310115814209 -0.0820309966802597 -0.05859399959445
v 0.8320310115814209 -0.0820309966802597 -0.05859399959445
v -0.6972659826278687 0.06445299834012985 -0.05859399959445
v 0.6972659826278687 0.06445299834012985 -0.05859399959445
v -0.703125 0.0664059966802597 -0.05859399959445
v -0.6914060115814209 0.0664059966802597 -0.05859399959445
v 0.6914060115814209 0.0664059966802597 -0.05859399959445
v 0.703125 0.0664059966802597 -0.05859399959445
v -0.7050780057907104 0.07226599752902985 -0.05859399959445
v -0.6894530057907104 0.07226599752902985 -0.05859399959445
v 0.6894530057907104 0.07226599752902985 -0.05859399959445
v 0.7050780057907104 0.07226599752902985 -0.05859399959445
v -0.703125 0.078125 -0.05859399959445
v -0.6914060115814209 0.078125 -0.05859399959445
v 0.6914060115814209 0.078125 -0.05859399959445
v 0.703125 0.078125 -0.05859399959445
v -0.6972659826278687 0.08007799834012985 -0.05859399959445
v 0.6972659826278687 0.08007799834012985 -0.05859399959445
v -0.6152340173721313 0.21875 -0.05859399959445
v 0.6152340173721313 0.21875 -0.05859399959445
v -0.6210939884185791 0.22070300579071045 -0.05859399959445
v -0.609375 0.22070300579071045 -0.05859399959445
v 0.609375 0.22070300579071045 -0.05859399959445
v 0.6210939884185791 0.22070300579071045 -0.05859399959445
v -0.6230469942092896 0.2265619933605194 -0.05859399959445
v -0.6074219942092896 0.2265619933605194 -0.05859399959445
v 0.6074219942092896 0.2265619933605194 -0.05859399959445
v 0.6230469942092896 0.2265619933605194 -0.05859399959445
v -0.6210939884185791 0.23242199420928955 -0.05859399959445
v -0.609375 0.23242199420928955 -0.05859399959445
v 0.609375 0.23242199420928955 -0.05859399959445
v 0.6210939884185791 0.23242199420928955 -0.05859399959445
v -0.6152340173721313 0.234375 -0.05859399959445
v 0.6152340173721313 0.234375 -0.05859399959445
v -0.6835939884185791 0.26367199420928955 -0.05859399959445
v 0.6835939884185791 0.26367199420928955 -0.05859399959445
v -0.6894530057907104 0.265625 -0.05859399959445
v -0.6777340173721313 0.265625 -0.05859399959445
v 0.6777340173721313 0.265625 -0.05859399959445
v 0.6894530057907104 0.265625 -0.05859399959445
v -0.6914060115814209 0.27148398756980896 -0.05859399959445
v -0.6757810115814209 0.27148398756980896 -0.05859399959445
v 0.6757810115814209 0.27148398756980896 -0.05859399959445
v 0.6914060115814209 0.27148398756980896 -0.05859399959445
v -0.6894530057907104 0.2773439884185791 -0.05859399959445
v -0.6777340173721313 0.2773439884185791 -0.05859399959445
v 0.6777340173721313 0.2773439884185791 -0.05859399959445
v 0.6894530057907104 0.2773439884185791 -0.05859399959445
v -0.6835939884185791 0.27929699420928955 -0.05859399959445
v 0.6835939884185791 0.27929699420928955 -0.05859399959445
v -0.5449219942092896 0.4140619933605194 -0.05859399959445
v 0.5449219942092896 0.4140619933605194 -0.05859399959445
v -0.5507810115814209 0.41601601243019104 -0.05859399959445
v -0.5390620231628418 0.41601601243019104 -0.05859399959445
v 0.5390620231628418 0.41601601243019104 -0.05859399959445
v 0.5507810115814209 0.41601601243019104 -0.05859399959445
v -0.5527340173721313 0.421875 -0.05859399959445
v -0.5371090173721313 0.421875 -0.05859399959445
v 0.5371090173721313 0.421875 -0.05859399959445
v 0.5527340173721313 0.421875 -0.05859399959445
v -0.5507810115814209 0.42773398756980896 -0.05859399959445
v -0.5390620231628418 0.42773398756980896 -0.05859399959445
v 0.5390620231628418 0.42773398756980896 -0.05859399959445
v 0.5507810115814209 0.42773398756980896 -0.05859399959445
v -0.5449219942092896 0.4296880066394806 -0.05859399959445
v 0.5449219942092896 0.4296880066394806 -0.05859399959445
v -0.38085898756980896 0.5136719942092896 -0.05859399959445
v 0.38085898756980896 0.5136719942092896 -0.05859399959445
v -0.3867189884185791 0.515625 -0.05859399959445
v -0.375 0.515625 -0.05859399959445
v 0.375 0.515625 -0.05859399959445
v 0.3867189884185791 0.515625 -0.05859399959445
v -0.38867199420928955 0.5214840173721313 -0.05859399959445
v -0.37304699420928955 0.5214840173721313 -0.05859399959445
v 0.37304699420928955 0.5214840173721313 -0.05859399959445
v 0.38867199420928955 0.5214840173721313 -0.05859399959445
v -0.3867189884185791 0.5273439884185791 -0.05859399959445
v -0.375 0.5273439884185791 -0.05859399959445
v 0.375 0.5273439884185791 -0.05859399959445
v 0.3867189884185791 0.5273439884185791 -0.05859399959445
v -0.38085898756980896 0.5292969942092896 -0.05859399959445
v 0.38085898756980896 0.5292969942092896 -0.05859399959445
v -0.9042969942092896 -0.7109379768371582 -0.058132998645305634
v 0.9042969942092896 -0.7109379768371582 -0.058132998645305634
v -0.8632810115814209 -0.140625 -0.058132998645305634
v -0.7382810115814209 -0.140625 -0.058132998645305634
v 0.7382810115814209 -0.140625 -0.058132998645305634
v 0.8632810115814209 -0.140625 -0.058132998645305634
v -0.7285159826278687 -0.1015620008111 -0.058132998645305634
v 0.7285159826278687 -0.1015620008111 -0.058132998645305634
v -0.7480469942092896 -0.08398400247097015 -0.058132998645305634
v 0.7480469942092896 -0.08398400247097015 -0.058132998645305634
v -0.8476560115814209 -0.06835900247097015 -0.058132998645305634
v -0.8203120231628418 -0.06835900247097015 -0.058132998645305634
v 0.8203120231628418 -0.06835900247097015 -0.058132998645305634
v 0.8476560115814209 -0.06835900247097015 -0.058132998645305634
v -0.7675780057907104 -0.03320299834012985 -0.058132998645305634
v 0.7675780057907104 -0.03320299834012985 -0.058132998645305634
v -0.7558590173721313 -0.0019529999699443579 -0.058132998645305634
v 0.7558590173721313 -0.0019529999699443579 -0.058132998645305634
v -0.7128909826278687 0.015625 -0.058132998645305634
v 0.7128909826278687 0.015625 -0.058132998645305634
v -0.6816409826278687 0.04296899959445 -0.058132998645305634
v 0.6816409826278687 0.04296899959445 -0.058132998645305634
v -0.7246090173721313 0.04882799834012985 -0.058132998645305634
v 0.7246090173721313 0.04882799834012985 -0.058132998645305634
v -0.7890620231628418 0.054687999188899994 -0.058132998645305634
v 0.7890620231628418 0.054687999188899994 -0.058132998645305634
v -0.6699219942092896 0.07617200165987015 -0.058132998645305634
v 0.6699219942092896 0.07617200165987015 -0.058132998645305634
v -0.7988280057907104 0.0859379991889 -0.058132998645305634
v 0.7988280057907104 0.0859379991889 -0.058132998645305634
v -0.7109379768371582 0.08789099752902985 -0.058132998645305634
v 0.7109379768371582 0.08789099752902985 -0.058132998645305634
v -0.6914060115814209 0.09375 -0.058132998645305634
v 0.6914060115814209 0.09375 -0.058132998645305634
v -0.7636719942092896 0.1132809966802597 -0.058132998645305634
v 0.7636719942092896 0.1132809966802597 -0.058132998645305634
v -0.7871090173721313 0.11914099752902985 -0.058132998645305634
v 0.7871090173721313 0.11914099752902985 -0.058132998645305634
v -0.6972659826278687 0.14257800579071045 -0.058132998645305634
v 0.6972659826278687 0.14257800579071045 -0.058132998645305634
v -0.6816409826278687 0.15820300579071045 -0.058132998645305634
v 0.6816409826278687 0.15820300579071045 -0.058132998645305634
v -0.703125 0.1679690033197403 -0.058132998645305634
v 0.703125 0.1679690033197403 -0.058132998645305634
v -0.6816409826278687 0.1796880066394806 -0.058132998645305634
v 0.6816409826278687 0.1796880066394806 -0.058132998645305634
v -0.6035159826278687 0.19726599752902985 -0.058132998645305634
v 0.6035159826278687 0.19726599752902985 -0.058132998645305634
v -0.6308590173721313 0.20507800579071045 -0.058132998645305634
v 0.6308590173721313 0.20507800579071045 -0.058132998645305634
v -0.1171879991889 0.2070309966802597 -0.058132998645305634
v 0.1171879991889 0.2070309966802597 -0.058132998645305634
v -0.7128909826278687 0.22460900247097015 -0.058132998645305634
v 0.7128909826278687 0.22460900247097015 -0.058132998645305634
v -0.5839840173721313 0.22851599752902985 -0.058132998645305634
v 0.5839840173721313 0.22851599752902985 -0.058132998645305634
v -0.6835939884185791 0.24023400247097015 -0.058132998645305634
v 0.6835939884185791 0.24023400247097015 -0.058132998645305634
v -0.6054689884185791 0.2460940033197403 -0.058132998645305634
v 0.6054689884185791 0.2460940033197403 -0.058132998645305634
v -0.16210900247097015 0.25195300579071045 -0.058132998645305634
v 0.16210900247097015 0.25195300579071045 -0.058132998645305634
v -0.7128909826278687 0.2578119933605194 -0.058132998645305634
v 0.7128909826278687 0.2578119933605194 -0.058132998645305634
v -0.5800780057907104 0.25976601243019104 -0.058132998645305634
v 0.5800780057907104 0.25976601243019104 -0.058132998645305634
v -0.6621090173721313 0.28710898756980896 -0.058132998645305634
v 0.6621090173721313 0.28710898756980896 -0.058132998645305634
v -0.5996090173721313 0.29882800579071045 -0.058132998645305634
v 0.5996090173721313 0.29882800579071045 -0.058132998645305634
v -0.6796879768371582 0.3046880066394806 -0.058132998645305634
v 0.6796879768371582 0.3046880066394806 -0.058132998645305634
v -0.5292969942092896 0.31445300579071045 -0.058132998645305634
v 0.5292969942092896 0.31445300579071045 -0.058132998645305634
v -0.5742189884185791 0.3164060115814209 -0.058132998645305634
v 0.5742189884185791 0.3164060115814209 -0.058132998645305634
v -0.16210900247097015 0.32617199420928955 -0.058132998645305634
v 0.16210900247097015 0.32617199420928955 -0.058132998645305634
v -0.4882810115814209 0.328125 -0.058132998645305634
v 0.4882810115814209 0.328125 -0.058132998645305634
v -0.59375 0.33007800579071045 -0.058132998645305634
v 0.59375 0.33007800579071045 -0.058132998645305634
v -0.5703120231628418 0.3320310115814209 -0.058132998645305634
v 0.5703120231628418 0.3320310115814209 -0.058132998645305634
v -0.5175780057907104 0.34375 -0.058132998645305634
v 0.5175780057907104 0.34375 -0.058132998645305634
v -0.46679699420928955 0.3476560115814209 -0.058132998645305634
v 0.46679699420928955 0.3476560115814209 -0.058132998645305634
v -0.4804689884185791 0.3710939884185791 -0.058132998645305634
v 0.4804689884185791 0.3710939884185791 -0.058132998645305634
v -0.453125 0.37695300579071045 -0.058132998645305634
v 0.453125 0.37695300579071045 -0.058132998645305634
v -0.5820310115814209 0.3828119933605194 -0.058132998645305634
v 0.5820310115814209 0.3828119933605194 -0.058132998645305634
v -0.5585939884185791 0.3984380066394806 -0.058132998645305634
v 0.5585939884185791 0.3984380066394806 -0.058132998645305634
v -0.39257800579071045 0.41601601243019104 -0.058132998645305634
v 0.39257800579071045 0.41601601243019104 -0.058132998645305634
v -0.5722659826278687 0.421875 -0.058132998645305634
v -0.4570310115814209 0.421875 -0.058132998645305634
v -0.4296880066394806 0.421875 -0.058132998645305634
v 0.4296880066394806 0.421875 -0.058132998645305634
v 0.4570310115814209 0.421875 -0.058132998645305634
v 0.5722659826278687 0.421875 -0.058132998645305634
v -0.3398439884185791 0.42382800579071045 -0.058132998645305634
v 0.3398439884185791 0.42382800579071045 -0.058132998645305634
v -0.5234379768371582 0.4257810115814209 -0.058132998645305634
v 0.5234379768371582 0.4257810115814209 -0.058132998645305634
v -0.375 0.43945300579071045 -0.058132998645305634
v 0.375 0.43945300579071045 -0.058132998645305634
v -0.42382800579071045 0.4414060115814209 -0.058132998645305634
v -0.33007800579071045 0.4414060115814209 -0.058132998645305634
v 0.33007800579071045 0.4414060115814209 -0.058132998645305634
v 0.42382800579071045 0.4414060115814209 -0.058132998645305634
v -0.44726601243019104 0.4453119933605194 -0.058132998645305634
v 0.44726601243019104 0.4453119933605194 -0.058132998645305634
v -0.5429689884185791 0.44726601243019104 -0.058132998645305634
v 0.5429689884185791 0.44726601243019104 -0.058132998645305634
v -0.40039101243019104 0.49414101243019104 -0.058132998645305634
v 0.40039101243019104 0.49414101243019104 -0.058132998645305634
v -0.41992199420928955 0.4960939884185791 -0.058132998645305634
v 0.41992199420928955 0.4960939884185791 -0.058132998645305634
v -0.3984380066394806 0.53125 -0.058132998645305634
v 0.3984380066394806 0.53125 -0.058132998645305634
v -0.33007800579071045 0.5605469942092896 -0.058132998645305634
v 0.33007800579071045 0.5605469942092896 -0.058132998645305634
v 0.7753909826278687 0.0898440033197403 -0.05801299959421158
v 0.7695310115814209 0.09179700165987015 -0.05801299959421158
v 0.78125 0.09179700165987015 -0.05801299959421158
v 0.7675780057907104 0.0976559966802597 -0.05801299959421158
v 0.7832030057907104 0.0976559966802597 -0.05801299959421158
v 0.7695310115814209 0.10351599752902985 -0.05801299959421158
v 0.78125 0.10351599752902985 -0.05801299959421158
v 0.7753909826278687 0.1054690033197403 -0.05801299959421158
v 0.7519530057907104 -0.1171879991889 -0.057888999581336975
v 0.7460939884185791 -0.11523400247097015 -0.057888999581336975
v 0.7578120231628418 -0.11523400247097015 -0.057888999581336975
v 0.7441409826278687 -0.109375 -0.057888999581336975
v 0.7597659826278687 -0.109375 -0.057888999581336975
v 0.7460939884185791 -0.10351599752902985 -0.057888999581336975
v 0.7578120231628418 -0.10351599752902985 -0.057888999581336975
v 0.7519530057907104 -0.1015620008111 -0.057888999581336975
v -0.7753909826278687 0.0898440033197403 -0.057760000228881836
v -0.78125 0.09179700165987015 -0.057760000228881836
v -0.7695310115814209 0.09179700165987015 -0.057760000228881836
v -0.7832030057907104 0.0976559966802597 -0.057760000228881836
v -0.7675780057907104 0.0976559966802597 -0.057760000228881836
v -0.78125 0.10351599752902985 -0.057760000228881836
v -0.7695310115814209 0.10351599752902985 -0.057760000228881836
v -0.7753909826278687 0.1054690033197403 -0.057760000228881836
v -0.35351601243019104 0.4492189884185791 -0.05771400034427643
v -0.359375 0.45117199420928955 -0.05771400034427643
v -0.3476560115814209 0.45117199420928955 -0.05771400034427643
v -0.36132800579071045 0.4570310115814209 -0.05771400034427643
v -0.34570300579071045 0.4570310115814209 -0.05771400034427643
v -0.359375 0.46289101243019104 -0.05771400034427643
v -0.3476560115814209 0.46289101243019104 -0.05771400034427643
v -0.35351601243019104 0.4648439884185791 -0.05771400034427643
v -0.7519530057907104 -0.1171879991889 -0.05769599974155426
v -0.7578120231628418 -0.11523400247097015 -0.05769599974155426
v -0.7460939884185791 -0.11523400247097015 -0.05769599974155426
v -0.7597659826278687 -0.109375 -0.05769599974155426
v -0.7441409826278687 -0.109375 -0.05769599974155426
v -0.7578120231628418 -0.10351599752902985 -0.05769599974155426
v -0.7460939884185791 -0.10351599752902985 -0.05769599974155426
v -0.7519530057907104 -0.1015620008111 -0.05769599974155426
v 0.35351601243019104 0.4492189884185791 -0.05767200142145157
v 0.3476560115814209 0.45117199420928955 -0.05767200142145157
v 0.359375 0.45117199420928955 -0.05767200142145157
v 0.34570300579071045 0.4570310115814209 -0.05767200142145157
v 0.36132800579071045 0.4570310115814209 -0.05767200142145157
v 0.3476560115814209 0.46289101243019104 -0.05767200142145157
v 0.359375 0.46289101243019104 -0.05767200142145157
v 0.35351601243019104 0.4648439884185791 -0.05767200142145157
v -0.6855469942092896 -0.7109379768371582 -0.05618000030517578
v 0.6855469942092896 -0.7109379768371582 -0.05618000030517578
v 0.0 -0.3046880066394806 -0.05618000030517578
v -0.03320299834012985 -0.30273398756980896 -0.05618000030517578
v 0.03320299834012985 -0.30273398756980896 -0.05618000030517578
v -0.0664059966802597 -0.29492199420928955 -0.05618000030517578
v 0.0664059966802597 -0.29492199420928955 -0.05618000030517578
v -0.0976559966802597 -0.28320300579071045 -0.05618000030517578
v 0.0976559966802597 -0.28320300579071045 -0.05618000030517578
v -0.12695300579071045 -0.26757800579071045 -0.05618000030517578
v 0.12695300579071045 -0.26757800579071045 -0.05618000030517578
v -0.15429699420928955 -0.25 -0.05618000030517578
v 0.15429699420928955 -0.25 -0.05618000030517578
v -0.17773400247097015 -0.2265619933605194 -0.05618000030517578
v 0.17773400247097015 -0.2265619933605194 -0.05618000030517578
v -0.19726599752902985 -0.20117199420928955 -0.05618000030517578
v 0.19726599752902985 -0.20117199420928955 -0.05618000030517578
v -0.2148440033197403 -0.171875 -0.05618000030517578
v 0.2148440033197403 -0.171875 -0.05618000030517578
v -0.22851599752902985 -0.140625 -0.05618000030517578
v 0.22851599752902985 -0.140625 -0.05618000030517578
v -0.23632800579071045 -0.10742200165987015 -0.05618000030517578
v 0.23632800579071045 -0.10742200165987015 -0.05618000030517578
v -0.24023400247097015 -0.0742190033197403 -0.05618000030517578
v 0.24023400247097015 -0.0742190033197403 -0.05618000030517578
v -0.24023400247097015 -0.041016001254320145 -0.05618000030517578
v 0.24023400247097015 -0.041016001254320145 -0.05618000030517578
v -0.234375 -0.0078119998797774315 -0.05618000030517578
v 0.234375 -0.0078119998797774315 -0.05618000030517578
v -0.2226559966802597 0.025390999391674995 -0.05618000030517578
v 0.2226559966802597 0.025390999391674995 -0.05618000030517578
v -0.20898400247097015 0.054687999188899994 -0.05618000030517578
v 0.20898400247097015 0.054687999188899994 -0.05618000030517578
v -0.18945300579071045 0.08398400247097015 -0.05618000030517578
v 0.18945300579071045 0.08398400247097015 -0.05618000030517578
v -0.1679690033197403 0.109375 -0.05618000030517578
v 0.1679690033197403 0.109375 -0.05618000030517578
v -0.14257800579071045 0.13085900247097015 -0.05618000030517578
v 0.14257800579071045 0.13085900247097015 -0.05618000030517578
v -0.11523400247097015 0.1484380066394806 -0.05618000030517578
v 0.11523400247097015 0.1484380066394806 -0.05618000030517578
v -0.08398400247097015 0.16210900247097015 -0.05618000030517578
v 0.08398400247097015 0.16210900247097015 -0.05618000030517578
v -0.05078100040555 0.171875 -0.05618000030517578
v 0.05078100040555 0.171875 -0.05618000030517578
v -0.017578000202775 0.17773400247097015 -0.05618000030517578
v 0.017578000202775 0.17773400247097015 -0.05618000030517578
v 0.0 -0.2617189884185791 -0.05422699823975563
v -0.027343999594449997 -0.25976601243019104 -0.05422699823975563
v 0.027343999594449997 -0.25976601243019104 -0.05422699823975563
v -0.054687999188899994 -0.2539060115814209 -0.05422699823975563
v 0.054687999188899994 -0.2539060115814209 -0.05422699823975563
v -0.08007799834012985 -0.2460940033197403 -0.05422699823975563
v 0.08007799834012985 -0.2460940033197403 -0.05422699823975563
v -0.1054690033197403 -0.23242199420928955 -0.05422699823975563
v 0.1054690033197403 -0.23242199420928955 -0.05422699823975563
v -0.12695300579071045 -0.21679699420928955 -0.05422699823975563
v 0.12695300579071045 -0.21679699420928955 -0.05422699823975563
v -0.14648400247097015 -0.19726599752902985 -0.05422699823975563
v 0.14648400247097015 -0.19726599752902985 -0.05422699823975563
v -0.1640619933605194 -0.1757809966802597 -0.05422699823975563
v 0.1640619933605194 -0.1757809966802597 -0.05422699823975563
v -0.17773400247097015 -0.1523440033197403 -0.05422699823975563
v 0.17773400247097015 -0.1523440033197403 -0.05422699823975563
v -0.1875 -0.12695300579071045 -0.05422699823975563
v 0.1875 -0.12695300579071045 -0.05422699823975563
v -0.1953119933605194 -0.1015620008111 -0.05422699823975563
v 0.1953119933605194 -0.1015620008111 -0.05422699823975563
v -0.19726599752902985 -0.0742190033197403 -0.05422699823975563
v 0.19726599752902985 -0.0742190033197403 -0.05422699823975563
v -0.19726599752902985 -0.04492200165987015 -0.05422699823975563
v 0.19726599752902985 -0.04492200165987015 -0.05422699823975563
v -0.1914059966802597 -0.017578000202775 -0.05422699823975563
v 0.1914059966802597 -0.017578000202775 -0.05422699823975563
v -0.1835940033197403 0.0078119998797774315 -0.05422699823975563
v 0.1835940033197403 0.0078119998797774315 -0.05422699823975563
v -0.171875 0.03320299834012985 -0.05422699823975563
v 0.171875 0.03320299834012985 -0.05422699823975563
v -0.15625 0.056641001254320145 -0.05422699823975563
v 0.15625 0.056641001254320145 -0.05422699823975563
v -0.13867199420928955 0.078125 -0.05422699823975563
v 0.13867199420928955 0.078125 -0.05422699823975563
v -0.1171879991889 0.09570299834012985 -0.05422699823975563
v 0.1171879991889 0.09570299834012985 -0.05422699823975563
v -0.09375 0.11132799834012985 -0.05422699823975563
v 0.09375 0.11132799834012985 -0.05422699823975563
v -0.06835900247097015 0.12304700165987015 -0.05422699823975563
v 0.06835900247097015 0.12304700165987015 -0.05422699823975563
v -0.041016001254320145 0.13085900247097015 -0.05422699823975563
v 0.041016001254320145 0.13085900247097015 -0.05422699823975563
v -0.013671999797224998 0.13476599752902985 -0.05422699823975563
v 0.013671999797224998 0.13476599752902985 -0.05422699823975563
v -0.7324219942092896 -0.06054700165987015 -0.052733998745679855
v 0.7324219942092896 -0.06054700165987015 -0.052733998745679855
v -0.8222659826278687 -0.037108998745679855 -0.052733998745679855
v 0.8222659826278687 -0.037108998745679855 -0.052733998745679855
v -0.7460939884185791 -0.015625 -0.052733998745679855
v 0.7460939884185791 -0.015625 -0.052733998745679855
v -0.7773439884185791 -0.0039059999398887157 -0.052733998745679855
v 0.7773439884185791 -0.0039059999398887157 -0.052733998745679855
v -0.8085939884185791 0.011718999594449997 -0.052733998745679855
v 0.8085939884185791 0.011718999594449997 -0.052733998745679855
v -0.7070310115814209 0.013671999797224998 -0.052733998745679855
v 0.7070310115814209 0.013671999797224998 -0.052733998745679855
v -0.796875 0.046875 -0.052733998745679855
v 0.796875 0.046875 -0.052733998745679855
v -0.7558590173721313 0.1445309966802597 -0.052733998745679855
v 0.7558590173721313 0.1445309966802597 -0.052733998745679855
v -0.703125 0.1679690033197403 -0.052733998745679855
v 0.703125 0.1679690033197403 -0.052733998745679855
v -0.7382810115814209 0.19335900247097015 -0.052733998745679855
v 0.7382810115814209 0.19335900247097015 -0.052733998745679855
v -0.7128909826278687 0.22460900247097015 -0.052733998745679855
v 0.7128909826278687 0.22460900247097015 -0.052733998745679855
v -0.6503909826278687 0.31445300579071045 -0.052733998745679855
v 0.6503909826278687 0.31445300579071045 -0.052733998745679855
v -0.59375 0.33007800579071045 -0.052733998745679855
v 0.59375 0.33007800579071045 -0.052733998745679855
v -0.6191409826278687 0.35351601243019104 -0.052733998745679855
v 0.6191409826278687 0.35351601243019104 -0.052733998745679855
v -0.5859379768371582 0.3828119933605194 -0.052733998745679855
v 0.5859379768371582 0.3828119933605194 -0.052733998745679855
v -0.7539060115814209 0.0078119998797774315 -0.05227300152182579
v 0.7539060115814209 0.0078119998797774315 -0.05227300152182579
v -0.7070310115814209 0.04492200165987015 -0.05227300152182579
v 0.7070310115814209 0.04492200165987015 -0.05227300152182579
v -0.7773439884185791 0.0664059966802597 -0.05227300152182579
v 0.7773439884185791 0.0664059966802597 -0.05227300152182579
v -0.6679689884185791 0.1132809966802597 -0.05227300152182579
v 0.6679689884185791 0.1132809966802597 -0.05227300152182579
v -0.6757810115814209 0.15429699420928955 -0.05227300152182579
v 0.6757810115814209 0.15429699420928955 -0.05227300152182579
v -0.6386719942092896 0.17382800579071045 -0.05227300152182579
v 0.6386719942092896 0.17382800579071045 -0.05227300152182579
v -0.7324219942092896 -0.06054700165987015 -0.046875
v 0.7324219942092896 -0.06054700165987015 -0.046875
v -0.8222659826278687 -0.037108998745679855 -0.046875
v 0.8222659826278687 -0.037108998745679855 -0.046875
v -0.7460939884185791 -0.015625 -0.046875
v 0.7460939884185791 -0.015625 -0.046875
v -0.7773439884185791 -0.0039059999398887157 -0.046875
v 0.7773439884185791 -0.0039059999398887157 -0.046875
v -0.8085939884185791 0.011718999594449997 -0.046875
v 0.8085939884185791 0.011718999594449997 -0.046875
v -0.7070310115814209 0.013671999797224998 -0.046875
v 0.7070310115814209 0.013671999797224998 -0.046875
v -0.796875 0.046875 -0.046875
v 0.796875 0.046875 -0.046875
v -0.7558590173721313 0.1445309966802597 -0.046875
v 0.7558590173721313 0.1445309966802597 -0.046875
v -0.703125 0.1679690033197403 -0.046875
v 0.703125 0.1679690033197403 -0.046875
v -0.7382810115814209 0.19335900247097015 -0.046875
v 0.7382810115814209 0.19335900247097015 -0.046875
v -0.7128909826278687 0.22460900247097015 -0.046875
v 0.7128909826278687 0.22460900247097015 -0.046875
v -0.6503909826278687 0.31445300579071045 -0.046875
v 0.6503909826278687 0.31445300579071045 -0.046875
v -0.59375 0.33007800579071045 -0.046875
v 0.59375 0.33007800579071045 -0.046875
v -0.6191409826278687 0.35351601243019104 -0.046875
v 0.6191409826278687 0.35351601243019104 -0.046875
v -0.5859379768371582 0.3828119933605194 -0.046875
v 0.5859379768371582 0.3828119933605194 -0.046875
v -0.7539060115814209 0.0078119998797774315 -0.04641399905085564
v 0.7539060115814209 0.0078119998797774315 -0.04641399905085564
v -0.7070310115814209 0.04492200165987015 -0.04641399905085564
v 0.7070310115814209 0.04492200165987015 -0.04641399905085564
v -0.7773439884185791 0.0664059966802597 -0.04641399905085564
v 0.7773439884185791 0.0664059966802597 -0.04641399905085564
v -0.6914060115814209 0.09375 -0.04641399905085564
v 0.6914060115814209 0.09375 -0.04641399905085564
v -0.7246090173721313 -0.08789099752902985 -0.044461000710725784
v 0.7246090173721313 -0.08789099752902985 -0.044461000710725784
v -0.84375 -0.056641001254320145 -0.044461000710725784
v 0.84375 -0.056641001254320145 -0.044461000710725784
v -0.6835939884185791 0.03515600040555 -0.044461000710725784
v 0.6835939884185791 0.03515600040555 -0.044461000710725784
v -0.8027340173721313 0.07617200165987015 -0.044461000710725784
v 0.8027340173721313 0.07617200165987015 -0.044461000710725784
v -0.6660159826278687 0.08398400247097015 -0.044461000710725784
v 0.6660159826278687 0.08398400247097015 -0.044461000710725784
v -0.7832030057907104 0.125 -0.044461000710725784
v 0.7832030057907104 0.125 -0.044461000710725784
v -0.6074219942092896 0.18945300579071045 -0.044461000710725784
v 0.6074219942092896 0.18945300579071045 -0.044461000710725784
v -0.7167969942092896 0.25 -0.044461000710725784
v 0.7167969942092896 0.25 -0.044461000710725784
v -0.671875 0.3125 -0.044461000710725784
v 0.671875 0.3125 -0.044461000710725784
v -0.578125 0.41601601243019104 -0.044461000710725784
v 0.578125 0.41601601243019104 -0.044461000710725784
v 0.0 -0.32226601243019104 -0.042507998645305634
v -0.037108998745679855 -0.3203119933605194 -0.042507998645305634
v 0.037108998745679855 -0.3203119933605194 -0.042507998645305634
v -0.0703120008111 -0.3125 -0.042507998645305634
v 0.0703120008111 -0.3125 -0.042507998645305634
v -0.10351599752902985 -0.3007810115814209 -0.042507998645305634
v 0.10351599752902985 -0.3007810115814209 -0.042507998645305634
v -0.1367190033197403 -0.28320300579071045 -0.042507998645305634
v 0.1367190033197403 -0.28320300579071045 -0.042507998645305634
v -0.16601599752902985 -0.26367199420928955 -0.042507998645305634
v 0.16601599752902985 -0.26367199420928955 -0.042507998645305634
v -0.1914059966802597 -0.2382809966802597 -0.042507998645305634
v 0.1914059966802597 -0.2382809966802597 -0.042507998645305634
v -0.21289099752902985 -0.2109380066394806 -0.042507998645305634
v 0.21289099752902985 -0.2109380066394806 -0.042507998645305634
v -0.2304690033197403 -0.1796880066394806 -0.042507998645305634
v 0.2304690033197403 -0.1796880066394806 -0.042507998645305634
v -0.24414099752902985 -0.14648400247097015 -0.042507998645305634
v 0.24414099752902985 -0.14648400247097015 -0.042507998645305634
v -0.2539060115814209 -0.11132799834012985 -0.042507998645305634
v 0.2539060115814209 -0.11132799834012985 -0.042507998645305634
v -0.2578119933605194 -0.0742190033197403 -0.042507998645305634
v 0.2578119933605194 -0.0742190033197403 -0.042507998645305634
v -0.2578119933605194 -0.039062000811100006 -0.042507998645305634
v 0.2578119933605194 -0.039062000811100006 -0.042507998645305634
v -0.25195300579071045 -0.0039059999398887157 -0.042507998645305634
v 0.25195300579071045 -0.0039059999398887157 -0.042507998645305634
v -0.24023400247097015 0.03125 -0.042507998645305634
v 0.24023400247097015 0.03125 -0.042507998645305634
v -0.22460900247097015 0.06445299834012985 -0.042507998645305634
v 0.22460900247097015 0.06445299834012985 -0.042507998645305634
v -0.20507800579071045 0.09570299834012985 -0.042507998645305634
v 0.20507800579071045 0.09570299834012985 -0.042507998645305634
v -0.18164099752902985 0.12304700165987015 -0.042507998645305634
v 0.18164099752902985 0.12304700165987015 -0.042507998645305634
v -0.15429699420928955 0.14648400247097015 -0.042507998645305634
v 0.15429699420928955 0.14648400247097015 -0.042507998645305634
v -0.12304700165987015 0.16601599752902985 -0.042507998645305634
v 0.12304700165987015 0.16601599752902985 -0.042507998645305634
v -0.0898440033197403 0.1796880066394806 -0.042507998645305634
v 0.0898440033197403 0.1796880066394806 -0.042507998645305634
v -0.054687999188899994 0.1914059966802597 -0.042507998645305634
v 0.054687999188899994 0.1914059966802597 -0.042507998645305634
v -0.019531000405550003 0.19726599752902985 -0.042507998645305634
v 0.019531000405550003 0.19726599752902985 -0.042507998645305634
v 0.0 -0.2460940033197403 -0.04055500030517578
v -0.025390999391674995 -0.24414099752902985 -0.04055500030517578
v 0.025390999391674995 -0.24414099752902985 -0.04055500030517578
v -0.05078100040555 -0.2382809966802597 -0.04055500030517578
v 0.05078100040555 -0.2382809966802597 -0.04055500030517578
v -0.0742190033197403 -0.2304690033197403 -0.04055500030517578
v 0.0742190033197403 -0.2304690033197403 -0.04055500030517578
v -0.09570299834012985 -0.21875 -0.04055500030517578
v 0.09570299834012985 -0.21875 -0.04055500030517578
v -0.1171879991889 -0.203125 -0.04055500030517578
v 0.1171879991889 -0.203125 -0.04055500030517578
v -0.13476599752902985 -0.18554699420928955 -0.04055500030517578
v 0.13476599752902985 -0.18554699420928955 -0.04055500030517578
v -0.15039099752902985 -0.16601599752902985 -0.04055500030517578
v 0.15039099752902985 -0.16601599752902985 -0.04055500030517578
v -0.16210900247097015 -0.1445309966802597 -0.04055500030517578
v 0.16210900247097015 -0.1445309966802597 -0.04055500030517578
v -0.171875 -0.12304700165987015 -0.04055500030517578
v 0.171875 -0.12304700165987015 -0.04055500030517578
v -0.17773400247097015 -0.0976559966802597 -0.04055500030517578
v 0.17773400247097015 -0.0976559966802597 -0.04055500030517578
v -0.18164099752902985 -0.07226599752902985 -0.04055500030517578
v 0.18164099752902985 -0.07226599752902985 -0.04055500030517578
v -0.1796880066394806 -0.046875 -0.04055500030517578
v 0.1796880066394806 -0.046875 -0.04055500030517578
v -0.1757809966802597 -0.021484000608325005 -0.04055500030517578
v 0.1757809966802597 -0.021484000608325005 -0.04055500030517578
v -0.1679690033197403 0.0019529999699443579 -0.04055500030517578
v 0.1679690033197403 0.0019529999699443579 -0.04055500030517578
v -0.15625 0.025390999391674995 -0.04055500030517578
v 0.15625 0.025390999391674995 -0.04055500030517578
v -0.14257800579071045 0.046875 -0.04055500030517578
v 0.14257800579071045 0.046875 -0.04055500030517578
v -0.12695300579071045 0.0664059966802597 -0.04055500030517578
v 0.12695300579071045 0.0664059966802597 -0.04055500030517578
v -0.10742200165987015 0.0820309966802597 -0.04055500030517578
v 0.10742200165987015 0.0820309966802597 -0.04055500030517578
v -0.0859379991889 0.09570299834012985 -0.04055500030517578
v 0.0859379991889 0.09570299834012985 -0.04055500030517578
v -0.0625 0.10742200165987015 -0.04055500030517578
v 0.0625 0.10742200165987015 -0.04055500030517578
v -0.037108998745679855 0.11523400247097015 -0.04055500030517578
v 0.037108998745679855 0.11523400247097015 -0.04055500030517578
v -0.011718999594449997 0.1171879991889 -0.04055500030517578
v 0.011718999594449997 0.1171879991889 -0.04055500030517578
v -0.8417969942092896 -0.140625 -0.03860099986195564
v -0.7597659826278687 -0.140625 -0.03860099986195564
v 0.7597659826278687 -0.140625 -0.03860099986195564
v 0.8417969942092896 -0.140625 -0.03860099986195564
v -0.7480469942092896 -0.08398400247097015 -0.03860099986195564
v 0.7480469942092896 -0.08398400247097015 -0.03860099986195564
v -0.8203120231628418 -0.06835900247097015 -0.03860099986195564
v 0.8203120231628418 -0.06835900247097015 -0.03860099986195564
v -0.7675780057907104 -0.03320299834012985 -0.03860099986195564
v 0.7675780057907104 -0.03320299834012985 -0.03860099986195564
v -0.7558590173721313 -0.0019529999699443579 -0.03860099986195564
v 0.7558590173721313 -0.0019529999699443579 -0.03860099986195564
v -0.7128909826278687 0.015625 -0.03860099986195564
v 0.7128909826278687 0.015625 -0.03860099986195564
v -0.7246090173721313 0.04882799834012985 -0.03860099986195564
v 0.7246090173721313 0.04882799834012985 -0.03860099986195564
v -0.7890620231628418 0.054687999188899994 -0.03860099986195564
v 0.7890620231628418 0.054687999188899994 -0.03860099986195564
v -0.7773439884185791 0.0664059966802597 -0.03860099986195564
v 0.7773439884185791 0.0664059966802597 -0.03860099986195564
v -0.7109379768371582 0.08789099752902985 -0.03860099986195564
v 0.7109379768371582 0.08789099752902985 -0.03860099986195564
v -0.7636719942092896 0.1132809966802597 -0.03860099986195564
v -0.6679689884185791 0.1132809966802597 -0.03860099986195564
v 0.6679689884185791 0.1132809966802597 -0.03860099986195564
v 0.7636719942092896 0.1132809966802597 -0.03860099986195564
v -0.6972659826278687 0.14257800579071045 -0.03860099986195564
v 0.6972659826278687 0.14257800579071045 -0.03860099986195564
v -0.6757810115814209 0.15429699420928955 -0.03860099986195564
v 0.6757810115814209 0.15429699420928955 -0.03860099986195564
v -0.703125 0.1679690033197403 -0.03860099986195564
v 0.703125 0.1679690033197403 -0.03860099986195564
v -0.6386719942092896 0.17382800579071045 -0.03860099986195564
v 0.6386719942092896 0.17382800579071045 -0.03860099986195564
v -0.6816409826278687 0.1796880066394806 -0.03860099986195564
v 0.6816409826278687 0.1796880066394806 -0.03860099986195564
v -0.6308590173721313 0.20507800579071045 -0.03860099986195564
v 0.6308590173721313 0.20507800579071045 -0.03860099986195564
v -0.703125 0.22460900247097015 -0.03860099986195564
v 0.703125 0.22460900247097015 -0.03860099986195564
v -0.6835939884185791 0.24023400247097015 -0.03860099986195564
v 0.6835939884185791 0.24023400247097015 -0.03860099986195564
v -0.6054689884185791 0.2460940033197403 -0.03860099986195564
v 0.6054689884185791 0.2460940033197403 -0.03860099986195564
v -0.5800780057907104 0.25976601243019104 -0.03860099986195564
v 0.5800780057907104 0.25976601243019104 -0.03860099986195564
v -0.6621090173721313 0.28710898756980896 -0.03860099986195564
v 0.6621090173721313 0.28710898756980896 -0.03860099986195564
v -0.5996090173721313 0.29882800579071045 -0.03860099986195564
v 0.5996090173721313 0.29882800579071045 -0.03860099986195564
v -0.5292969942092896 0.31445300579071045 -0.03860099986195564
v 0.5292969942092896 0.31445300579071045 -0.03860099986195564
v -0.5742189884185791 0.3164060115814209 -0.03860099986195564
v 0.5742189884185791 0.3164060115814209 -0.03860099986195564
v -0.59375 0.33007800579071045 -0.03860099986195564
v 0.59375 0.33007800579071045 -0.03860099986195564
v -0.5703120231628418 0.3320310115814209 -0.03860099986195564
v 0.5703120231628418 0.3320310115814209 -0.03860099986195564
v -0.5175780057907104 0.34375 -0.03860099986195564
v 0.5175780057907104 0.34375 -0.03860099986195564
v -0.4804689884185791 0.3710939884185791 -0.03860099986195564
v 0.4804689884185791 0.3710939884185791 -0.03860099986195564
v -0.453125 0.37695300579071045 -0.03860099986195564
v 0.453125 0.37695300579071045 -0.03860099986195564
v -0.5820310115814209 0.3828119933605194 -0.03860099986195564
v 0.5820310115814209 0.3828119933605194 -0.03860099986195564
v -0.5585939884185791 0.3984380066394806 -0.03860099986195564
v 0.5585939884185791 0.3984380066394806 -0.03860099986195564
v -0.39257800579071045 0.41601601243019104 -0.03860099986195564
v 0.39257800579071045 0.41601601243019104 -0.03860099986195564
v -0.4570310115814209 0.421875 -0.03860099986195564
v -0.4296880066394806 0.421875 -0.03860099986195564
v 0.4296880066394806 0.421875 -0.03860099986195564
v 0.4570310115814209 0.421875 -0.03860099986195564
v -0.5234379768371582 0.4257810115814209 -0.03860099986195564
v 0.5234379768371582 0.4257810115814209 -0.03860099986195564
v -0.375 0.43945300579071045 -0.03860099986195564
v 0.375 0.43945300579071045 -0.03860099986195564
v -0.42382800579071045 0.4414060115814209 -0.03860099986195564
v 0.42382800579071045 0.4414060115814209 -0.03860099986195564
v -0.44726601243019104 0.4453119933605194 -0.03860099986195564
v 0.44726601243019104 0.4453119933605194 -0.03860099986195564
v -0.33398398756980896 0.45117199420928955 -0.03860099986195564
v 0.33398398756980896 0.45117199420928955 -0.03860099986195564
v -0.40039101243019104 0.49414101243019104 -0.03860099986195564
v 0.40039101243019104 0.49414101243019104 -0.03860099986195564
v -0.41992199420928955 0.4960939884185791 -0.03860099986195564
v 0.41992199420928955 0.4960939884185791 -0.03860099986195564
v -0.33398398756980896 0.5332030057907104 -0.03860099986195564
v 0.33398398756980896 0.5332030057907104 -0.03860099986195564
v -0.9453120231628418 -0.6777340173721313 -0.03664800152182579
v -0.6425780057907104 -0.6777340173721313 -0.03664800152182579
v 0.6425780057907104 -0.6777340173721313 -0.03664800152182579
v 0.9453120231628418 -0.6777340173721313 -0.03664800152182579
v -0.9453120231628418 -0.17382800579071045 -0.03664800152182579
v -0.6425780057907104 -0.17382800579071045 -0.03664800152182579
v 0.6425780057907104 -0.17382800579071045 -0.03664800152182579
v 0.9453120231628418 -0.17382800579071045 -0.03664800152182579
v -0.9433590173721313 -0.1679690033197403 -0.03664800152182579
v -0.6464840173721313 -0.1679690033197403 -0.03664800152182579
v 0.6464840173721313 -0.1679690033197403 -0.03664800152182579
v 0.9433590173721313 -0.1679690033197403 -0.03664800152182579
v -0.7324219942092896 -0.06054700165987015 -0.03515600040555
v 0.7324219942092896 -0.06054700165987015 -0.03515600040555
v -0.8222659826278687 -0.037108998745679855 -0.03515600040555
v 0.8222659826278687 -0.037108998745679855 -0.03515600040555
v -0.7460939884185791 -0.015625 -0.03515600040555
v 0.7460939884185791 -0.015625 -0.03515600040555
v -0.7773439884185791 -0.0039059999398887157 -0.03515600040555
v 0.7773439884185791 -0.0039059999398887157 -0.03515600040555
v -0.8085939884185791 0.011718999594449997 -0.03515600040555
v 0.8085939884185791 0.011718999594449997 -0.03515600040555
v -0.7070310115814209 0.013671999797224998 -0.03515600040555
v 0.7070310115814209 0.013671999797224998 -0.03515600040555
v -0.796875 0.046875 -0.03515600040555
v 0.796875 0.046875 -0.03515600040555
v -0.7558590173721313 0.1445309966802597 -0.03515600040555
v 0.7558590173721313 0.1445309966802597 -0.03515600040555
v -0.703125 0.1679690033197403 -0.03515600040555
v 0.703125 0.1679690033197403 -0.03515600040555
v -0.7382810115814209 0.19335900247097015 -0.03515600040555
v 0.7382810115814209 0.19335900247097015 -0.03515600040555
v -0.7128909826278687 0.22460900247097015 -0.03515600040555
v 0.7128909826278687 0.22460900247097015 -0.03515600040555
v -0.6503909826278687 0.31445300579071045 -0.03515600040555
v 0.6503909826278687 0.31445300579071045 -0.03515600040555
v -0.59375 0.33007800579071045 -0.03515600040555
v 0.59375 0.33007800579071045 -0.03515600040555
v -0.6191409826278687 0.35351601243019104 -0.03515600040555
v 0.6191409826278687 0.35351601243019104 -0.03515600040555
v -0.5859379768371582 0.3828119933605194 -0.03515600040555
v 0.5859379768371582 0.3828119933605194 -0.03515600040555
v -0.9296879768371582 -0.7011719942092896 -0.03274200111627579
v -0.6601560115814209 -0.7011719942092896 -0.03274200111627579
v 0.6601560115814209 -0.7011719942092896 -0.03274200111627579
v 0.9296879768371582 -0.7011719942092896 -0.03274200111627579
v -0.9199219942092896 -0.140625 -0.030789000913500786
v -0.6699219942092896 -0.140625 -0.030789000913500786
v 0.6699219942092896 -0.140625 -0.030789000913500786
v 0.9199219942092896 -0.140625 -0.030789000913500786
v -0.1914059966802597 0.18554699420928955 -0.029296999797225
v 0.1914059966802597 0.18554699420928955 -0.029296999797225
v -0.1914059966802597 0.32617199420928955 -0.029296999797225
v 0.1914059966802597 0.32617199420928955 -0.029296999797225
v -0.9140620231628418 -0.7109379768371582 -0.028836000710725784
v -0.6738280057907104 -0.7109379768371582 -0.028836000710725784
v 0.6738280057907104 -0.7109379768371582 -0.028836000710725784
v 0.9140620231628418 -0.7109379768371582 -0.028836000710725784
v -0.7460939884185791 -0.08789099752902985 -0.028836000710725784
v 0.7460939884185791 -0.08789099752902985 -0.028836000710725784
v -0.7285159826278687 -0.08007799834012985 -0.028836000710725784
v 0.7285159826278687 -0.08007799834012985 -0.028836000710725784
v -0.8261719942092896 -0.0703120008111 -0.028836000710725784
v 0.8261719942092896 -0.0703120008111 -0.028836000710725784
v -0.8378909826278687 -0.056641001254320145 -0.028836000710725784
v 0.8378909826278687 -0.056641001254320145 -0.028836000710725784
v -0.7089840173721313 0.021484000608325005 -0.028836000710725784
v 0.7089840173721313 0.021484000608325005 -0.028836000710725784
v -0.6914060115814209 0.029296999797225 -0.028836000710725784
v 0.6914060115814209 0.029296999797225 -0.028836000710725784
v -0.703125 0.04492200165987015 -0.028836000710725784
v 0.703125 0.04492200165987015 -0.028836000710725784
v -0.7890620231628418 0.0625 -0.028836000710725784
v 0.7890620231628418 0.0625 -0.028836000710725784
v -0.8007810115814209 0.07226599752902985 -0.028836000710725784
v 0.8007810115814209 0.07226599752902985 -0.028836000710725784
v -0.6699219942092896 0.08398400247097015 -0.028836000710725784
v 0.6699219942092896 0.08398400247097015 -0.028836000710725784
v -0.6875 0.0898440033197403 -0.028836000710725784
v 0.6875 0.0898440033197403 -0.028836000710725784
v -0.7675780057907104 0.11523400247097015 -0.028836000710725784
v 0.7675780057907104 0.11523400247097015 -0.028836000710725784
v -0.6894530057907104 0.15820300579071045 -0.028836000710725784
v 0.6894530057907104 0.15820300579071045 -0.028836000710725784
v -0.6152340173721313 0.1835940033197403 -0.028836000710725784
v 0.6152340173721313 0.1835940033197403 -0.028836000710725784
v -0.6289060115814209 0.19335900247097015 -0.028836000710725784
v -0.6074219942092896 0.19335900247097015 -0.028836000710725784
v 0.6074219942092896 0.19335900247097015 -0.028836000710725784
v 0.6289060115814209 0.19335900247097015 -0.028836000710725784
v -0.625 0.203125 -0.028836000710725784
v 0.625 0.203125 -0.028836000710725784
v -0.019531000405550003 0.20507800579071045 -0.028836000710725784
v 0.019531000405550003 0.20507800579071045 -0.028836000710725784
v -0.703125 0.23242199420928955 -0.028836000710725784
v -0.5820310115814209 0.23242199420928955 -0.028836000710725784
v 0.5820310115814209 0.23242199420928955 -0.028836000710725784
v 0.703125 0.23242199420928955 -0.028836000710725784
v -0.6933590173721313 0.24414099752902985 -0.028836000710725784
v -0.5996090173721313 0.24414099752902985 -0.028836000710725784
v 0.5996090173721313 0.24414099752902985 -0.028836000710725784
v 0.6933590173721313 0.24414099752902985 -0.028836000710725784
v -0.5800780057907104 0.25976601243019104 -0.028836000710725784
v 0.5800780057907104 0.25976601243019104 -0.028836000710725784
v -0.6523439884185791 0.30273398756980896 -0.028836000710725784
v 0.6523439884185791 0.30273398756980896 -0.028836000710725784
v -0.5800780057907104 0.30664101243019104 -0.028836000710725784
v 0.5800780057907104 0.30664101243019104 -0.028836000710725784
v -0.6640620231628418 0.31445300579071045 -0.028836000710725784
v 0.6640620231628418 0.31445300579071045 -0.028836000710725784
v -0.5 0.31835898756980896 -0.028836000710725784
v 0.5 0.31835898756980896 -0.028836000710725784
v -0.59375 0.33007800579071045 -0.028836000710725784
v -0.5742189884185791 0.33007800579071045 -0.028836000710725784
v -0.5136719942092896 0.33007800579071045 -0.028836000710725784
v 0.5136719942092896 0.33007800579071045 -0.028836000710725784
v 0.5742189884185791 0.33007800579071045 -0.028836000710725784
v 0.59375 0.33007800579071045 -0.028836000710725784
v -0.4648439884185791 0.3515619933605194 -0.028836000710725784
v 0.4648439884185791 0.3515619933605194 -0.028836000710725784
v -0.4804689884185791 0.36523398756980896 -0.028836000710725784
v 0.4804689884185791 0.36523398756980896 -0.028836000710725784
v -0.453125 0.37695300579071045 -0.028836000710725784
v 0.453125 0.37695300579071045 -0.028836000710725784
v -0.5683590173721313 0.40039101243019104 -0.028836000710725784
v 0.5683590173721313 0.40039101243019104 -0.028836000710725784
v -0.578125 0.4101560115814209 -0.028836000710725784
v 0.578125 0.4101560115814209 -0.028836000710725784
v -0.3632810115814209 0.4140619933605194 -0.028836000710725784
v 0.3632810115814209 0.4140619933605194 -0.028836000710725784
v -0.43554699420928955 0.42382800579071045 -0.028836000710725784
v 0.43554699420928955 0.42382800579071045 -0.028836000710725784
v -0.375 0.4296880066394806 -0.028836000710725784
v 0.375 0.4296880066394806 -0.028836000710725784
v -0.5234379768371582 0.4335939884185791 -0.028836000710725784
v 0.5234379768371582 0.4335939884185791 -0.028836000710725784
v -0.44726601243019104 0.4453119933605194 -0.028836000710725784
v 0.44726601243019104 0.4453119933605194 -0.028836000710725784
v -0.5371090173721313 0.44726601243019104 -0.028836000710725784
v 0.5371090173721313 0.44726601243019104 -0.028836000710725784
v -0.40039101243019104 0.5058590173721313 -0.028836000710725784
v 0.40039101243019104 0.5058590173721313 -0.028836000710725784
v -0.41210898756980896 0.5195310115814209 -0.028836000710725784
v 0.41210898756980896 0.5195310115814209 -0.028836000710725784
v -0.1953119933605194 0.18554699420928955 -0.027343999594449997
v -0.18554699420928955 0.18554699420928955 -0.027343999594449997
v 0.18554699420928955 0.18554699420928955 -0.027343999594449997
v 0.1953119933605194 0.18554699420928955 -0.027343999594449997
v -0.1953119933605194 0.32617199420928955 -0.027343999594449997
v -0.18554699420928955 0.32617199420928955 -0.027343999594449997
v 0.18554699420928955 0.32617199420928955 -0.027343999594449997
v 0.1953119933605194 0.32617199420928955 -0.027343999594449997
v -0.18164099752902985 0.140625 -0.02493000030517578
v 0.18164099752902985 0.140625 -0.02493000030517578
v -0.1914059966802597 0.171875 -0.023437999188899994
v 0.1914059966802597 0.171875 -0.023437999188899994
v 0.023336999118328094 -0.23065300285816193 -0.02332399971783161
v -7.899999764049426e-05 -0.23342999815940857 -0.023187000304460526
v 0.0 -0.33398398756980896 -0.02297700010240078
v -0.037108998745679855 -0.3320310115814209 -0.02297700010240078
v 0.037108998745679855 -0.3320310115814209 -0.02297700010240078
v -0.0742190033197403 -0.3242189884185791 -0.02297700010240078
v 0.0742190033197403 -0.3242189884185791 -0.02297700010240078
v -0.109375 -0.31054699420928955 -0.02297700010240078
v 0.109375 -0.31054699420928955 -0.02297700010240078
v -0.14257800579071045 -0.2929689884185791 -0.02297700010240078
v 0.14257800579071045 -0.2929689884185791 -0.02297700010240078
v -0.171875 -0.27148398756980896 -0.02297700010240078
v 0.171875 -0.27148398756980896 -0.02297700010240078
v -0.1992190033197403 -0.2460940033197403 -0.02297700010240078
v 0.1992190033197403 -0.2460940033197403 -0.02297700010240078
v -0.023437999188899994 -0.23242199420928955 -0.02297700010240078
v -0.046875 -0.22851599752902985 -0.02297700010240078
v 0.046875 -0.22851599752902985 -0.02297700010240078
v -0.0703120008111 -0.22070300579071045 -0.02297700010240078
v 0.0703120008111 -0.22070300579071045 -0.02297700010240078
v -0.2226559966802597 -0.21679699420928955 -0.02297700010240078
v 0.2226559966802597 -0.21679699420928955 -0.02297700010240078
v -0.0898440033197403 -0.20898400247097015 -0.02297700010240078
v 0.0898440033197403 -0.20898400247097015 -0.02297700010240078
v -0.109375 -0.1953119933605194 -0.02297700010240078
v 0.109375 -0.1953119933605194 -0.02297700010240078
v -0.2421880066394806 -0.1835940033197403 -0.02297700010240078
v 0.2421880066394806 -0.1835940033197403 -0.02297700010240078
v -0.12695300579071045 -0.17773400247097015 -0.02297700010240078
v 0.12695300579071045 -0.17773400247097015 -0.02297700010240078
v -0.140625 -0.1601559966802597 -0.02297700010240078
v 0.140625 -0.1601559966802597 -0.02297700010240078
v -0.25585898756980896 -0.1484380066394806 -0.02297700010240078
v 0.25585898756980896 -0.1484380066394806 -0.02297700010240078
v -0.1523440033197403 -0.140625 -0.02297700010240078
v 0.1523440033197403 -0.140625 -0.02297700010240078
v -0.16210900247097015 -0.11914099752902985 -0.02297700010240078
v 0.16210900247097015 -0.11914099752902985 -0.02297700010240078
v -0.265625 -0.1132809966802597 -0.02297700010240078
v 0.265625 -0.1132809966802597 -0.02297700010240078
v -0.1679690033197403 -0.09570299834012985 -0.02297700010240078
v 0.1679690033197403 -0.09570299834012985 -0.02297700010240078
v -0.2695310115814209 -0.07617200165987015 -0.02297700010240078
v 0.2695310115814209 -0.07617200165987015 -0.02297700010240078
v -0.16992199420928955 -0.07226599752902985 -0.02297700010240078
v 0.16992199420928955 -0.07226599752902985 -0.02297700010240078
v -0.1679690033197403 -0.04882799834012985 -0.02297700010240078
v 0.1679690033197403 -0.04882799834012985 -0.02297700010240078
v -0.2695310115814209 -0.037108998745679855 -0.02297700010240078
v 0.2695310115814209 -0.037108998745679855 -0.02297700010240078
v -0.1640619933605194 -0.025390999391674995 -0.02297700010240078
v 0.1640619933605194 -0.025390999391674995 -0.02297700010240078
v -0.15625 -0.0019529999699443579 -0.02297700010240078
v 0.15625 -0.0019529999699443579 -0.02297700010240078
v -0.2617189884185791 -0.0 -0.02297700010240078
v 0.2617189884185791 -0.0 -0.02297700010240078
v -0.14648400247097015 0.019531000405550003 -0.02297700010240078
v 0.14648400247097015 0.019531000405550003 -0.02297700010240078
v -0.25195300579071045 0.03515600040555 -0.02297700010240078
v 0.25195300579071045 0.03515600040555 -0.02297700010240078
v -0.1328119933605194 0.039062000811100006 -0.02297700010240078
v 0.1328119933605194 0.039062000811100006 -0.02297700010240078
v -0.1171879991889 0.056641001254320145 -0.02297700010240078
v 0.1171879991889 0.056641001254320145 -0.02297700010240078
v -0.234375 0.0703120008111 -0.02297700010240078
v 0.234375 0.0703120008111 -0.02297700010240078
v -0.09960900247097015 0.07226599752902985 -0.02297700010240078
v 0.09960900247097015 0.07226599752902985 -0.02297700010240078
v -0.08007799834012985 0.0859379991889 -0.02297700010240078
v 0.08007799834012985 0.0859379991889 -0.02297700010240078
v -0.05859399959445 0.09570299834012985 -0.02297700010240078
v 0.05859399959445 0.09570299834012985 -0.02297700010240078
v -0.2148440033197403 0.1015620008111 -0.02297700010240078
v 0.2148440033197403 0.1015620008111 -0.02297700010240078
v -0.03515600040555 0.10351599752902985 -0.02297700010240078
v 0.03515600040555 0.10351599752902985 -0.02297700010240078
v -0.011718999594449997 0.10742200165987015 -0.02297700010240078
v 0.011718999594449997 0.10742200165987015 -0.02297700010240078
v -0.18945300579071045 0.13085900247097015 -0.02297700010240078
v 0.18945300579071045 0.13085900247097015 -0.02297700010240078
v -0.1601559966802597 0.15625 -0.02297700010240078
v 0.1601559966802597 0.15625 -0.02297700010240078
v -0.1289059966802597 0.1757809966802597 -0.02297700010240078
v 0.1289059966802597 0.1757809966802597 -0.02297700010240078
v -0.09375 0.1914059966802597 -0.02297700010240078
v 0.09375 0.1914059966802597 -0.02297700010240078
v -0.05859399959445 0.203125 -0.02297700010240078
v 0.05859399959445 0.203125 -0.02297700010240078
v -0.05859399959445 0.2070309966802597 -0.02297700010240078
v 0.05859399959445 0.2070309966802597 -0.02297700010240078
v -0.1953119933605194 0.17382800579071045 -0.021484000608325005
v -0.18554699420928955 0.17382800579071045 -0.021484000608325005
v 0.18554699420928955 0.17382800579071045 -0.021484000608325005
v 0.1953119933605194 0.17382800579071045 -0.021484000608325005
v -0.19726599752902985 0.1875 -0.021484000608325005
v -0.18164099752902985 0.1875 -0.021484000608325005
v 0.18164099752902985 0.1875 -0.021484000608325005
v 0.19726599752902985 0.1875 -0.021484000608325005
v -0.19726599752902985 0.32617199420928955 -0.021484000608325005
v -0.18164099752902985 0.32617199420928955 -0.021484000608325005
v 0.18164099752902985 0.32617199420928955 -0.021484000608325005
v 0.19726599752902985 0.32617199420928955 -0.021484000608325005
v -0.7402340173721313 -0.078125 -0.02102299965918064
v 0.7402340173721313 -0.078125 -0.02102299965918064
v -0.8300780057907104 -0.06054700165987015 -0.02102299965918064
v 0.8300780057907104 -0.06054700165987015 -0.02102299965918064
v -0.7050780057907104 0.021484000608325005 -0.02102299965918064
v 0.7050780057907104 0.021484000608325005 -0.02102299965918064
v -0.6992189884185791 0.037108998745679855 -0.02102299965918064
v 0.6992189884185791 0.037108998745679855 -0.02102299965918064
v -0.7929689884185791 0.0664059966802597 -0.02102299965918064
v 0.7929689884185791 0.0664059966802597 -0.02102299965918064
v -0.6796879768371582 0.08789099752902985 -0.02102299965918064
v 0.6796879768371582 0.08789099752902985 -0.02102299965918064
v -0.7753909826278687 0.1210940033197403 -0.02102299965918064
v 0.7753909826278687 0.1210940033197403 -0.02102299965918064
v -0.6210939884185791 0.1875 -0.02102299965918064
v 0.6210939884185791 0.1875 -0.02102299965918064
v -0.6171879768371582 0.1953119933605194 -0.02102299965918064
v 0.6171879768371582 0.1953119933605194 -0.02102299965918064
v -0.7109379768371582 0.23632800579071045 -0.02102299965918064
v 0.7109379768371582 0.23632800579071045 -0.02102299965918064
v -0.5898439884185791 0.2382809966802597 -0.02102299965918064
v 0.5898439884185791 0.2382809966802597 -0.02102299965918064
v -0.6542969942092896 0.3125 -0.02102299965918064
v 0.6542969942092896 0.3125 -0.02102299965918064
v -0.5078120231628418 0.32226601243019104 -0.02102299965918064
v 0.5078120231628418 0.32226601243019104 -0.02102299965918064
v -0.47070300579071045 0.35742199420928955 -0.02102299965918064
v 0.47070300579071045 0.35742199420928955 -0.02102299965918064
v -0.5742189884185791 0.40625 -0.02102299965918064
v 0.5742189884185791 0.40625 -0.02102299965918064
v -0.3710939884185791 0.41992199420928955 -0.02102299965918064
v 0.3710939884185791 0.41992199420928955 -0.02102299965918064
v -0.5273439884185791 0.4414060115814209 -0.02102299965918064
v 0.5273439884185791 0.4414060115814209 -0.02102299965918064
v -0.4101560115814209 0.5117189884185791 -0.02102299965918064
v 0.4101560115814209 0.5117189884185791 -0.02102299965918064
v -0.19726599752902985 0.17773400247097015 -0.017578000202775
v -0.18164099752902985 0.17773400247097015 -0.017578000202775
v 0.18164099752902985 0.17773400247097015 -0.017578000202775
v 0.19726599752902985 0.17773400247097015 -0.017578000202775
v -0.1953119933605194 0.18945300579071045 -0.015625
v -0.18554699420928955 0.18945300579071045 -0.015625
v 0.18554699420928955 0.18945300579071045 -0.015625
v 0.1953119933605194 0.18945300579071045 -0.015625
v -0.1953119933605194 0.32617199420928955 -0.015625
v -0.18554699420928955 0.32617199420928955 -0.015625
v 0.18554699420928955 0.32617199420928955 -0.015625
v 0.1953119933605194 0.32617199420928955 -0.015625
v -0.1914059966802597 0.14257800579071045 -0.015163999982178211
v 0.1914059966802597 0.14257800579071045 -0.015163999982178211
v -0.1914059966802597 0.1640619933605194 -0.013671999797224998
v 0.1914059966802597 0.1640619933605194 -0.013671999797224998
v -0.1953119933605194 0.18164099752902985 -0.013671999797224998
v -0.18554699420928955 0.18164099752902985 -0.013671999797224998
v 0.18554699420928955 0.18164099752902985 -0.013671999797224998
v 0.1953119933605194 0.18164099752902985 -0.013671999797224998
v -0.1914059966802597 0.18945300579071045 -0.013671999797224998
v 0.1914059966802597 0.18945300579071045 -0.013671999797224998
v -0.1914059966802597 0.32617199420928955 -0.013671999797224998
v 0.1914059966802597 0.32617199420928955 -0.013671999797224998
v -0.1953119933605194 0.13476599752902985 -0.01321099977940321
v 0.1953119933605194 0.13476599752902985 -0.01321099977940321
v -0.1679690033197403 0.15820300579071045 -0.01321099977940321
v 0.1679690033197403 0.15820300579071045 -0.01321099977940321
v -0.1953119933605194 0.16601599752902985 -0.011718999594449997
v -0.18554699420928955 0.16601599752902985 -0.011718999594449997
v 0.18554699420928955 0.16601599752902985 -0.011718999594449997
v 0.1953119933605194 0.16601599752902985 -0.011718999594449997
v -0.1914059966802597 0.1835940033197403 -0.011718999594449997
v 0.1914059966802597 0.1835940033197403 -0.011718999594449997
v -0.20117199420928955 0.1445309966802597 -0.011257999576628208
v 0.20117199420928955 0.1445309966802597 -0.011257999576628208
v -0.20898400247097015 0.15039099752902985 -0.011257999576628208
v 0.20898400247097015 0.15039099752902985 -0.011257999576628208
v -0.21289099752902985 0.15625 -0.011257999576628208
v 0.21289099752902985 0.15625 -0.011257999576628208
v -0.15820300579071045 0.16210900247097015 -0.011257999576628208
v 0.15820300579071045 0.16210900247097015 -0.011257999576628208
v -0.21289099752902985 0.1640619933605194 -0.011257999576628208
v 0.21289099752902985 0.1640619933605194 -0.011257999576628208
v -0.20898400247097015 0.171875 -0.011257999576628208
v 0.20898400247097015 0.171875 -0.011257999576628208
v -0.20117199420928955 0.17773400247097015 -0.011257999576628208
v 0.20117199420928955 0.17773400247097015 -0.011257999576628208
v -0.1953119933605194 0.1796880066394806 -0.011257999576628208
v 0.1953119933605194 0.1796880066394806 -0.011257999576628208
v -0.19726599752902985 0.171875 -0.00976600032299757
v -0.18164099752902985 0.171875 -0.00976600032299757
v 0.18164099752902985 0.171875 -0.00976600032299757
v 0.19726599752902985 0.171875 -0.00976600032299757
v -0.20507800579071045 0.13867199420928955 -0.009305000305175781
v 0.20507800579071045 0.13867199420928955 -0.009305000305175781
v -0.2148440033197403 0.1445309966802597 -0.009305000305175781
v 0.2148440033197403 0.1445309966802597 -0.009305000305175781
v -0.22070300579071045 0.15429699420928955 -0.009305000305175781
v 0.22070300579071045 0.15429699420928955 -0.009305000305175781
v -0.16992199420928955 0.1640619933605194 -0.009305000305175781
v 0.16992199420928955 0.1640619933605194 -0.009305000305175781
v -0.22070300579071045 0.16601599752902985 -0.009305000305175781
v 0.22070300579071045 0.16601599752902985 -0.009305000305175781
v -0.16210900247097015 0.16992199420928955 -0.009305000305175781
v 0.16210900247097015 0.16992199420928955 -0.009305000305175781
v -0.17382800579071045 0.171875 -0.009305000305175781
v 0.17382800579071045 0.171875 -0.009305000305175781
v -0.1796880066394806 0.1757809966802597 -0.009305000305175781
v 0.1796880066394806 0.1757809966802597 -0.009305000305175781
v -0.2148440033197403 0.17773400247097015 -0.009305000305175781
v -0.1679690033197403 0.17773400247097015 -0.009305000305175781
v 0.1679690033197403 0.17773400247097015 -0.009305000305175781
v 0.2148440033197403 0.17773400247097015 -0.009305000305175781
v -0.18554699420928955 0.1796880066394806 -0.009305000305175781
v 0.18554699420928955 0.1796880066394806 -0.009305000305175781
v -0.1757809966802597 0.1835940033197403 -0.009305000305175781
v 0.1757809966802597 0.1835940033197403 -0.009305000305175781
v -0.2070309966802597 0.18554699420928955 -0.009305000305175781
v 0.2070309966802597 0.18554699420928955 -0.009305000305175781
v -0.1953119933605194 0.1875 -0.009305000305175781
v -0.1835940033197403 0.1875 -0.009305000305175781
v 0.1835940033197403 0.1875 -0.009305000305175781
v 0.1953119933605194 0.1875 -0.009305000305175781
v -0.1953119933605194 0.17773400247097015 -0.0078119998797774315
v -0.18554699420928955 0.17773400247097015 -0.0078119998797774315
v 0.18554699420928955 0.17773400247097015 -0.0078119998797774315
v 0.1953119933605194 0.17773400247097015 -0.0078119998797774315
v -0.1914059966802597 0.1796880066394806 -0.005859000142663717
v 0.1914059966802597 0.1796880066394806 -0.005859000142663717
v -0.1914059966802597 0.16210900247097015 -0.0
v 0.1914059966802597 0.16210900247097015 -0.0
v -0.1953119933605194 0.1640619933605194 -0.0
v -0.18554699420928955 0.1640619933605194 -0.0
v 0.18554699420928955 0.1640619933605194 -0.0
v 0.1953119933605194 0.1640619933605194 -0.0
v -0.19726599752902985 0.16992199420928955 -0.0
v -0.18164099752902985 0.16992199420928955 -0.0
v 0.18164099752902985 0.16992199420928955 -0.0
v 0.19726599752902985 0.16992199420928955 -0.0
v -0.1953119933605194 0.1757809966802597 -0.0
v -0.18554699420928955 0.1757809966802597 -0.0
v 0.18554699420928955 0.1757809966802597 -0.0
v 0.1953119933605194 0.1757809966802597 -0.0
v -0.1914059966802597 0.17773400247097015 -0.0
v 0.1914059966802597 0.17773400247097015 -0.0
v 0.023415999487042427 -0.22769199311733246 0.0003239999932702631
v 1.4000000192027073e-05 -0.22732600569725037 0.0003429999924264848
v -0.9179689884185791 -0.7109379768371582 0.00046099998871795833
v -0.6699219942092896 -0.7109379768371582 0.00046099998871795833
v 0.6699219942092896 -0.7109379768371582 0.00046099998871795833
v 0.9179689884185791 -0.7109379768371582 0.00046099998871795833
v -0.9335939884185791 -0.7011719942092896 0.00046099998871795833
v -0.6542969942092896 -0.7011719942092896 0.00046099998871795833
v 0.6542969942092896 -0.7011719942092896 0.00046099998871795833
v 0.9335939884185791 -0.7011719942092896 0.00046099998871795833
v -0.9492189884185791 -0.6777340173721313 0.00046099998871795833
v -0.6386719942092896 -0.6777340173721313 0.00046099998871795833
v 0.6386719942092896 -0.6777340173721313 0.00046099998871795833
v 0.9492189884185791 -0.6777340173721313 0.00046099998871795833
v 0.0 -0.33789101243019104 0.00046099998871795833
v -0.039062000811100006 -0.3359380066394806 0.00046099998871795833
v 0.039062000811100006 -0.3359380066394806 0.00046099998871795833
v -0.07617200165987015 -0.328125 0.00046099998871795833
v 0.07617200165987015 -0.328125 0.00046099998871795833
v -0.11132799834012985 -0.31445300579071045 0.00046099998871795833
v 0.11132799834012985 -0.31445300579071045 0.00046099998871795833
v -0.1445309966802597 -0.296875 0.00046099998871795833
v 0.1445309966802597 -0.296875 0.00046099998871795833
v -0.1757809966802597 -0.27539101243019104 0.00046099998871795833
v 0.1757809966802597 -0.27539101243019104 0.00046099998871795833
v -0.203125 -0.24804699420928955 0.00046099998871795833
v 0.203125 -0.24804699420928955 0.00046099998871795833
v -0.046875 -0.22460900247097015 0.00046099998871795833
v 0.046875 -0.22460900247097015 0.00046099998871795833
v -0.2265619933605194 -0.21875 0.00046099998871795833
v 0.2265619933605194 -0.21875 0.00046099998871795833
v -0.06835900247097015 -0.21679699420928955 0.00046099998871795833
v 0.06835900247097015 -0.21679699420928955 0.00046099998871795833
v -0.08789099752902985 -0.20507800579071045 0.00046099998871795833
v 0.08789099752902985 -0.20507800579071045 0.00046099998871795833
v -0.10742200165987015 -0.1914059966802597 0.00046099998871795833
v 0.10742200165987015 -0.1914059966802597 0.00046099998871795833
v -0.2460940033197403 -0.18554699420928955 0.00046099998871795833
v 0.2460940033197403 -0.18554699420928955 0.00046099998871795833
v -0.12304700165987015 -0.1757809966802597 0.00046099998871795833
v 0.12304700165987015 -0.1757809966802597 0.00046099998871795833
v -0.9492189884185791 -0.17382800579071045 0.00046099998871795833
v -0.6386719942092896 -0.17382800579071045 0.00046099998871795833
v 0.6386719942092896 -0.17382800579071045 0.00046099998871795833
v 0.9492189884185791 -0.17382800579071045 0.00046099998871795833
v -0.9472659826278687 -0.1679690033197403 0.00046099998871795833
v -0.640625 -0.1679690033197403 0.00046099998871795833
v 0.640625 -0.1679690033197403 0.00046099998871795833
v 0.9472659826278687 -0.1679690033197403 0.00046099998871795833
v -0.13867199420928955 -0.15820300579071045 0.00046099998871795833
v 0.13867199420928955 -0.15820300579071045 0.00046099998871795833
v -0.25976601243019104 -0.15039099752902985 0.00046099998871795833
v 0.25976601243019104 -0.15039099752902985 0.00046099998871795833
v -0.9238280057907104 -0.140625 0.00046099998871795833
v -0.6660159826278687 -0.140625 0.00046099998871795833
v 0.6660159826278687 -0.140625 0.00046099998871795833
v 0.9238280057907104 -0.140625 0.00046099998871795833
v -0.1484380066394806 -0.13867199420928955 0.00046099998871795833
v 0.1484380066394806 -0.13867199420928955 0.00046099998871795833
v -0.15820300579071045 -0.1171879991889 0.00046099998871795833
v 0.15820300579071045 -0.1171879991889 0.00046099998871795833
v -0.2695310115814209 -0.1132809966802597 0.00046099998871795833
v 0.2695310115814209 -0.1132809966802597 0.00046099998871795833
v -0.1640619933605194 -0.09570299834012985 0.00046099998871795833
v 0.1640619933605194 -0.09570299834012985 0.00046099998871795833
v -0.2734380066394806 -0.07617200165987015 0.00046099998871795833
v 0.2734380066394806 -0.07617200165987015 0.00046099998871795833
v -0.16601599752902985 -0.07226599752902985 0.00046099998871795833
v 0.16601599752902985 -0.07226599752902985 0.00046099998871795833
v -0.1640619933605194 -0.04882799834012985 0.00046099998871795833
v 0.1640619933605194 -0.04882799834012985 0.00046099998871795833
v -0.2734380066394806 -0.037108998745679855 0.00046099998871795833
v 0.2734380066394806 -0.037108998745679855 0.00046099998871795833
v -0.1601559966802597 -0.025390999391674995 0.00046099998871795833
v 0.1601559966802597 -0.025390999391674995 0.00046099998871795833
v -0.1523440033197403 -0.0039059999398887157 0.00046099998871795833
v 0.1523440033197403 -0.0039059999398887157 0.00046099998871795833
v -0.26757800579071045 0.0 0.00046099998871795833
v 0.26757800579071045 0.0 0.00046099998871795833
v -0.14257800579071045 0.017578000202775 0.00046099998871795833
v 0.14257800579071045 0.017578000202775 0.00046099998871795833
v -0.25585898756980896 0.037108998745679855 0.00046099998871795833
v -0.13085900247097015 0.037108998745679855 0.00046099998871795833
v 0.13085900247097015 0.037108998745679855 0.00046099998871795833
v 0.25585898756980896 0.037108998745679855 0.00046099998871795833
v -0.11523400247097015 0.054687999188899994 0.00046099998871795833
v 0.11523400247097015 0.054687999188899994 0.00046099998871795833
v -0.0976559966802597 0.0703120008111 0.00046099998871795833
v 0.0976559966802597 0.0703120008111 0.00046099998871795833
v -0.2382809966802597 0.07226599752902985 0.00046099998871795833
v 0.2382809966802597 0.07226599752902985 0.00046099998871795833
v -0.078125 0.0820309966802597 0.00046099998871795833
v 0.078125 0.0820309966802597 0.00046099998871795833
v -0.056641001254320145 0.09179700165987015 0.00046099998871795833
v 0.056641001254320145 0.09179700165987015 0.00046099998871795833
v -0.03515600040555 0.09960900247097015 0.00046099998871795833
v 0.03515600040555 0.09960900247097015 0.00046099998871795833
v -0.011718999594449997 0.1015620008111 0.00046099998871795833
v 0.011718999594449997 0.1015620008111 0.00046099998871795833
v -0.21679699420928955 0.1054690033197403 0.00046099998871795833
v 0.21679699420928955 0.1054690033197403 0.00046099998871795833
v -0.6582030057907104 0.125 0.00046099998871795833
v 0.6582030057907104 0.125 0.00046099998871795833
v -0.1953119933605194 0.13085900247097015 0.00046099998871795833
v 0.1953119933605194 0.13085900247097015 0.00046099998871795833
v -0.6425780057907104 0.1328119933605194 0.00046099998871795833
v 0.6425780057907104 0.1328119933605194 0.00046099998871795833
v -0.2070309966802597 0.13476599752902985 0.00046099998871795833
v 0.2070309966802597 0.13476599752902985 0.00046099998871795833
v -0.6601560115814209 0.14257800579071045 0.00046099998871795833
v -0.21679699420928955 0.14257800579071045 0.00046099998871795833
v 0.21679699420928955 0.14257800579071045 0.00046099998871795833
v 0.6601560115814209 0.14257800579071045 0.00046099998871795833
v -0.1914059966802597 0.1484380066394806 0.00046099998871795833
v 0.1914059966802597 0.1484380066394806 0.00046099998871795833
v -0.640625 0.15039099752902985 0.00046099998871795833
v -0.1992190033197403 0.15039099752902985 0.00046099998871795833
v -0.1796880066394806 0.15039099752902985 0.00046099998871795833
v 0.1796880066394806 0.15039099752902985 0.00046099998871795833
v 0.1992190033197403 0.15039099752902985 0.00046099998871795833
v 0.640625 0.15039099752902985 0.00046099998871795833
v -0.203125 0.1523440033197403 0.00046099998871795833
v 0.203125 0.1523440033197403 0.00046099998871795833
v -0.22460900247097015 0.15429699420928955 0.00046099998871795833
v -0.171875 0.15429699420928955 0.00046099998871795833
v 0.171875 0.15429699420928955 0.00046099998871795833
v 0.22460900247097015 0.15429699420928955 0.00046099998871795833
v -0.2070309966802597 0.15820300579071045 0.00046099998871795833
v 0.2070309966802597 0.15820300579071045 0.00046099998871795833
v -0.2070309966802597 0.16210900247097015 0.00046099998871795833
v -0.17382800579071045 0.16210900247097015 0.00046099998871795833
v 0.17382800579071045 0.16210900247097015 0.00046099998871795833
v 0.2070309966802597 0.16210900247097015 0.00046099998871795833
v -0.22460900247097015 0.16601599752902985 0.00046099998871795833
v -0.15429699420928955 0.16601599752902985 0.00046099998871795833
v 0.15429699420928955 0.16601599752902985 0.00046099998871795833
v 0.22460900247097015 0.16601599752902985 0.00046099998871795833
v -0.203125 0.1679690033197403 0.00046099998871795833
v -0.17773400247097015 0.1679690033197403 0.00046099998871795833
v 0.17773400247097015 0.1679690033197403 0.00046099998871795833
v 0.203125 0.1679690033197403 0.00046099998871795833
v -0.1992190033197403 0.171875 0.00046099998871795833
v -0.18164099752902985 0.171875 0.00046099998871795833
v -0.15820300579071045 0.171875 0.00046099998871795833
v 0.15820300579071045 0.171875 0.00046099998871795833
v 0.18164099752902985 0.171875 0.00046099998871795833
v 0.1992190033197403 0.171875 0.00046099998871795833
v -0.19335900247097015 0.17382800579071045 0.00046099998871795833
v -0.1875 0.17382800579071045 0.00046099998871795833
v 0.1875 0.17382800579071045 0.00046099998871795833
v 0.19335900247097015 0.17382800579071045 0.00046099998871795833
v -0.21875 0.1796880066394806 0.00046099998871795833
v -0.13085900247097015 0.1796880066394806 0.00046099998871795833
v 0.13085900247097015 0.1796880066394806 0.00046099998871795833
v 0.21875 0.1796880066394806 0.00046099998871795833
v -0.1640619933605194 0.18164099752902985 0.00046099998871795833
v 0.1640619933605194 0.18164099752902985 0.00046099998871795833
v -0.20898400247097015 0.1875 0.00046099998871795833
v -0.171875 0.1875 0.00046099998871795833
v 0.171875 0.1875 0.00046099998871795833
v 0.20898400247097015 0.1875 0.00046099998871795833
v -0.19726599752902985 0.1914059966802597 0.00046099998871795833
v -0.1835940033197403 0.1914059966802597 0.00046099998871795833
v 0.1835940033197403 0.1914059966802597 0.00046099998871795833
v 0.19726599752902985 0.1914059966802597 0.00046099998871795833
v -0.09570299834012985 0.1953119933605194 0.00046099998871795833
v 0.09570299834012985 0.1953119933605194 0.00046099998871795833
v -0.0625 0.20507800579071045 0.00046099998871795833
v 0.0625 0.20507800579071045 0.00046099998871795833
v -0.5644530057907104 0.26757800579071045 0.00046099998871795833
v 0.5644530057907104 0.26757800579071045 0.00046099998871795833
v -0.546875 0.27539101243019104 0.00046099998871795833
v 0.546875 0.27539101243019104 0.00046099998871795833
v -0.5625 0.2851560115814209 0.00046099998871795833
v 0.5625 0.2851560115814209 0.00046099998871795833
v -0.5410159826278687 0.29101601243019104 0.00046099998871795833
v 0.5410159826278687 0.29101601243019104 0.00046099998871795833
v -0.43945300579071045 0.37695300579071045 0.00046099998871795833
v 0.43945300579071045 0.37695300579071045 0.00046099998871795833
v -0.421875 0.38085898756980896 0.00046099998871795833
v 0.421875 0.38085898756980896 0.00046099998871795833
v -0.43164101243019104 0.3945310115814209 0.00046099998871795833
v 0.43164101243019104 0.3945310115814209 0.00046099998871795833
v -0.41210898756980896 0.39648398756980896 0.00046099998871795833
v 0.41210898756980896 0.39648398756980896 0.00046099998871795833
v -0.023375000804662704 -0.22775599360466003 0.0005879999953322113
v -0.1914059966802597 0.1796880066394806 0.005859000142663717
v 0.1914059966802597 0.1796880066394806 0.005859000142663717
v -0.1953119933605194 0.17773400247097015 0.0078119998797774315
v -0.18554699420928955 0.17773400247097015 0.0078119998797774315
v 0.18554699420928955 0.17773400247097015 0.0078119998797774315
v 0.1953119933605194 0.17773400247097015 0.0078119998797774315
v -0.19726599752902985 0.171875 0.00976600032299757
v -0.18164099752902985 0.171875 0.00976600032299757
v 0.18164099752902985 0.171875 0.00976600032299757
v 0.19726599752902985 0.171875 0.00976600032299757
v -0.20507800579071045 0.13867199420928955 0.010227000340819359
v 0.20507800579071045 0.13867199420928955 0.010227000340819359
v -0.2148440033197403 0.1445309966802597 0.010227000340819359
v 0.2148440033197403 0.1445309966802597 0.010227000340819359
v -0.22070300579071045 0.15429699420928955 0.010227000340819359
v 0.22070300579071045 0.15429699420928955 0.010227000340819359
v -0.16992199420928955 0.1640619933605194 0.010227000340819359
v 0.16992199420928955 0.1640619933605194 0.010227000340819359
v -0.22070300579071045 0.16601599752902985 0.010227000340819359
v 0.22070300579071045 0.16601599752902985 0.010227000340819359
v -0.16210900247097015 0.16992199420928955 0.010227000340819359
v 0.16210900247097015 0.16992199420928955 0.010227000340819359
v -0.17382800579071045 0.171875 0.010227000340819359
v 0.17382800579071045 0.171875 0.010227000340819359
v -0.1796880066394806 0.1757809966802597 0.010227000340819359
v 0.1796880066394806 0.1757809966802597 0.010227000340819359
v -0.2148440033197403 0.17773400247097015 0.010227000340819359
v -0.1679690033197403 0.17773400247097015 0.010227000340819359
v 0.1679690033197403 0.17773400247097015 0.010227000340819359
v 0.2148440033197403 0.17773400247097015 0.010227000340819359
v -0.18554699420928955 0.1796880066394806 0.010227000340819359
v 0.18554699420928955 0.1796880066394806 0.010227000340819359
v -0.1757809966802597 0.1835940033197403 0.010227000340819359
v 0.1757809966802597 0.1835940033197403 0.010227000340819359
v -0.2070309966802597 0.18554699420928955 0.010227000340819359
v 0.2070309966802597 0.18554699420928955 0.010227000340819359
v -0.1953119933605194 0.1875 0.010227000340819359
v -0.1835940033197403 0.1875 0.010227000340819359
v 0.1835940033197403 0.1875 0.010227000340819359
v 0.1953119933605194 0.1875 0.010227000340819359
v -0.1953119933605194 0.16601599752902985 0.011718999594449997
v -0.18554699420928955 0.16601599752902985 0.011718999594449997
v 0.18554699420928955 0.16601599752902985 0.011718999594449997
v 0.1953119933605194 0.16601599752902985 0.011718999594449997
v -0.1914059966802597 0.1835940033197403 0.011718999594449997
v 0.1914059966802597 0.1835940033197403 0.011718999594449997
v -0.20117199420928955 0.1445309966802597 0.012179999612271786
v 0.20117199420928955 0.1445309966802597 0.012179999612271786
v -0.20898400247097015 0.15039099752902985 0.012179999612271786
v 0.20898400247097015 0.15039099752902985 0.012179999612271786
v -0.21289099752902985 0.15625 0.012179999612271786
v 0.21289099752902985 0.15625 0.012179999612271786
v -0.15820300579071045 0.16210900247097015 0.012179999612271786
v 0.15820300579071045 0.16210900247097015 0.012179999612271786
v -0.21289099752902985 0.1640619933605194 0.012179999612271786
v 0.21289099752902985 0.1640619933605194 0.012179999612271786
v -0.20898400247097015 0.171875 0.012179999612271786
v 0.20898400247097015 0.171875 0.012179999612271786
v -0.20117199420928955 0.17773400247097015 0.012179999612271786
v 0.20117199420928955 0.17773400247097015 0.012179999612271786
v -0.1953119933605194 0.1796880066394806 0.012179999612271786
v 0.1953119933605194 0.1796880066394806 0.012179999612271786
v -0.1914059966802597 0.1640619933605194 0.013671999797224998
v 0.1914059966802597 0.1640619933605194 0.013671999797224998
v -0.1953119933605194 0.18164099752902985 0.013671999797224998
v -0.18554699420928955 0.18164099752902985 0.013671999797224998
v 0.18554699420928955 0.18164099752902985 0.013671999797224998
v 0.1953119933605194 0.18164099752902985 0.013671999797224998
v -0.1914059966802597 0.18945300579071045 0.013671999797224998
v 0.1914059966802597 0.18945300579071045 0.013671999797224998
v -0.1914059966802597 0.32617199420928955 0.013671999797224998
v 0.1914059966802597 0.32617199420928955 0.013671999797224998
v -0.1953119933605194 0.13476599752902985 0.014132999815046787
v 0.1953119933605194 0.13476599752902985 0.014132999815046787
v -0.1679690033197403 0.15820300579071045 0.014132999815046787
v 0.1679690033197403 0.15820300579071045 0.014132999815046787
v -0.1953119933605194 0.18945300579071045 0.015625
v -0.18554699420928955 0.18945300579071045 0.015625
v 0.18554699420928955 0.18945300579071045 0.015625
v 0.1953119933605194 0.18945300579071045 0.015625
v -0.1953119933605194 0.32617199420928955 0.015625
v -0.18554699420928955 0.32617199420928955 0.015625
v 0.18554699420928955 0.32617199420928955 0.015625
v 0.1953119933605194 0.32617199420928955 0.015625
v -0.1914059966802597 0.14257800579071045 0.016085999086499214
v 0.1914059966802597 0.14257800579071045 0.016085999086499214
v -0.19726599752902985 0.17773400247097015 0.017578000202775
v -0.18164099752902985 0.17773400247097015 0.017578000202775
v 0.18164099752902985 0.17773400247097015 0.017578000202775
v 0.19726599752902985 0.17773400247097015 0.017578000202775
v -0.1953119933605194 0.17382800579071045 0.021484000608325005
v -0.18554699420928955 0.17382800579071045 0.021484000608325005
v 0.18554699420928955 0.17382800579071045 0.021484000608325005
v 0.1953119933605194 0.17382800579071045 0.021484000608325005
v -0.19726599752902985 0.1875 0.021484000608325005
v -0.18164099752902985 0.1875 0.021484000608325005
v 0.18164099752902985 0.1875 0.021484000608325005
v 0.19726599752902985 0.1875 0.021484000608325005
v -0.19726599752902985 0.32617199420928955 0.021484000608325005
v -0.18164099752902985 0.32617199420928955 0.021484000608325005
v 0.18164099752902985 0.32617199420928955 0.021484000608325005
v 0.19726599752902985 0.32617199420928955 0.021484000608325005
v -0.7402340173721313 -0.078125 0.02194499969482422
v 0.7402340173721313 -0.078125 0.02194499969482422
v -0.8300780057907104 -0.06054700165987015 0.02194499969482422
v 0.8300780057907104 -0.06054700165987015 0.02194499969482422
v -0.7050780057907104 0.021484000608325005 0.02194499969482422
v 0.7050780057907104 0.021484000608325005 0.02194499969482422
v -0.6992189884185791 0.037108998745679855 0.02194499969482422
v 0.6992189884185791 0.037108998745679855 0.02194499969482422
v -0.7929689884185791 0.0664059966802597 0.02194499969482422
v 0.7929689884185791 0.0664059966802597 0.02194499969482422
v -0.6796879768371582 0.08789099752902985 0.02194499969482422
v 0.6796879768371582 0.08789099752902985 0.02194499969482422
v -0.7753909826278687 0.1210940033197403 0.02194499969482422
v 0.7753909826278687 0.1210940033197403 0.02194499969482422
v -0.6210939884185791 0.1875 0.02194499969482422
v 0.6210939884185791 0.1875 0.02194499969482422
v -0.6171879768371582 0.1953119933605194 0.02194499969482422
v 0.6171879768371582 0.1953119933605194 0.02194499969482422
v -0.7109379768371582 0.23632800579071045 0.02194499969482422
v 0.7109379768371582 0.23632800579071045 0.02194499969482422
v -0.5898439884185791 0.2382809966802597 0.02194499969482422
v 0.5898439884185791 0.2382809966802597 0.02194499969482422
v -0.6542969942092896 0.3125 0.02194499969482422
v 0.6542969942092896 0.3125 0.02194499969482422
v -0.5078120231628418 0.32226601243019104 0.02194499969482422
v 0.5078120231628418 0.32226601243019104 0.02194499969482422
v -0.47070300579071045 0.35742199420928955 0.02194499969482422
v 0.47070300579071045 0.35742199420928955 0.02194499969482422
v -0.5742189884185791 0.40625 0.02194499969482422
v 0.5742189884185791 0.40625 0.02194499969482422
v -0.3710939884185791 0.41992199420928955 0.02194499969482422
v 0.3710939884185791 0.41992199420928955 0.02194499969482422
v -0.5273439884185791 0.4414060115814209 0.02194499969482422
v 0.5273439884185791 0.4414060115814209 0.02194499969482422
v -0.4101560115814209 0.5117189884185791 0.02194499969482422
v 0.4101560115814209 0.5117189884185791 0.02194499969482422
v -0.1914059966802597 0.171875 0.023437999188899994
v 0.1914059966802597 0.171875 0.023437999188899994
v 0.0 -0.33398398756980896 0.023899000138044357
v -0.037108998745679855 -0.3320310115814209 0.023899000138044357
v 0.037108998745679855 -0.3320310115814209 0.023899000138044357
v -0.0742190033197403 -0.3242189884185791 0.023899000138044357
v 0.0742190033197403 -0.3242189884185791 0.023899000138044357
v -0.109375 -0.31054699420928955 0.023899000138044357
v 0.109375 -0.31054699420928955 0.023899000138044357
v -0.14257800579071045 -0.2929689884185791 0.023899000138044357
v 0.14257800579071045 -0.2929689884185791 0.023899000138044357
v -0.171875 -0.27148398756980896 0.023899000138044357
v 0.171875 -0.27148398756980896 0.023899000138044357
v -0.1992190033197403 -0.2460940033197403 0.023899000138044357
v 0.1992190033197403 -0.2460940033197403 0.023899000138044357
v 0.023437999188899994 -0.23242199420928955 0.023899000138044357
v -0.046875 -0.22851599752902985 0.023899000138044357
v 0.046875 -0.22851599752902985 0.023899000138044357
v -0.0703120008111 -0.22070300579071045 0.023899000138044357
v 0.0703120008111 -0.22070300579071045 0.023899000138044357
v -0.2226559966802597 -0.21679699420928955 0.023899000138044357
v 0.2226559966802597 -0.21679699420928955 0.023899000138044357
v -0.0898440033197403 -0.20898400247097015 0.023899000138044357
v 0.0898440033197403 -0.20898400247097015 0.023899000138044357
v -0.109375 -0.1953119933605194 0.023899000138044357
v 0.109375 -0.1953119933605194 0.023899000138044357
v -0.2421880066394806 -0.1835940033197403 0.023899000138044357
v 0.2421880066394806 -0.1835940033197403 0.023899000138044357
v -0.12695300579071045 -0.17773400247097015 0.023899000138044357
v 0.12695300579071045 -0.17773400247097015 0.023899000138044357
v -0.140625 -0.1601559966802597 0.023899000138044357
v 0.140625 -0.1601559966802597 0.023899000138044357
v -0.25585898756980896 -0.1484380066394806 0.023899000138044357
v 0.25585898756980896 -0.1484380066394806 0.023899000138044357
v -0.1523440033197403 -0.140625 0.023899000138044357
v 0.1523440033197403 -0.140625 0.023899000138044357
v -0.16210900247097015 -0.11914099752902985 0.023899000138044357
v 0.16210900247097015 -0.11914099752902985 0.023899000138044357
v -0.265625 -0.1132809966802597 0.023899000138044357
v 0.265625 -0.1132809966802597 0.023899000138044357
v -0.1679690033197403 -0.09570299834012985 0.023899000138044357
v 0.1679690033197403 -0.09570299834012985 0.023899000138044357
v -0.2695310115814209 -0.07617200165987015 0.023899000138044357
v 0.2695310115814209 -0.07617200165987015 0.023899000138044357
v -0.16992199420928955 -0.07226599752902985 0.023899000138044357
v 0.16992199420928955 -0.07226599752902985 0.023899000138044357
v -0.1679690033197403 -0.04882799834012985 0.023899000138044357
v 0.1679690033197403 -0.04882799834012985 0.023899000138044357
v -0.2695310115814209 -0.037108998745679855 0.023899000138044357
v 0.2695310115814209 -0.037108998745679855 0.023899000138044357
v -0.1640619933605194 -0.025390999391674995 0.023899000138044357
v 0.1640619933605194 -0.025390999391674995 0.023899000138044357
v -0.15625 -0.0019529999699443579 0.023899000138044357
v 0.15625 -0.0019529999699443579 0.023899000138044357
v -0.2617189884185791 0.0 0.023899000138044357
v 0.2617189884185791 0.0 0.023899000138044357
v -0.14648400247097015 0.019531000405550003 0.023899000138044357
v 0.14648400247097015 0.019531000405550003 0.023899000138044357
v -0.25195300579071045 0.03515600040555 0.023899000138044357
v 0.25195300579071045 0.03515600040555 0.023899000138044357
v -0.1328119933605194 0.039062000811100006 0.023899000138044357
v 0.1328119933605194 0.039062000811100006 0.023899000138044357
v -0.1171879991889 0.056641001254320145 0.023899000138044357
v 0.1171879991889 0.056641001254320145 0.023899000138044357
v -0.234375 0.0703120008111 0.023899000138044357
v 0.234375 0.0703120008111 0.023899000138044357
v -0.09960900247097015 0.07226599752902985 0.023899000138044357
v 0.09960900247097015 0.07226599752902985 0.023899000138044357
v -0.08007799834012985 0.0859379991889 0.023899000138044357
v 0.08007799834012985 0.0859379991889 0.023899000138044357
v -0.05859399959445 0.09570299834012985 0.023899000138044357
v 0.05859399959445 0.09570299834012985 0.023899000138044357
v -0.2148440033197403 0.1015620008111 0.023899000138044357
v 0.2148440033197403 0.1015620008111 0.023899000138044357
v -0.03515600040555 0.10351599752902985 0.023899000138044357
v 0.03515600040555 0.10351599752902985 0.023899000138044357
v -0.011718999594449997 0.10742200165987015 0.023899000138044357
v 0.011718999594449997 0.10742200165987015 0.023899000138044357
v -0.18945300579071045 0.13085900247097015 0.023899000138044357
v 0.18945300579071045 0.13085900247097015 0.023899000138044357
v -0.1601559966802597 0.15625 0.023899000138044357
v 0.1601559966802597 0.15625 0.023899000138044357
v -0.1289059966802597 0.1757809966802597 0.023899000138044357
v 0.1289059966802597 0.1757809966802597 0.023899000138044357
v -0.09375 0.1914059966802597 0.023899000138044357
v 0.09375 0.1914059966802597 0.023899000138044357
v -0.05859399959445 0.203125 0.023899000138044357
v 0.05859399959445 0.203125 0.023899000138044357
v -0.05859399959445 0.2070309966802597 0.023899000138044357
v 0.05859399959445 0.2070309966802597 0.023899000138044357
v 5.0999999075429514e-05 -0.2337609976530075 0.02400200068950653
v -0.023322999477386475 -0.23104800283908844 0.02412799932062626
v -0.18164099752902985 0.140625 0.02585200034081936
v 0.18164099752902985 0.140625 0.02585200034081936
v -0.1953119933605194 0.18554699420928955 0.027343999594449997
v -0.18554699420928955 0.18554699420928955 0.027343999594449997
v 0.18554699420928955 0.18554699420928955 0.027343999594449997
v 0.1953119933605194 0.18554699420928955 0.027343999594449997
v -0.1953119933605194 0.32617199420928955 0.027343999594449997
v -0.18554699420928955 0.32617199420928955 0.027343999594449997
v 0.18554699420928955 0.32617199420928955 0.027343999594449997
v 0.1953119933605194 0.32617199420928955 0.027343999594449997
v -0.1914059966802597 0.18554699420928955 0.029296999797225
v 0.1914059966802597 0.18554699420928955 0.029296999797225
v -0.1914059966802597 0.32617199420928955 0.029296999797225
v 0.1914059966802597 0.32617199420928955 0.029296999797225
v -0.9140620231628418 -0.7109379768371582 0.029758000746369362
v -0.6738280057907104 -0.7109379768371582 0.029758000746369362
v 0.6738280057907104 -0.7109379768371582 0.029758000746369362
v 0.9140620231628418 -0.7109379768371582 0.029758000746369362
v -0.7460939884185791 -0.08789099752902985 0.029758000746369362
v 0.7460939884185791 -0.08789099752902985 0.029758000746369362
v -0.7285159826278687 -0.08007799834012985 0.029758000746369362
v 0.7285159826278687 -0.08007799834012985 0.029758000746369362
v -0.8261719942092896 -0.0703120008111 0.029758000746369362
v 0.8261719942092896 -0.0703120008111 0.029758000746369362
v -0.8378909826278687 -0.056641001254320145 0.029758000746369362
v 0.8378909826278687 -0.056641001254320145 0.029758000746369362
v -0.7089840173721313 0.021484000608325005 0.029758000746369362
v 0.7089840173721313 0.021484000608325005 0.029758000746369362
v -0.6914060115814209 0.029296999797225 0.029758000746369362
v 0.6914060115814209 0.029296999797225 0.029758000746369362
v -0.703125 0.04492200165987015 0.029758000746369362
v 0.703125 0.04492200165987015 0.029758000746369362
v -0.7890620231628418 0.0625 0.029758000746369362
v 0.7890620231628418 0.0625 0.029758000746369362
v -0.8007810115814209 0.07226599752902985 0.029758000746369362
v 0.8007810115814209 0.07226599752902985 0.029758000746369362
v -0.6699219942092896 0.08398400247097015 0.029758000746369362
v 0.6699219942092896 0.08398400247097015 0.029758000746369362
v -0.6875 0.0898440033197403 0.029758000746369362
v 0.6875 0.0898440033197403 0.029758000746369362
v -0.7675780057907104 0.11523400247097015 0.029758000746369362
v 0.7675780057907104 0.11523400247097015 0.029758000746369362
v -0.6894530057907104 0.15820300579071045 0.029758000746369362
v 0.6894530057907104 0.15820300579071045 0.029758000746369362
v -0.6152340173721313 0.1835940033197403 0.029758000746369362
v 0.6152340173721313 0.1835940033197403 0.029758000746369362
v -0.6289060115814209 0.19335900247097015 0.029758000746369362
v -0.6074219942092896 0.19335900247097015 0.029758000746369362
v 0.6074219942092896 0.19335900247097015 0.029758000746369362
v 0.6289060115814209 0.19335900247097015 0.029758000746369362
v -0.625 0.203125 0.029758000746369362
v 0.625 0.203125 0.029758000746369362
v -0.019531000405550003 0.20507800579071045 0.029758000746369362
v 0.019531000405550003 0.20507800579071045 0.029758000746369362
v -0.703125 0.23242199420928955 0.029758000746369362
v -0.5820310115814209 0.23242199420928955 0.029758000746369362
v 0.5820310115814209 0.23242199420928955 0.029758000746369362
v 0.703125 0.23242199420928955 0.029758000746369362
v -0.6933590173721313 0.24414099752902985 0.029758000746369362
v -0.5996090173721313 0.24414099752902985 0.029758000746369362
v 0.5996090173721313 0.24414099752902985 0.029758000746369362
v 0.6933590173721313 0.24414099752902985 0.029758000746369362
v -0.5800780057907104 0.25976601243019104 0.029758000746369362
v 0.5800780057907104 0.25976601243019104 0.029758000746369362
v -0.6523439884185791 0.30273398756980896 0.029758000746369362
v 0.6523439884185791 0.30273398756980896 0.029758000746369362
v -0.5800780057907104 0.30664101243019104 0.029758000746369362
v 0.5800780057907104 0.30664101243019104 0.029758000746369362
v -0.6640620231628418 0.31445300579071045 0.029758000746369362
v 0.6640620231628418 0.31445300579071045 0.029758000746369362
v -0.5 0.31835898756980896 0.029758000746369362
v 0.5 0.31835898756980896 0.029758000746369362
v -0.59375 0.33007800579071045 0.029758000746369362
v -0.5742189884185791 0.33007800579071045 0.029758000746369362
v -0.5136719942092896 0.33007800579071045 0.029758000746369362
v 0.5136719942092896 0.33007800579071045 0.029758000746369362
v 0.5742189884185791 0.33007800579071045 0.029758000746369362
v 0.59375 0.33007800579071045 0.029758000746369362
v -0.4648439884185791 0.3515619933605194 0.029758000746369362
v 0.4648439884185791 0.3515619933605194 0.029758000746369362
v -0.4804689884185791 0.36523398756980896 0.029758000746369362
v 0.4804689884185791 0.36523398756980896 0.029758000746369362
v -0.453125 0.37695300579071045 0.029758000746369362
v 0.453125 0.37695300579071045 0.029758000746369362
v -0.5683590173721313 0.40039101243019104 0.029758000746369362
v 0.5683590173721313 0.40039101243019104 0.029758000746369362
v -0.578125 0.4101560115814209 0.029758000746369362
v 0.578125 0.4101560115814209 0.029758000746369362
v -0.3632810115814209 0.4140619933605194 0.029758000746369362
v 0.3632810115814209 0.4140619933605194 0.029758000746369362
v -0.43554699420928955 0.42382800579071045 0.029758000746369362
v 0.43554699420928955 0.42382800579071045 0.029758000746369362
v -0.375 0.4296880066394806 0.029758000746369362
v 0.375 0.4296880066394806 0.029758000746369362
v -0.5234379768371582 0.4335939884185791 0.029758000746369362
v 0.5234379768371582 0.4335939884185791 0.029758000746369362
v -0.44726601243019104 0.4453119933605194 0.029758000746369362
v 0.44726601243019104 0.4453119933605194 0.029758000746369362
v -0.5371090173721313 0.44726601243019104 0.029758000746369362
v 0.5371090173721313 0.44726601243019104 0.029758000746369362
v -0.40039101243019104 0.5058590173721313 0.029758000746369362
v 0.40039101243019104 0.5058590173721313 0.029758000746369362
v -0.41210898756980896 0.5195310115814209 0.029758000746369362
v 0.41210898756980896 0.5195310115814209 0.029758000746369362
v -0.9199219942092896 -0.140625 0.03171100094914436
v -0.6699219942092896 -0.140625 0.03171100094914436
v 0.6699219942092896 -0.140625 0.03171100094914436
v 0.9199219942092896 -0.140625 0.03171100094914436
v -0.9296879768371582 -0.7011719942092896 0.033663999289274216
v -0.6601560115814209 -0.7011719942092896 0.033663999289274216
v 0.6601560115814209 -0.7011719942092896 0.033663999289274216
v 0.9296879768371582 -0.7011719942092896 0.033663999289274216
v -0.7324219942092896 -0.06054700165987015 0.03515600040555
v 0.7324219942092896 -0.06054700165987015 0.03515600040555
v -0.8222659826278687 -0.037108998745679855 0.03515600040555
v 0.8222659826278687 -0.037108998745679855 0.03515600040555
v -0.7460939884185791 -0.015625 0.03515600040555
v 0.7460939884185791 -0.015625 0.03515600040555
v -0.7773439884185791 -0.0039059999398887157 0.03515600040555
v 0.7773439884185791 -0.0039059999398887157 0.03515600040555
v -0.8085939884185791 0.011718999594449997 0.03515600040555
v 0.8085939884185791 0.011718999594449997 0.03515600040555
v -0.7070310115814209 0.013671999797224998 0.03515600040555
v 0.7070310115814209 0.013671999797224998 0.03515600040555
v -0.796875 0.046875 0.03515600040555
v 0.796875 0.046875 0.03515600040555
v -0.7558590173721313 0.1445309966802597 0.03515600040555
v 0.7558590173721313 0.1445309966802597 0.03515600040555
v -0.703125 0.1679690033197403 0.03515600040555
v 0.703125 0.1679690033197403 0.03515600040555
v -0.7382810115814209 0.19335900247097015 0.03515600040555
v 0.7382810115814209 0.19335900247097015 0.03515600040555
v -0.7128909826278687 0.22460900247097015 0.03515600040555
v 0.7128909826278687 0.22460900247097015 0.03515600040555
v -0.6503909826278687 0.31445300579071045 0.03515600040555
v 0.6503909826278687 0.31445300579071045 0.03515600040555
v -0.59375 0.33007800579071045 0.03515600040555
v 0.59375 0.33007800579071045 0.03515600040555
v -0.6191409826278687 0.35351601243019104 0.03515600040555
v 0.6191409826278687 0.35351601243019104 0.03515600040555
v -0.5859379768371582 0.3828119933605194 0.03515600040555
v 0.5859379768371582 0.3828119933605194 0.03515600040555
v -0.9453120231628418 -0.6777340173721313 0.03756999969482422
v -0.6425780057907104 -0.6777340173721313 0.03756999969482422
v 0.6425780057907104 -0.6777340173721313 0.03756999969482422
v 0.9453120231628418 -0.6777340173721313 0.03756999969482422
v -0.9453120231628418 -0.17382800579071045 0.03756999969482422
v -0.6425780057907104 -0.17382800579071045 0.03756999969482422
v 0.6425780057907104 -0.17382800579071045 0.03756999969482422
v 0.9453120231628418 -0.17382800579071045 0.03756999969482422
v -0.9433590173721313 -0.1679690033197403 0.03756999969482422
v -0.6464840173721313 -0.1679690033197403 0.03756999969482422
v 0.6464840173721313 -0.1679690033197403 0.03756999969482422
v 0.9433590173721313 -0.1679690033197403 0.03756999969482422
v -0.8417969942092896 -0.140625 0.03952300176024437
v -0.7597659826278687 -0.140625 0.03952300176024437
v 0.7597659826278687 -0.140625 0.03952300176024437
v 0.8417969942092896 -0.140625 0.03952300176024437
v -0.7480469942092896 -0.08398400247097015 0.03952300176024437
v 0.7480469942092896 -0.08398400247097015 0.03952300176024437
v -0.8203120231628418 -0.06835900247097015 0.03952300176024437
v 0.8203120231628418 -0.06835900247097015 0.03952300176024437
v -0.7675780057907104 -0.03320299834012985 0.03952300176024437
v 0.7675780057907104 -0.03320299834012985 0.03952300176024437
v -0.7558590173721313 -0.0019529999699443579 0.03952300176024437
v 0.7558590173721313 -0.0019529999699443579 0.03952300176024437
v -0.7128909826278687 0.015625 0.03952300176024437
v 0.7128909826278687 0.015625 0.03952300176024437
v -0.7246090173721313 0.04882799834012985 0.03952300176024437
v 0.7246090173721313 0.04882799834012985 0.03952300176024437
v -0.7890620231628418 0.054687999188899994 0.03952300176024437
v 0.7890620231628418 0.054687999188899994 0.03952300176024437
v -0.7773439884185791 0.0664059966802597 0.03952300176024437
v 0.7773439884185791 0.0664059966802597 0.03952300176024437
v -0.7109379768371582 0.08789099752902985 0.03952300176024437
v 0.7109379768371582 0.08789099752902985 0.03952300176024437
v -0.7636719942092896 0.1132809966802597 0.03952300176024437
v -0.6679689884185791 0.1132809966802597 0.03952300176024437
v 0.6679689884185791 0.1132809966802597 0.03952300176024437
v 0.7636719942092896 0.1132809966802597 0.03952300176024437
v -0.6972659826278687 0.14257800579071045 0.03952300176024437
v 0.6972659826278687 0.14257800579071045 0.03952300176024437
v -0.6757810115814209 0.15429699420928955 0.03952300176024437
v 0.6757810115814209 0.15429699420928955 0.03952300176024437
v -0.703125 0.1679690033197403 0.03952300176024437
v 0.703125 0.1679690033197403 0.03952300176024437
v -0.6386719942092896 0.17382800579071045 0.03952300176024437
v 0.6386719942092896 0.17382800579071045 0.03952300176024437
v -0.6816409826278687 0.1796880066394806 0.03952300176024437
v 0.6816409826278687 0.1796880066394806 0.03952300176024437
v -0.6308590173721313 0.20507800579071045 0.03952300176024437
v 0.6308590173721313 0.20507800579071045 0.03952300176024437
v -0.703125 0.22460900247097015 0.03952300176024437
v 0.703125 0.22460900247097015 0.03952300176024437
v -0.6835939884185791 0.24023400247097015 0.03952300176024437
v 0.6835939884185791 0.24023400247097015 0.03952300176024437
v -0.6054689884185791 0.2460940033197403 0.03952300176024437
v 0.6054689884185791 0.2460940033197403 0.03952300176024437
v -0.5800780057907104 0.25976601243019104 0.03952300176024437
v 0.5800780057907104 0.25976601243019104 0.03952300176024437
v -0.6621090173721313 0.28710898756980896 0.03952300176024437
v 0.6621090173721313 0.28710898756980896 0.03952300176024437
v -0.5996090173721313 0.29882800579071045 0.03952300176024437
v 0.5996090173721313 0.29882800579071045 0.03952300176024437
v -0.5292969942092896 0.31445300579071045 0.03952300176024437
v 0.5292969942092896 0.31445300579071045 0.03952300176024437
v -0.5742189884185791 0.3164060115814209 0.03952300176024437
v 0.5742189884185791 0.3164060115814209 0.03952300176024437
v -0.59375 0.33007800579071045 0.03952300176024437
v 0.59375 0.33007800579071045 0.03952300176024437
v -0.5703120231628418 0.3320310115814209 0.03952300176024437
v 0.5703120231628418 0.3320310115814209 0.03952300176024437
v -0.5175780057907104 0.34375 0.03952300176024437
v 0.5175780057907104 0.34375 0.03952300176024437
v -0.4804689884185791 0.3710939884185791 0.03952300176024437
v 0.4804689884185791 0.3710939884185791 0.03952300176024437
v -0.453125 0.37695300579071045 0.03952300176024437
v 0.453125 0.37695300579071045 0.03952300176024437
v -0.5820310115814209 0.3828119933605194 0.03952300176024437
v 0.5820310115814209 0.3828119933605194 0.03952300176024437
v -0.5585939884185791 0.3984380066394806 0.03952300176024437
v 0.5585939884185791 0.3984380066394806 0.03952300176024437
v -0.39257800579071045 0.41601601243019104 0.03952300176024437
v 0.39257800579071045 0.41601601243019104 0.03952300176024437
v -0.4570310115814209 0.421875 0.03952300176024437
v -0.4296880066394806 0.421875 0.03952300176024437
v 0.4296880066394806 0.421875 0.03952300176024437
v 0.4570310115814209 0.421875 0.03952300176024437
v -0.5234379768371582 0.4257810115814209 0.03952300176024437
v 0.5234379768371582 0.4257810115814209 0.03952300176024437
v -0.375 0.43945300579071045 0.03952300176024437
v 0.375 0.43945300579071045 0.03952300176024437
v -0.42382800579071045 0.4414060115814209 0.03952300176024437
v 0.42382800579071045 0.4414060115814209 0.03952300176024437
v -0.44726601243019104 0.4453119933605194 0.03952300176024437
v 0.44726601243019104 0.4453119933605194 0.03952300176024437
v -0.33398398756980896 0.45117199420928955 0.03952300176024437
v 0.33398398756980896 0.45117199420928955 0.03952300176024437
v -0.40039101243019104 0.49414101243019104 0.03952300176024437
v 0.40039101243019104 0.49414101243019104 0.03952300176024437
v -0.41992199420928955 0.4960939884185791 0.03952300176024437
v 0.41992199420928955 0.4960939884185791 0.03952300176024437
v -0.33398398756980896 0.5332030057907104 0.03952300176024437
v 0.33398398756980896 0.5332030057907104 0.03952300176024437
v 0.0 -0.2460940033197403 0.04147699847817421
v -0.025390999391674995 -0.24414099752902985 0.04147699847817421
v 0.025390999391674995 -0.24414099752902985 0.04147699847817421
v -0.05078100040555 -0.2382809966802597 0.04147699847817421
v 0.05078100040555 -0.2382809966802597 0.04147699847817421
v -0.0742190033197403 -0.2304690033197403 0.04147699847817421
v 0.0742190033197403 -0.2304690033197403 0.04147699847817421
v -0.09570299834012985 -0.21875 0.04147699847817421
v 0.09570299834012985 -0.21875 0.04147699847817421
v -0.1171879991889 -0.203125 0.04147699847817421
v 0.1171879991889 -0.203125 0.04147699847817421
v -0.13476599752902985 -0.18554699420928955 0.04147699847817421
v 0.13476599752902985 -0.18554699420928955 0.04147699847817421
v -0.15039099752902985 -0.16601599752902985 0.04147699847817421
v 0.15039099752902985 -0.16601599752902985 0.04147699847817421
v -0.16210900247097015 -0.1445309966802597 0.04147699847817421
v 0.16210900247097015 -0.1445309966802597 0.04147699847817421
v -0.171875 -0.12304700165987015 0.04147699847817421
v 0.171875 -0.12304700165987015 0.04147699847817421
v -0.17773400247097015 -0.0976559966802597 0.04147699847817421
v 0.17773400247097015 -0.0976559966802597 0.04147699847817421
v -0.18164099752902985 -0.07226599752902985 0.04147699847817421
v 0.18164099752902985 -0.07226599752902985 0.04147699847817421
v -0.1796880066394806 -0.046875 0.04147699847817421
v 0.1796880066394806 -0.046875 0.04147699847817421
v -0.1757809966802597 -0.021484000608325005 0.04147699847817421
v 0.1757809966802597 -0.021484000608325005 0.04147699847817421
v -0.1679690033197403 0.0019529999699443579 0.04147699847817421
v 0.1679690033197403 0.0019529999699443579 0.04147699847817421
v -0.15625 0.025390999391674995 0.04147699847817421
v 0.15625 0.025390999391674995 0.04147699847817421
v -0.14257800579071045 0.046875 0.04147699847817421
v 0.14257800579071045 0.046875 0.04147699847817421
v -0.12695300579071045 0.0664059966802597 0.04147699847817421
v 0.12695300579071045 0.0664059966802597 0.04147699847817421
v -0.10742200165987015 0.0820309966802597 0.04147699847817421
v 0.10742200165987015 0.0820309966802597 0.04147699847817421
v -0.0859379991889 0.09570299834012985 0.04147699847817421
v 0.0859379991889 0.09570299834012985 0.04147699847817421
v -0.0625 0.10742200165987015 0.04147699847817421
v 0.0625 0.10742200165987015 0.04147699847817421
v -0.037108998745679855 0.11523400247097015 0.04147699847817421
v 0.037108998745679855 0.11523400247097015 0.04147699847817421
v -0.011718999594449997 0.1171879991889 0.04147699847817421
v 0.011718999594449997 0.1171879991889 0.04147699847817421
v 0.0 -0.32226601243019104 0.04343000054359436
v -0.037108998745679855 -0.3203119933605194 0.04343000054359436
v 0.037108998745679855 -0.3203119933605194 0.04343000054359436
v -0.0703120008111 -0.3125 0.04343000054359436
v 0.0703120008111 -0.3125 0.04343000054359436
v -0.10351599752902985 -0.3007810115814209 0.04343000054359436
v 0.10351599752902985 -0.3007810115814209 0.04343000054359436
v -0.1367190033197403 -0.28320300579071045 0.04343000054359436
v 0.1367190033197403 -0.28320300579071045 0.04343000054359436
v -0.16601599752902985 -0.26367199420928955 0.04343000054359436
v 0.16601599752902985 -0.26367199420928955 0.04343000054359436
v -0.1914059966802597 -0.2382809966802597 0.04343000054359436
v 0.1914059966802597 -0.2382809966802597 0.04343000054359436
v -0.21289099752902985 -0.2109380066394806 0.04343000054359436
v 0.21289099752902985 -0.2109380066394806 0.04343000054359436
v -0.2304690033197403 -0.1796880066394806 0.04343000054359436
v 0.2304690033197403 -0.1796880066394806 0.04343000054359436
v -0.24414099752902985 -0.14648400247097015 0.04343000054359436
v 0.24414099752902985 -0.14648400247097015 0.04343000054359436
v -0.2539060115814209 -0.11132799834012985 0.04343000054359436
v 0.2539060115814209 -0.11132799834012985 0.04343000054359436
v -0.2578119933605194 -0.0742190033197403 0.04343000054359436
v 0.2578119933605194 -0.0742190033197403 0.04343000054359436
v -0.2578119933605194 -0.039062000811100006 0.04343000054359436
v 0.2578119933605194 -0.039062000811100006 0.04343000054359436
v -0.25195300579071045 -0.0039059999398887157 0.04343000054359436
v 0.25195300579071045 -0.0039059999398887157 0.04343000054359436
v -0.24023400247097015 0.03125 0.04343000054359436
v 0.24023400247097015 0.03125 0.04343000054359436
v -0.22460900247097015 0.06445299834012985 0.04343000054359436
v 0.22460900247097015 0.06445299834012985 0.04343000054359436
v -0.20507800579071045 0.09570299834012985 0.04343000054359436
v 0.20507800579071045 0.09570299834012985 0.04343000054359436
v -0.18164099752902985 0.12304700165987015 0.04343000054359436
v 0.18164099752902985 0.12304700165987015 0.04343000054359436
v -0.15429699420928955 0.14648400247097015 0.04343000054359436
v 0.15429699420928955 0.14648400247097015 0.04343000054359436
v -0.12304700165987015 0.16601599752902985 0.04343000054359436
v 0.12304700165987015 0.16601599752902985 0.04343000054359436
v -0.0898440033197403 0.1796880066394806 0.04343000054359436
v 0.0898440033197403 0.1796880066394806 0.04343000054359436
v -0.054687999188899994 0.1914059966802597 0.04343000054359436
v 0.054687999188899994 0.1914059966802597 0.04343000054359436
v -0.019531000405550003 0.19726599752902985 0.04343000054359436
v 0.019531000405550003 0.19726599752902985 0.04343000054359436
v -0.7246090173721313 -0.08789099752902985 0.04538299888372421
v 0.7246090173721313 -0.08789099752902985 0.04538299888372421
v -0.84375 -0.056641001254320145 0.04538299888372421
v 0.84375 -0.056641001254320145 0.04538299888372421
v -0.6835939884185791 0.03515600040555 0.04538299888372421
v 0.6835939884185791 0.03515600040555 0.04538299888372421
v -0.8027340173721313 0.07617200165987015 0.04538299888372421
v 0.8027340173721313 0.07617200165987015 0.04538299888372421
v -0.6660159826278687 0.08398400247097015 0.04538299888372421
v 0.6660159826278687 0.08398400247097015 0.04538299888372421
v -0.7832030057907104 0.125 0.04538299888372421
v 0.7832030057907104 0.125 0.04538299888372421
v -0.6074219942092896 0.18945300579071045 0.04538299888372421
v 0.6074219942092896 0.18945300579071045 0.04538299888372421
v -0.7167969942092896 0.25 0.04538299888372421
v 0.7167969942092896 0.25 0.04538299888372421
v -0.671875 0.3125 0.04538299888372421
v 0.671875 0.3125 0.04538299888372421
v -0.578125 0.41601601243019104 0.04538299888372421
v 0.578125 0.41601601243019104 0.04538299888372421
v -0.7324219942092896 -0.06054700165987015 0.046875
v 0.7324219942092896 -0.06054700165987015 0.046875
v -0.8222659826278687 -0.037108998745679855 0.046875
v 0.8222659826278687 -0.037108998745679855 0.046875
v -0.7460939884185791 -0.015625 0.046875
v 0.7460939884185791 -0.015625 0.046875
v -0.7773439884185791 -0.0039059999398887157 0.046875
v 0.7773439884185791 -0.0039059999398887157 0.046875
v -0.8085939884185791 0.011718999594449997 0.046875
v 0.8085939884185791 0.011718999594449997 0.046875
v -0.7070310115814209 0.013671999797224998 0.046875
v 0.7070310115814209 0.013671999797224998 0.046875
v -0.796875 0.046875 0.046875
v 0.796875 0.046875 0.046875
v -0.7558590173721313 0.1445309966802597 0.046875
v 0.7558590173721313 0.1445309966802597 0.046875
v -0.703125 0.1679690033197403 0.046875
v 0.703125 0.1679690033197403 0.046875
v -0.7382810115814209 0.19335900247097015 0.046875
v 0.7382810115814209 0.19335900247097015 0.046875
v -0.7128909826278687 0.22460900247097015 0.046875
v 0.7128909826278687 0.22460900247097015 0.046875
v -0.6503909826278687 0.31445300579071045 0.046875
v 0.6503909826278687 0.31445300579071045 0.046875
v -0.59375 0.33007800579071045 0.046875
v 0.59375 0.33007800579071045 0.046875
v -0.6191409826278687 0.35351601243019104 0.046875
v 0.6191409826278687 0.35351601243019104 0.046875
v -0.5859379768371582 0.3828119933605194 0.046875
v 0.5859379768371582 0.3828119933605194 0.046875
v -0.7539060115814209 0.0078119998797774315 0.04733600094914436
v 0.7539060115814209 0.0078119998797774315 0.04733600094914436
v -0.7070310115814209 0.04492200165987015 0.04733600094914436
v 0.7070310115814209 0.04492200165987015 0.04733600094914436
v -0.7773439884185791 0.0664059966802597 0.04733600094914436
v 0.7773439884185791 0.0664059966802597 0.04733600094914436
v -0.6914060115814209 0.09375 0.04733600094914436
v 0.6914060115814209 0.09375 0.04733600094914436
v -0.7324219942092896 -0.06054700165987015 0.052733998745679855
v 0.7324219942092896 -0.06054700165987015 0.052733998745679855
v -0.8222659826278687 -0.037108998745679855 0.052733998745679855
v 0.8222659826278687 -0.037108998745679855 0.052733998745679855
v -0.7460939884185791 -0.015625 0.052733998745679855
v 0.7460939884185791 -0.015625 0.052733998745679855
v -0.7773439884185791 -0.0039059999398887157 0.052733998745679855
v 0.7773439884185791 -0.0039059999398887157 0.052733998745679855
v -0.8085939884185791 0.011718999594449997 0.052733998745679855
v 0.8085939884185791 0.011718999594449997 0.052733998745679855
v -0.7070310115814209 0.013671999797224998 0.052733998745679855
v 0.7070310115814209 0.013671999797224998 0.052733998745679855
v -0.796875 0.046875 0.052733998745679855
v 0.796875 0.046875 0.052733998745679855
v -0.7558590173721313 0.1445309966802597 0.052733998745679855
v 0.7558590173721313 0.1445309966802597 0.052733998745679855
v -0.703125 0.1679690033197403 0.052733998745679855
v 0.703125 0.1679690033197403 0.052733998745679855
v -0.7382810115814209 0.19335900247097015 0.052733998745679855
v 0.7382810115814209 0.19335900247097015 0.052733998745679855
v -0.7128909826278687 0.22460900247097015 0.052733998745679855
v 0.7128909826278687 0.22460900247097015 0.052733998745679855
v -0.6503909826278687 0.31445300579071045 0.052733998745679855
v 0.6503909826278687 0.31445300579071045 0.052733998745679855
v -0.59375 0.33007800579071045 0.052733998745679855
v 0.59375 0.33007800579071045 0.052733998745679855
v -0.6191409826278687 0.35351601243019104 0.052733998745679855
v 0.6191409826278687 0.35351601243019104 0.052733998745679855
v -0.5859379768371582 0.3828119933605194 0.052733998745679855
v 0.5859379768371582 0.3828119933605194 0.052733998745679855
v -0.7539060115814209 0.0078119998797774315 0.05319499969482422
v 0.7539060115814209 0.0078119998797774315 0.05319499969482422
v -0.7070310115814209 0.04492200165987015 0.05319499969482422
v 0.7070310115814209 0.04492200165987015 0.05319499969482422
v -0.7773439884185791 0.0664059966802597 0.05319499969482422
v 0.7773439884185791 0.0664059966802597 0.05319499969482422
v -0.6679689884185791 0.1132809966802597 0.05319499969482422
v 0.6679689884185791 0.1132809966802597 0.05319499969482422
v -0.6757810115814209 0.15429699420928955 0.05319499969482422
v 0.6757810115814209 0.15429699420928955 0.05319499969482422
v -0.6386719942092896 0.17382800579071045 0.05319499969482422
v 0.6386719942092896 0.17382800579071045 0.05319499969482422
v 0.0 -0.2617189884185791 0.05514900013804436
v -0.027343999594449997 -0.25976601243019104 0.05514900013804436
v 0.027343999594449997 -0.25976601243019104 0.05514900013804436
v -0.054687999188899994 -0.2539060115814209 0.05514900013804436
v 0.054687999188899994 -0.2539060115814209 0.05514900013804436
v -0.08007799834012985 -0.2460940033197403 0.05514900013804436
v 0.08007799834012985 -0.2460940033197403 0.05514900013804436
v -0.1054690033197403 -0.23242199420928955 0.05514900013804436
v 0.1054690033197403 -0.23242199420928955 0.05514900013804436
v -0.12695300579071045 -0.21679699420928955 0.05514900013804436
v 0.12695300579071045 -0.21679699420928955 0.05514900013804436
v -0.14648400247097015 -0.19726599752902985 0.05514900013804436
v 0.14648400247097015 -0.19726599752902985 0.05514900013804436
v -0.1640619933605194 -0.1757809966802597 0.05514900013804436
v 0.1640619933605194 -0.1757809966802597 0.05514900013804436
v -0.17773400247097015 -0.1523440033197403 0.05514900013804436
v 0.17773400247097015 -0.1523440033197403 0.05514900013804436
v -0.1875 -0.12695300579071045 0.05514900013804436
v 0.1875 -0.12695300579071045 0.05514900013804436
v -0.1953119933605194 -0.1015620008111 0.05514900013804436
v 0.1953119933605194 -0.1015620008111 0.05514900013804436
v -0.19726599752902985 -0.0742190033197403 0.05514900013804436
v 0.19726599752902985 -0.0742190033197403 0.05514900013804436
v -0.19726599752902985 -0.04492200165987015 0.05514900013804436
v 0.19726599752902985 -0.04492200165987015 0.05514900013804436
v -0.1914059966802597 -0.017578000202775 0.05514900013804436
v 0.1914059966802597 -0.017578000202775 0.05514900013804436
v -0.1835940033197403 0.0078119998797774315 0.05514900013804436
v 0.1835940033197403 0.0078119998797774315 0.05514900013804436
v -0.171875 0.03320299834012985 0.05514900013804436
v 0.171875 0.03320299834012985 0.05514900013804436
v -0.15625 0.056641001254320145 0.05514900013804436
v 0.15625 0.056641001254320145 0.05514900013804436
v -0.13867199420928955 0.078125 0.05514900013804436
v 0.13867199420928955 0.078125 0.05514900013804436
v -0.1171879991889 0.09570299834012985 0.05514900013804436
v 0.1171879991889 0.09570299834012985 0.05514900013804436
v -0.09375 0.11132799834012985 0.05514900013804436
v 0.09375 0.11132799834012985 0.05514900013804436
v -0.06835900247097015 0.12304700165987015 0.05514900013804436
v 0.06835900247097015 0.12304700165987015 0.05514900013804436
v -0.041016001254320145 0.13085900247097015 0.05514900013804436
v 0.041016001254320145 0.13085900247097015 0.05514900013804436
v -0.013671999797224998 0.13476599752902985 0.05514900013804436
v 0.013671999797224998 0.13476599752902985 0.05514900013804436
v -0.6855469942092896 -0.7109379768371582 0.05710199847817421
v 0.6855469942092896 -0.7109379768371582 0.05710199847817421
v 0.0 -0.3046880066394806 0.05710199847817421
v -0.03320299834012985 -0.30273398756980896 0.05710199847817421
v 0.03320299834012985 -0.30273398756980896 0.05710199847817421
v -0.0664059966802597 -0.29492199420928955 0.05710199847817421
v 0.0664059966802597 -0.29492199420928955 0.05710199847817421
v -0.0976559966802597 -0.28320300579071045 0.05710199847817421
v 0.0976559966802597 -0.28320300579071045 0.05710199847817421
v -0.12695300579071045 -0.26757800579071045 0.05710199847817421
v 0.12695300579071045 -0.26757800579071045 0.05710199847817421
v -0.15429699420928955 -0.25 0.05710199847817421
v 0.15429699420928955 -0.25 0.05710199847817421
v -0.17773400247097015 -0.2265619933605194 0.05710199847817421
v 0.17773400247097015 -0.2265619933605194 0.05710199847817421
v -0.19726599752902985 -0.20117199420928955 0.05710199847817421
v 0.19726599752902985 -0.20117199420928955 0.05710199847817421
v -0.2148440033197403 -0.171875 0.05710199847817421
v 0.2148440033197403 -0.171875 0.05710199847817421
v -0.22851599752902985 -0.140625 0.05710199847817421
v 0.22851599752902985 -0.140625 0.05710199847817421
v -0.23632800579071045 -0.10742200165987015 0.05710199847817421
v 0.23632800579071045 -0.10742200165987015 0.05710199847817421
v -0.24023400247097015 -0.0742190033197403 0.05710199847817421
v 0.24023400247097015 -0.0742190033197403 0.05710199847817421
v -0.24023400247097015 -0.041016001254320145 0.05710199847817421
v 0.24023400247097015 -0.041016001254320145 0.05710199847817421
v -0.234375 -0.0078119998797774315 0.05710199847817421
v 0.234375 -0.0078119998797774315 0.05710199847817421
v -0.2226559966802597 0.025390999391674995 0.05710199847817421
v 0.2226559966802597 0.025390999391674995 0.05710199847817421
v -0.20898400247097015 0.054687999188899994 0.05710199847817421
v 0.20898400247097015 0.054687999188899994 0.05710199847817421
v -0.18945300579071045 0.08398400247097015 0.05710199847817421
v 0.18945300579071045 0.08398400247097015 0.05710199847817421
v -0.1679690033197403 0.109375 0.05710199847817421
v 0.1679690033197403 0.109375 0.05710199847817421
v -0.14257800579071045 0.13085900247097015 0.05710199847817421
v 0.14257800579071045 0.13085900247097015 0.05710199847817421
v -0.11523400247097015 0.1484380066394806 0.05710199847817421
v 0.11523400247097015 0.1484380066394806 0.05710199847817421
v -0.08398400247097015 0.16210900247097015 0.05710199847817421
v 0.08398400247097015 0.16210900247097015 0.05710199847817421
v -0.05078100040555 0.171875 0.05710199847817421
v 0.05078100040555 0.171875 0.05710199847817421
v -0.017578000202775 0.17773400247097015 0.05710199847817421
v 0.017578000202775 0.17773400247097015 0.05710199847817421
v 0.35351601243019104 0.4492189884185791 0.05764099955558777
v 0.3476560115814209 0.45117199420928955 0.05764099955558777
v 0.359375 0.45117199420928955 0.05764099955558777
v 0.34570300579071045 0.4570310115814209 0.05764099955558777
v 0.36132800579071045 0.4570310115814209 0.05764099955558777
v 0.3476560115814209 0.46289101243019104 0.05764099955558777
v 0.359375 0.46289101243019104 0.05764099955558777
v 0.35351601243019104 0.4648439884185791 0.05764099955558777
v 0.7753909826278687 0.0898440033197403 0.057670000940561295
v 0.7695310115814209 0.09179700165987015 0.057670000940561295
v 0.78125 0.09179700165987015 0.057670000940561295
v 0.7675780057907104 0.0976559966802597 0.057670000940561295
v 0.7832030057907104 0.0976559966802597 0.057670000940561295
v 0.7695310115814209 0.10351599752902985 0.057670000940561295
v 0.78125 0.10351599752902985 0.057670000940561295
v 0.7753909826278687 0.1054690033197403 0.057670000940561295
v -0.35351601243019104 0.4492189884185791 0.057677000761032104
v -0.359375 0.45117199420928955 0.057677000761032104
v -0.3476560115814209 0.45117199420928955 0.057677000761032104
v -0.36132800579071045 0.4570310115814209 0.057677000761032104
v -0.34570300579071045 0.4570310115814209 0.057677000761032104
v -0.359375 0.46289101243019104 0.057677000761032104
v -0.3476560115814209 0.46289101243019104 0.057677000761032104
v -0.35351601243019104 0.4648439884185791 0.057677000761032104
v -0.7519530057907104 -0.1171879991889 0.057774998247623444
v -0.7578120231628418 -0.11523400247097015 0.057774998247623444
v -0.7460939884185791 -0.11523400247097015 0.057774998247623444
v -0.7597659826278687 -0.109375 0.057774998247623444
v -0.7441409826278687 -0.109375 0.057774998247623444
v -0.7578120231628418 -0.10351599752902985 0.057774998247623444
v -0.7460939884185791 -0.10351599752902985 0.057774998247623444
v -0.7519530057907104 -0.1015620008111 0.057774998247623444
v 0.7519530057907104 -0.1171879991889 0.057948999106884
v 0.7460939884185791 -0.11523400247097015 0.057948999106884
v 0.7578120231628418 -0.11523400247097015 0.057948999106884
v 0.7441409826278687 -0.109375 0.057948999106884
v 0.7597659826278687 -0.109375 0.057948999106884
v 0.7460939884185791 -0.10351599752902985 0.057948999106884
v 0.7578120231628418 -0.10351599752902985 0.057948999106884
v 0.7519530057907104 -0.1015620008111 0.057948999106884
v -0.7753909826278687 0.0898440033197403 0.057996999472379684
v -0.78125 0.09179700165987015 0.057996999472379684
v -0.7695310115814209 0.09179700165987015 0.057996999472379684
v -0.7832030057907104 0.0976559966802597 0.057996999472379684
v -0.7675780057907104 0.0976559966802597 0.057996999472379684
v -0.78125 0.10351599752902985 0.057996999472379684
v -0.7695310115814209 0.10351599752902985 0.057996999472379684
v -0.7753909826278687 0.1054690033197403 0.057996999472379684
v -0.8320310115814209 -0.09570299834012985 0.05859399959445
v 0.8320310115814209 -0.09570299834012985 0.05859399959445
v -0.8378909826278687 -0.09375 0.05859399959445
v -0.8261719942092896 -0.09375 0.05859399959445
v 0.8261719942092896 -0.09375 0.05859399959445
v 0.8378909826278687 -0.09375 0.05859399959445
v -0.8398439884185791 -0.08789099752902985 0.05859399959445
v -0.8242189884185791 -0.08789099752902985 0.05859399959445
v 0.8242189884185791 -0.08789099752902985 0.05859399959445
v 0.8398439884185791 -0.08789099752902985 0.05859399959445
v -0.8378909826278687 -0.08398400247097015 0.05859399959445
v -0.8261719942092896 -0.08398400247097015 0.05859399959445
v 0.8261719942092896 -0.08398400247097015 0.05859399959445
v 0.8378909826278687 -0.08398400247097015 0.05859399959445
v -0.8320310115814209 -0.0820309966802597 0.05859399959445
v 0.8320310115814209 -0.0820309966802597 0.05859399959445
v -0.6972659826278687 0.06445299834012985 0.05859399959445
v 0.6972659826278687 0.06445299834012985 0.05859399959445
v -0.703125 0.0664059966802597 0.05859399959445
v -0.6914060115814209 0.0664059966802597 0.05859399959445
v 0.6914060115814209 0.0664059966802597 0.05859399959445
v 0.703125 0.0664059966802597 0.05859399959445
v -0.7050780057907104 0.07226599752902985 0.05859399959445
v -0.6894530057907104 0.07226599752902985 0.05859399959445
v 0.6894530057907104 0.07226599752902985 0.05859399959445
v 0.7050780057907104 0.07226599752902985 0.05859399959445
v -0.703125 0.078125 0.05859399959445
v -0.6914060115814209 0.078125 0.05859399959445
v 0.6914060115814209 0.078125 0.05859399959445
v 0.703125 0.078125 0.05859399959445
v -0.6972659826278687 0.08007799834012985 0.05859399959445
v 0.6972659826278687 0.08007799834012985 0.05859399959445
v -0.6152340173721313 0.21875 0.05859399959445
v 0.6152340173721313 0.21875 0.05859399959445
v -0.6210939884185791 0.22070300579071045 0.05859399959445
v -0.609375 0.22070300579071045 0.05859399959445
v 0.609375 0.22070300579071045 0.05859399959445
v 0.6210939884185791 0.22070300579071045 0.05859399959445
v -0.6230469942092896 0.2265619933605194 0.05859399959445
v -0.6074219942092896 0.2265619933605194 0.05859399959445
v 0.6074219942092896 0.2265619933605194 0.05859399959445
v 0.6230469942092896 0.2265619933605194 0.05859399959445
v -0.6210939884185791 0.23242199420928955 0.05859399959445
v -0.609375 0.23242199420928955 0.05859399959445
v 0.609375 0.23242199420928955 0.05859399959445
v 0.6210939884185791 0.23242199420928955 0.05859399959445
v -0.6152340173721313 0.234375 0.05859399959445
v 0.6152340173721313 0.234375 0.05859399959445
v -0.6835939884185791 0.26367199420928955 0.05859399959445
v 0.6835939884185791 0.26367199420928955 0.05859399959445
v -0.6894530057907104 0.265625 0.05859399959445
v -0.6777340173721313 0.265625 0.05859399959445
v 0.6777340173721313 0.265625 0.05859399959445
v 0.6894530057907104 0.265625 0.05859399959445
v -0.6914060115814209 0.27148398756980896 0.05859399959445
v -0.6757810115814209 0.27148398756980896 0.05859399959445
v 0.6757810115814209 0.27148398756980896 0.05859399959445
v 0.6914060115814209 0.27148398756980896 0.05859399959445
v -0.6894530057907104 0.2773439884185791 0.05859399959445
v -0.6777340173721313 0.2773439884185791 0.05859399959445
v 0.6777340173721313 0.2773439884185791 0.05859399959445
v 0.6894530057907104 0.2773439884185791 0.05859399959445
v -0.6835939884185791 0.27929699420928955 0.05859399959445
v 0.6835939884185791 0.27929699420928955 0.05859399959445
v -0.5449219942092896 0.4140619933605194 0.05859399959445
v 0.5449219942092896 0.4140619933605194 0.05859399959445
v -0.5507810115814209 0.41601601243019104 0.05859399959445
v -0.5390620231628418 0.41601601243019104 0.05859399959445
v 0.5390620231628418 0.41601601243019104 0.05859399959445
v 0.5507810115814209 0.41601601243019104 0.05859399959445
v -0.5527340173721313 0.421875 0.05859399959445
v -0.5371090173721313 0.421875 0.05859399959445
v 0.5371090173721313 0.421875 0.05859399959445
v 0.5527340173721313 0.421875 0.05859399959445
v -0.5507810115814209 0.42773398756980896 0.05859399959445
v -0.5390620231628418 0.42773398756980896 0.05859399959445
v 0.5390620231628418 0.42773398756980896 0.05859399959445
v 0.5507810115814209 0.42773398756980896 0.05859399959445
v -0.5449219942092896 0.4296880066394806 0.05859399959445
v 0.5449219942092896 0.4296880066394806 0.05859399959445
v -0.38085898756980896 0.5136719942092896 0.05859399959445
v 0.38085898756980896 0.5136719942092896 0.05859399959445
v -0.3867189884185791 0.515625 0.05859399959445
v -0.375 0.515625 0.05859399959445
v 0.375 0.515625 0.05859399959445
v 0.3867189884185791 0.515625 0.05859399959445
v -0.38867199420928955 0.5214840173721313 0.05859399959445
v -0.37304699420928955 0.5214840173721313 0.05859399959445
v 0.37304699420928955 0.5214840173721313 0.05859399959445
v 0.38867199420928955 0.5214840173721313 0.05859399959445
v -0.3867189884185791 0.5273439884185791 0.05859399959445
v -0.375 0.5273439884185791 0.05859399959445
v 0.375 0.5273439884185791 0.05859399959445
v 0.3867189884185791 0.5273439884185791 0.05859399959445
v -0.38085898756980896 0.5292969942092896 0.05859399959445
v 0.38085898756980896 0.5292969942092896 0.05859399959445
v -0.9042969942092896 -0.7109379768371582 0.05905500054359436
v 0.9042969942092896 -0.7109379768371582 0.05905500054359436
v -0.8632810115814209 -0.140625 0.05905500054359436
v -0.7382810115814209 -0.140625 0.05905500054359436
v 0.7382810115814209 -0.140625 0.05905500054359436
v 0.8632810115814209 -0.140625 0.05905500054359436
v -0.7285159826278687 -0.1015620008111 0.05905500054359436
v 0.7285159826278687 -0.1015620008111 0.05905500054359436
v -0.7480469942092896 -0.08398400247097015 0.05905500054359436
v 0.7480469942092896 -0.08398400247097015 0.05905500054359436
v -0.8476560115814209 -0.06835900247097015 0.05905500054359436
v -0.8203120231628418 -0.06835900247097015 0.05905500054359436
v 0.8203120231628418 -0.06835900247097015 0.05905500054359436
v 0.8476560115814209 -0.06835900247097015 0.05905500054359436
v -0.7675780057907104 -0.03320299834012985 0.05905500054359436
v 0.7675780057907104 -0.03320299834012985 0.05905500054359436
v -0.7558590173721313 -0.0019529999699443579 0.05905500054359436
v 0.7558590173721313 -0.0019529999699443579 0.05905500054359436
v -0.7128909826278687 0.015625 0.05905500054359436
v 0.7128909826278687 0.015625 0.05905500054359436
v -0.6816409826278687 0.04296899959445 0.05905500054359436
v 0.6816409826278687 0.04296899959445 0.05905500054359436
v -0.7246090173721313 0.04882799834012985 0.05905500054359436
v 0.7246090173721313 0.04882799834012985 0.05905500054359436
v -0.7890620231628418 0.054687999188899994 0.05905500054359436
v 0.7890620231628418 0.054687999188899994 0.05905500054359436
v -0.6699219942092896 0.07617200165987015 0.05905500054359436
v 0.6699219942092896 0.07617200165987015 0.05905500054359436
v -0.7988280057907104 0.0859379991889 0.05905500054359436
v 0.7988280057907104 0.0859379991889 0.05905500054359436
v -0.7109379768371582 0.08789099752902985 0.05905500054359436
v 0.7109379768371582 0.08789099752902985 0.05905500054359436
v -0.6914060115814209 0.09375 0.05905500054359436
v 0.6914060115814209 0.09375 0.05905500054359436
v -0.7636719942092896 0.1132809966802597 0.05905500054359436
v 0.7636719942092896 0.1132809966802597 0.05905500054359436
v -0.7871090173721313 0.11914099752902985 0.05905500054359436
v 0.7871090173721313 0.11914099752902985 0.05905500054359436
v -0.6972659826278687 0.14257800579071045 0.05905500054359436
v 0.6972659826278687 0.14257800579071045 0.05905500054359436
v -0.6816409826278687 0.15820300579071045 0.05905500054359436
v 0.6816409826278687 0.15820300579071045 0.05905500054359436
v -0.703125 0.1679690033197403 0.05905500054359436
v 0.703125 0.1679690033197403 0.05905500054359436
v -0.6816409826278687 0.1796880066394806 0.05905500054359436
v 0.6816409826278687 0.1796880066394806 0.05905500054359436
v -0.6035159826278687 0.19726599752902985 0.05905500054359436
v 0.6035159826278687 0.19726599752902985 0.05905500054359436
v -0.6308590173721313 0.20507800579071045 0.05905500054359436
v 0.6308590173721313 0.20507800579071045 0.05905500054359436
v -0.1171879991889 0.2070309966802597 0.05905500054359436
v 0.1171879991889 0.2070309966802597 0.05905500054359436
v -0.7128909826278687 0.22460900247097015 0.05905500054359436
v 0.7128909826278687 0.22460900247097015 0.05905500054359436
v -0.5839840173721313 0.22851599752902985 0.05905500054359436
v 0.5839840173721313 0.22851599752902985 0.05905500054359436
v -0.6835939884185791 0.24023400247097015 0.05905500054359436
v 0.6835939884185791 0.24023400247097015 0.05905500054359436
v -0.6054689884185791 0.2460940033197403 0.05905500054359436
v 0.6054689884185791 0.2460940033197403 0.05905500054359436
v -0.16210900247097015 0.25195300579071045 0.05905500054359436
v 0.16210900247097015 0.25195300579071045 0.05905500054359436
v -0.7128909826278687 0.2578119933605194 0.05905500054359436
v 0.7128909826278687 0.2578119933605194 0.05905500054359436
v -0.5800780057907104 0.25976601243019104 0.05905500054359436
v 0.5800780057907104 0.25976601243019104 0.05905500054359436
v -0.6621090173721313 0.28710898756980896 0.05905500054359436
v 0.6621090173721313 0.28710898756980896 0.05905500054359436
v -0.5996090173721313 0.29882800579071045 0.05905500054359436
v 0.5996090173721313 0.29882800579071045 0.05905500054359436
v -0.6796879768371582 0.3046880066394806 0.05905500054359436
v 0.6796879768371582 0.3046880066394806 0.05905500054359436
v -0.5292969942092896 0.31445300579071045 0.05905500054359436
v 0.5292969942092896 0.31445300579071045 0.05905500054359436
v -0.5742189884185791 0.3164060115814209 0.05905500054359436
v 0.5742189884185791 0.3164060115814209 0.05905500054359436
v -0.16210900247097015 0.32617199420928955 0.05905500054359436
v 0.16210900247097015 0.32617199420928955 0.05905500054359436
v -0.4882810115814209 0.328125 0.05905500054359436
v 0.4882810115814209 0.328125 0.05905500054359436
v -0.59375 0.33007800579071045 0.05905500054359436
v 0.59375 0.33007800579071045 0.05905500054359436
v -0.5703120231628418 0.3320310115814209 0.05905500054359436
v 0.5703120231628418 0.3320310115814209 0.05905500054359436
v -0.5175780057907104 0.34375 0.05905500054359436
v 0.5175780057907104 0.34375 0.05905500054359436
v -0.46679699420928955 0.3476560115814209 0.05905500054359436
v 0.46679699420928955 0.3476560115814209 0.05905500054359436
v -0.4804689884185791 0.3710939884185791 0.05905500054359436
v 0.4804689884185791 0.3710939884185791 0.05905500054359436
v -0.453125 0.37695300579071045 0.05905500054359436
v 0.453125 0.37695300579071045 0.05905500054359436
v -0.5820310115814209 0.3828119933605194 0.05905500054359436
v 0.5820310115814209 0.3828119933605194 0.05905500054359436
v -0.5585939884185791 0.3984380066394806 0.05905500054359436
v 0.5585939884185791 0.3984380066394806 0.05905500054359436
v -0.39257800579071045 0.41601601243019104 0.05905500054359436
v 0.39257800579071045 0.41601601243019104 0.05905500054359436
v -0.5722659826278687 0.421875 0.05905500054359436
v -0.4570310115814209 0.421875 0.05905500054359436
v -0.4296880066394806 0.421875 0.05905500054359436
v 0.4296880066394806 0.421875 0.05905500054359436
v 0.4570310115814209 0.421875 0.05905500054359436
v 0.5722659826278687 0.421875 0.05905500054359436
v -0.3398439884185791 0.42382800579071045 0.05905500054359436
v 0.3398439884185791 0.42382800579071045 0.05905500054359436
v -0.5234379768371582 0.4257810115814209 0.05905500054359436
v 0.5234379768371582 0.4257810115814209 0.05905500054359436
v -0.375 0.43945300579071045 0.05905500054359436
v 0.375 0.43945300579071045 0.05905500054359436
v -0.42382800579071045 0.4414060115814209 0.05905500054359436
v -0.33007800579071045 0.4414060115814209 0.05905500054359436
v 0.33007800579071045 0.4414060115814209 0.05905500054359436
v 0.42382800579071045 0.4414060115814209 0.05905500054359436
v -0.44726601243019104 0.4453119933605194 0.05905500054359436
v 0.44726601243019104 0.4453119933605194 0.05905500054359436
v -0.5429689884185791 0.44726601243019104 0.05905500054359436
v 0.5429689884185791 0.44726601243019104 0.05905500054359436
v -0.40039101243019104 0.49414101243019104 0.05905500054359436
v 0.40039101243019104 0.49414101243019104 0.05905500054359436
v -0.41992199420928955 0.4960939884185791 0.05905500054359436
v 0.41992199420928955 0.4960939884185791 0.05905500054359436
v -0.3984380066394806 0.53125 0.05905500054359436
v 0.3984380066394806 0.53125 0.05905500054359436
v -0.33007800579071045 0.5605469942092896 0.05905500054359436
v 0.33007800579071045 0.5605469942092896 0.05905500054359436
v 0.0 -0.28320300579071045 0.06100799888372421
v -0.03125 -0.28125 0.06100799888372421
v 0.03125 -0.28125 0.06100799888372421
v -0.06054700165987015 -0.27539101243019104 0.06100799888372421
v 0.06054700165987015 -0.27539101243019104 0.06100799888372421
v -0.0898440033197403 -0.26367199420928955 0.06100799888372421
v 0.0898440033197403 -0.26367199420928955 0.06100799888372421
v -0.1171879991889 -0.25 0.06100799888372421
v 0.1171879991889 -0.25 0.06100799888372421
v -0.140625 -0.23242199420928955 0.06100799888372421
v 0.140625 -0.23242199420928955 0.06100799888372421
v -0.16210900247097015 -0.2109380066394806 0.06100799888372421
v 0.16210900247097015 -0.2109380066394806 0.06100799888372421
v -0.1796880066394806 -0.1875 0.06100799888372421
v 0.1796880066394806 -0.1875 0.06100799888372421
v -0.1953119933605194 -0.16210900247097015 0.06100799888372421
v 0.1953119933605194 -0.16210900247097015 0.06100799888372421
v -0.9082030057907104 -0.140625 0.06100799888372421
v -0.6796879768371582 -0.140625 0.06100799888372421
v 0.6796879768371582 -0.140625 0.06100799888372421
v 0.9082030057907104 -0.140625 0.06100799888372421
v -0.2070309966802597 -0.1328119933605194 0.06100799888372421
v 0.2070309966802597 -0.1328119933605194 0.06100799888372421
v -0.2148440033197403 -0.10351599752902985 0.06100799888372421
v 0.2148440033197403 -0.10351599752902985 0.06100799888372421
v -0.21875 -0.0742190033197403 0.06100799888372421
v 0.21875 -0.0742190033197403 0.06100799888372421
v -0.21875 -0.04296899959445 0.06100799888372421
v 0.21875 -0.04296899959445 0.06100799888372421
v -0.21289099752902985 -0.013671999797224998 0.06100799888372421
v 0.21289099752902985 -0.013671999797224998 0.06100799888372421
v -0.203125 0.015625 0.06100799888372421
v 0.203125 0.015625 0.06100799888372421
v -0.18945300579071045 0.04492200165987015 0.06100799888372421
v 0.18945300579071045 0.04492200165987015 0.06100799888372421
v -0.17382800579071045 0.0703120008111 0.06100799888372421
v 0.17382800579071045 0.0703120008111 0.06100799888372421
v -0.1523440033197403 0.09375 0.06100799888372421
v 0.1523440033197403 0.09375 0.06100799888372421
v -0.1289059966802597 0.1132809966802597 0.06100799888372421
v 0.1289059966802597 0.1132809966802597 0.06100799888372421
v -0.10351599752902985 0.1289059966802597 0.06100799888372421
v 0.10351599752902985 0.1289059966802597 0.06100799888372421
v -0.07617200165987015 0.14257800579071045 0.06100799888372421
v 0.07617200165987015 0.14257800579071045 0.06100799888372421
v -0.046875 0.15039099752902985 0.06100799888372421
v 0.046875 0.15039099752902985 0.06100799888372421
v -0.015625 0.15625 0.06100799888372421
v 0.015625 0.15625 0.06100799888372421
v 0.35351601243019104 0.45117199420928955 0.06350000202655792
v 0.34960898756980896 0.453125 0.06350000202655792
v 0.35742199420928955 0.453125 0.06350000202655792
v 0.3476560115814209 0.4570310115814209 0.06350000202655792
v 0.359375 0.4570310115814209 0.06350000202655792
v 0.34960898756980896 0.4609380066394806 0.06350000202655792
v 0.35742199420928955 0.4609380066394806 0.06350000202655792
v 0.35351601243019104 0.46289101243019104 0.06350000202655792
v 0.7753909826278687 0.09179700165987015 0.06352899968624115
v 0.7714840173721313 0.09375 0.06352899968624115
v 0.7792969942092896 0.09375 0.06352899968624115
v 0.7695310115814209 0.0976559966802597 0.06352899968624115
v 0.78125 0.0976559966802597 0.06352899968624115
v 0.7714840173721313 0.1015620008111 0.06352899968624115
v 0.7792969942092896 0.1015620008111 0.06352899968624115
v 0.7753909826278687 0.10351599752902985 0.06352899968624115
v -0.35351601243019104 0.45117199420928955 0.06353600323200226
v -0.35742199420928955 0.453125 0.06353600323200226
v -0.34960898756980896 0.453125 0.06353600323200226
v -0.359375 0.4570310115814209 0.06353600323200226
v -0.3476560115814209 0.4570310115814209 0.06353600323200226
v -0.35742199420928955 0.4609380066394806 0.06353600323200226
v -0.34960898756980896 0.4609380066394806 0.06353600323200226
v -0.35351601243019104 0.46289101243019104 0.06353600323200226
v -0.7519530057907104 -0.11523400247097015 0.0636340007185936
v -0.7558590173721313 -0.1132809966802597 0.0636340007185936
v -0.7480469942092896 -0.1132809966802597 0.0636340007185936
v -0.7578120231628418 -0.109375 0.0636340007185936
v -0.7460939884185791 -0.109375 0.0636340007185936
v -0.7558590173721313 -0.1054690033197403 0.0636340007185936
v -0.7480469942092896 -0.1054690033197403 0.0636340007185936
v -0.7519530057907104 -0.10351599752902985 0.0636340007185936
v 0.7519530057907104 -0.11523400247097015 0.06380800157785416
v 0.7480469942092896 -0.1132809966802597 0.06380800157785416
v 0.7558590173721313 -0.1132809966802597 0.06380800157785416
v 0.7460939884185791 -0.109375 0.06380800157785416
v 0.7578120231628418 -0.109375 0.06380800157785416
v 0.7480469942092896 -0.1054690033197403 0.06380800157785416
v 0.7558590173721313 -0.1054690033197403 0.06380800157785416
v 0.7519530057907104 -0.10351599752902985 0.06380800157785416
v -0.7753909826278687 0.09179700165987015 0.06385599821805954
v -0.7792969942092896 0.09375 0.06385599821805954
v -0.7714840173721313 0.09375 0.06385599821805954
v -0.78125 0.0976559966802597 0.06385599821805954
v -0.7695310115814209 0.0976559966802597 0.06385599821805954
v -0.7792969942092896 0.1015620008111 0.06385599821805954
v -0.7714840173721313 0.1015620008111 0.06385599821805954
v -0.7753909826278687 0.10351599752902985 0.06385599821805954
v -0.8359379768371582 -0.09375 0.06445299834012985
v -0.8320310115814209 -0.09375 0.06445299834012985
v -0.828125 -0.09375 0.06445299834012985
v 0.828125 -0.09375 0.06445299834012985
v 0.8320310115814209 -0.09375 0.06445299834012985
v 0.8359379768371582 -0.09375 0.06445299834012985
v -0.8378909826278687 -0.08789099752902985 0.06445299834012985
v -0.8261719942092896 -0.08789099752902985 0.06445299834012985
v 0.8261719942092896 -0.08789099752902985 0.06445299834012985
v 0.8378909826278687 -0.08789099752902985 0.06445299834012985
v -0.8359379768371582 -0.08398400247097015 0.06445299834012985
v -0.8320310115814209 -0.08398400247097015 0.06445299834012985
v -0.828125 -0.08398400247097015 0.06445299834012985
v 0.828125 -0.08398400247097015 0.06445299834012985
v 0.8320310115814209 -0.08398400247097015 0.06445299834012985
v 0.8359379768371582 -0.08398400247097015 0.06445299834012985
v -0.7011719942092896 0.0664059966802597 0.06445299834012985
v -0.6972659826278687 0.0664059966802597 0.06445299834012985
v -0.6933590173721313 0.0664059966802597 0.06445299834012985
v 0.6933590173721313 0.0664059966802597 0.06445299834012985
v 0.6972659826278687 0.0664059966802597 0.06445299834012985
v 0.7011719942092896 0.0664059966802597 0.06445299834012985
v -0.703125 0.07226599752902985 0.06445299834012985
v -0.6914060115814209 0.07226599752902985 0.06445299834012985
v 0.6914060115814209 0.07226599752902985 0.06445299834012985
v 0.703125 0.07226599752902985 0.06445299834012985
v -0.7011719942092896 0.07617200165987015 0.06445299834012985
v -0.6933590173721313 0.07617200165987015 0.06445299834012985
v 0.6933590173721313 0.07617200165987015 0.06445299834012985
v 0.7011719942092896 0.07617200165987015 0.06445299834012985
v -0.6972659826278687 0.078125 0.06445299834012985
v 0.6972659826278687 0.078125 0.06445299834012985
v -0.6152340173721313 0.22070300579071045 0.06445299834012985
v 0.6152340173721313 0.22070300579071045 0.06445299834012985
v -0.6191409826278687 0.2226559966802597 0.06445299834012985
v -0.6113280057907104 0.2226559966802597 0.06445299834012985
v 0.6113280057907104 0.2226559966802597 0.06445299834012985
v 0.6191409826278687 0.2226559966802597 0.06445299834012985
v -0.6210939884185791 0.2265619933605194 0.06445299834012985
v -0.609375 0.2265619933605194 0.06445299834012985
v 0.609375 0.2265619933605194 0.06445299834012985
v 0.6210939884185791 0.2265619933605194 0.06445299834012985
v -0.6191409826278687 0.2304690033197403 0.06445299834012985
v -0.6113280057907104 0.2304690033197403 0.06445299834012985
v 0.6113280057907104 0.2304690033197403 0.06445299834012985
v 0.6191409826278687 0.2304690033197403 0.06445299834012985
v -0.6152340173721313 0.23242199420928955 0.06445299834012985
v 0.6152340173721313 0.23242199420928955 0.06445299834012985
v -0.6835939884185791 0.265625 0.06445299834012985
v 0.6835939884185791 0.265625 0.06445299834012985
v -0.6875 0.26757800579071045 0.06445299834012985
v -0.6796879768371582 0.26757800579071045 0.06445299834012985
v 0.6796879768371582 0.26757800579071045 0.06445299834012985
v 0.6875 0.26757800579071045 0.06445299834012985
v -0.6894530057907104 0.27148398756980896 0.06445299834012985
v -0.6777340173721313 0.27148398756980896 0.06445299834012985
v 0.6777340173721313 0.27148398756980896 0.06445299834012985
v 0.6894530057907104 0.27148398756980896 0.06445299834012985
v -0.6875 0.27539101243019104 0.06445299834012985
v -0.6796879768371582 0.27539101243019104 0.06445299834012985
v 0.6796879768371582 0.27539101243019104 0.06445299834012985
v 0.6875 0.27539101243019104 0.06445299834012985
v -0.6835939884185791 0.2773439884185791 0.06445299834012985
v 0.6835939884185791 0.2773439884185791 0.06445299834012985
v -0.5449219942092896 0.41601601243019104 0.06445299834012985
v 0.5449219942092896 0.41601601243019104 0.06445299834012985
v -0.5488280057907104 0.4179689884185791 0.06445299834012985
v -0.5410159826278687 0.4179689884185791 0.06445299834012985
v 0.5410159826278687 0.4179689884185791 0.06445299834012985
v 0.5488280057907104 0.4179689884185791 0.06445299834012985
v -0.5507810115814209 0.421875 0.06445299834012985
v -0.5390620231628418 0.421875 0.06445299834012985
v 0.5390620231628418 0.421875 0.06445299834012985
v 0.5507810115814209 0.421875 0.06445299834012985
v -0.5488280057907104 0.4257810115814209 0.06445299834012985
v -0.5410159826278687 0.4257810115814209 0.06445299834012985
v 0.5410159826278687 0.4257810115814209 0.06445299834012985
v 0.5488280057907104 0.4257810115814209 0.06445299834012985
v -0.5449219942092896 0.42773398756980896 0.06445299834012985
v 0.5449219942092896 0.42773398756980896 0.06445299834012985
v -0.38085898756980896 0.515625 0.06445299834012985
v 0.38085898756980896 0.515625 0.06445299834012985
v -0.38476601243019104 0.5175780057907104 0.06445299834012985
v -0.37695300579071045 0.5175780057907104 0.06445299834012985
v 0.37695300579071045 0.5175780057907104 0.06445299834012985
v 0.38476601243019104 0.5175780057907104 0.06445299834012985
v -0.3867189884185791 0.5214840173721313 0.06445299834012985
v -0.375 0.5214840173721313 0.06445299834012985
v 0.375 0.5214840173721313 0.06445299834012985
v 0.3867189884185791 0.5214840173721313 0.06445299834012985
v -0.38476601243019104 0.5253909826278687 0.06445299834012985
v -0.37695300579071045 0.5253909826278687 0.06445299834012985
v 0.37695300579071045 0.5253909826278687 0.06445299834012985
v 0.38476601243019104 0.5253909826278687 0.06445299834012985
v -0.38085898756980896 0.5273439884185791 0.06445299834012985
v 0.38085898756980896 0.5273439884185791 0.06445299834012985
v -0.671875 -0.7011719942092896 0.06491400301456451
v 0.671875 -0.7011719942092896 0.06491400301456451
v 0.35351601243019104 0.4570310115814209 0.06545300036668777
v 0.7753909826278687 0.0976559966802597 0.065481998026371
v -0.35351601243019104 0.4570310115814209 0.06548900157213211
v -0.7519530057907104 -0.109375 0.06558699905872345
v 0.7519530057907104 -0.109375 0.06576099991798401
v -0.7753909826278687 0.0976559966802597 0.06580899655818939
v -0.8320310115814209 -0.08789099752902985 0.0664059966802597
v 0.8320310115814209 -0.08789099752902985 0.0664059966802597
v -0.6972659826278687 0.07226599752902985 0.0664059966802597
v 0.6972659826278687 0.07226599752902985 0.0664059966802597
v -0.6152340173721313 0.2265619933605194 0.0664059966802597
v 0.6152340173721313 0.2265619933605194 0.0664059966802597
v -0.6835939884185791 0.27148398756980896 0.0664059966802597
v 0.6835939884185791 0.27148398756980896 0.0664059966802597
v -0.5449219942092896 0.421875 0.0664059966802597
v 0.5449219942092896 0.421875 0.0664059966802597
v -0.38085898756980896 0.5214840173721313 0.0664059966802597
v 0.38085898756980896 0.5214840173721313 0.0664059966802597
v -0.9179689884185791 -0.7011719942092896 0.06686700135469437
v 0.9179689884185791 -0.7011719942092896 0.06686700135469437
v -0.9335939884185791 -0.6777340173721313 0.07272700220346451
v -0.65625 -0.6777340173721313 0.07272700220346451
v 0.65625 -0.6777340173721313 0.07272700220346451
v 0.9335939884185791 -0.6777340173721313 0.07272700220346451
v -0.9335939884185791 -0.17382800579071045 0.07272700220346451
v -0.65625 -0.17382800579071045 0.07272700220346451
v 0.65625 -0.17382800579071045 0.07272700220346451
v 0.9335939884185791 -0.17382800579071045 0.07272700220346451
v -0.9296879768371582 -0.1679690033197403 0.07272700220346451
v -0.6582030057907104 -0.1679690033197403 0.07272700220346451
v 0.6582030057907104 -0.1679690033197403 0.07272700220346451
v 0.9296879768371582 -0.1679690033197403 0.07272700220346451
v -0.33007800579071045 0.4414060115814209 0.07468000054359436
v 0.33007800579071045 0.4414060115814209 0.07468000054359436
v -0.33007800579071045 0.578125 0.07468000054359436
v 0.33007800579071045 0.578125 0.07468000054359436
v -0.7070310115814209 -0.7109379768371582 0.08444499969482422
v 0.7070310115814209 -0.7109379768371582 0.08444499969482422
v -0.8867189884185791 -0.7109379768371582 0.08639899641275406
v 0.8867189884185791 -0.7109379768371582 0.08639899641275406
v -0.890625 -0.140625 0.08835200220346451
v 0.890625 -0.140625 0.08835200220346451
v -0.34179699420928955 0.41992199420928955 0.08835200220346451
v 0.34179699420928955 0.41992199420928955 0.08835200220346451
v -0.34179699420928955 0.5996090173721313 0.08835200220346451
v 0.34179699420928955 0.5996090173721313 0.08835200220346451
v -0.7011719942092896 -0.140625 0.09030500054359436
v 0.7011719942092896 -0.140625 0.09030500054359436
v -0.8984379768371582 -0.7011719942092896 0.09616400301456451
v -0.6953120231628418 -0.7011719942092896 0.09616400301456451
v 0.6953120231628418 -0.7011719942092896 0.09616400301456451
v 0.8984379768371582 -0.7011719942092896 0.09616400301456451
v -0.8671879768371582 -0.7109379768371582 0.10397700220346451
v -0.7304689884185791 -0.7109379768371582 0.10397700220346451
v 0.7304689884185791 -0.7109379768371582 0.10397700220346451
v 0.8671879768371582 -0.7109379768371582 0.10397700220346451
v -0.9101560115814209 -0.1679690033197403 0.10397700220346451
v 0.9101560115814209 -0.1679690033197403 0.10397700220346451
v -0.9121090173721313 -0.6777340173721313 0.10593000054359436
v 0.9121090173721313 -0.6777340173721313 0.10593000054359436
v -0.9121090173721313 -0.17382800579071045 0.10593000054359436
v 0.9121090173721313 -0.17382800579071045 0.10593000054359436
v -0.6835939884185791 -0.1679690033197403 0.10593000054359436
v 0.6835939884185791 -0.1679690033197403 0.10593000054359436
v -0.6816409826278687 -0.6777340173721313 0.10788299888372421
v 0.6816409826278687 -0.6777340173721313 0.10788299888372421
v -0.6816409826278687 -0.17382800579071045 0.10788299888372421
v 0.6816409826278687 -0.17382800579071045 0.10788299888372421
v -0.8710939884185791 -0.140625 0.10788299888372421
v 0.8710939884185791 -0.140625 0.10788299888372421
v -0.7265620231628418 -0.140625 0.11178900301456451
v 0.7265620231628418 -0.140625 0.11178900301456451
v -0.8476560115814209 -0.7109379768371582 0.11374200135469437
v 0.8476560115814209 -0.7109379768371582 0.11374200135469437
v -0.8769530057907104 -0.7011719942092896 0.11764899641275406
v 0.8769530057907104 -0.7011719942092896 0.11764899641275406
v -0.7226560115814209 -0.7011719942092896 0.11960200220346451
v 0.7226560115814209 -0.7011719942092896 0.11960200220346451
v -0.8496090173721313 -0.140625 0.11960200220346451
v 0.8496090173721313 -0.140625 0.11960200220346451
v -0.26757800579071045 0.32617199420928955 0.11960200220346451
v 0.26757800579071045 0.32617199420928955 0.11960200220346451
v -0.31445300579071045 0.34960898756980896 0.11960200220346451
v 0.31445300579071045 0.34960898756980896 0.11960200220346451
v -0.34179699420928955 0.40039101243019104 0.11960200220346451
v 0.34179699420928955 0.40039101243019104 0.11960200220346451
v -0.34179699420928955 0.6425780057907104 0.11960200220346451
v 0.34179699420928955 0.6425780057907104 0.11960200220346451
v -0.31445300579071045 0.6894530057907104 0.11960200220346451
v 0.31445300579071045 0.6894530057907104 0.11960200220346451
v -0.26757800579071045 0.7109379768371582 0.11960200220346451
v 0.26757800579071045 0.7109379768371582 0.11960200220346451
v -0.7636719942092896 -0.7109379768371582 0.12155500054359436
v 0.7636719942092896 -0.7109379768371582 0.12155500054359436
v -0.8222659826278687 -0.7109379768371582 0.12350799888372421
v 0.8222659826278687 -0.7109379768371582 0.12350799888372421
v -0.22460900247097015 0.4023439884185791 0.12350799888372421
v 0.22460900247097015 0.4023439884185791 0.12350799888372421
v -0.25976601243019104 0.421875 0.12350799888372421
v 0.25976601243019104 0.421875 0.12350799888372421
v -0.25976601243019104 0.6171879768371582 0.12350799888372421
v 0.25976601243019104 0.6171879768371582 0.12350799888372421
v -0.22460900247097015 0.6347659826278687 0.12350799888372421
v 0.22460900247097015 0.6347659826278687 0.12350799888372421
v -0.7949219942092896 -0.7109379768371582 0.12546099722385406
v 0.7949219942092896 -0.7109379768371582 0.12546099722385406
v -0.2226559966802597 0.4101560115814209 0.12546099722385406
v 0.2226559966802597 0.4101560115814209 0.12546099722385406
v -0.25195300579071045 0.4257810115814209 0.12546099722385406
v 0.25195300579071045 0.4257810115814209 0.12546099722385406
v -0.25195300579071045 0.609375 0.12546099722385406
v 0.25195300579071045 0.609375 0.12546099722385406
v -0.2226559966802597 0.625 0.12546099722385406
v 0.2226559966802597 0.625 0.12546099722385406
v -0.8847659826278687 -0.1679690033197403 0.12741400301456451
v 0.8847659826278687 -0.1679690033197403 0.12741400301456451
v -0.7617189884185791 -0.140625 0.12741400301456451
v 0.7617189884185791 -0.140625 0.12741400301456451
v -0.265625 0.3320310115814209 0.12741400301456451
v 0.265625 0.3320310115814209 0.12741400301456451
v -0.3125 0.3554689884185791 0.12741400301456451
v 0.3125 0.3554689884185791 0.12741400301456451
v -0.3359380066394806 0.40039101243019104 0.12741400301456451
v 0.3359380066394806 0.40039101243019104 0.12741400301456451
v -0.3359380066394806 0.6425780057907104 0.12741400301456451
v 0.3359380066394806 0.6425780057907104 0.12741400301456451
v -0.3125 0.6835939884185791 0.12741400301456451
v 0.3125 0.6835939884185791 0.12741400301456451
v -0.265625 0.7070310115814209 0.12741400301456451
v 0.265625 0.7070310115814209 0.12741400301456451
v -0.8535159826278687 -0.7011719942092896 0.12936699390411377
v 0.8535159826278687 -0.7011719942092896 0.12936699390411377
v -0.8242189884185791 -0.140625 0.12936699390411377
v 0.8242189884185791 -0.140625 0.12936699390411377
v -0.8867189884185791 -0.6777340173721313 0.13131999969482422
v 0.8867189884185791 -0.6777340173721313 0.13131999969482422
v -0.8867189884185791 -0.17382800579071045 0.13131999969482422
v 0.8867189884185791 -0.17382800579071045 0.13131999969482422
v -0.7949219942092896 -0.140625 0.13131999969482422
v 0.7949219942092896 -0.140625 0.13131999969482422
v -0.7148439884185791 -0.1679690033197403 0.13327300548553467
v 0.7148439884185791 -0.1679690033197403 0.13327300548553467
v -0.22460900247097015 0.4023439884185791 0.13327300548553467
v 0.22460900247097015 0.4023439884185791 0.13327300548553467
v -0.25976601243019104 0.421875 0.13327300548553467
v 0.25976601243019104 0.421875 0.13327300548553467
v -0.25976601243019104 0.6171879768371582 0.13327300548553467
v 0.25976601243019104 0.6171879768371582 0.13327300548553467
v -0.22460900247097015 0.6347659826278687 0.13327300548553467
v 0.22460900247097015 0.6347659826278687 0.13327300548553467
v -0.7128909826278687 -0.6777340173721313 0.1352269947528839
v 0.7128909826278687 -0.6777340173721313 0.1352269947528839
v -0.7128909826278687 -0.17382800579071045 0.1352269947528839
v 0.7128909826278687 -0.17382800579071045 0.1352269947528839
v -0.7597659826278687 -0.7011719942092896 0.13718000054359436
v 0.7597659826278687 -0.7011719942092896 0.13718000054359436
v -0.2578119933605194 0.35351601243019104 0.13718000054359436
v 0.2578119933605194 0.35351601243019104 0.13718000054359436
v -0.31054699420928955 0.38476601243019104 0.13718000054359436
v 0.31054699420928955 0.38476601243019104 0.13718000054359436
v -0.3164060115814209 0.40039101243019104 0.13718000054359436
v 0.3164060115814209 0.40039101243019104 0.13718000054359436
v -0.3164060115814209 0.6425780057907104 0.13718000054359436
v 0.3164060115814209 0.6425780057907104 0.13718000054359436
v -0.31054699420928955 0.65625 0.13718000054359436
v 0.31054699420928955 0.65625 0.13718000054359436
v -0.2578119933605194 0.6855469942092896 0.13718000054359436
v 0.2578119933605194 0.6855469942092896 0.13718000054359436
v -0.8261719942092896 -0.7011719942092896 0.1391330063343048
v 0.8261719942092896 -0.7011719942092896 0.1391330063343048
v -0.859375 -0.1679690033197403 0.14108599722385406
v 0.859375 -0.1679690033197403 0.14108599722385406
v -0.7949219942092896 -0.7011719942092896 0.14303900301456451
v 0.7949219942092896 -0.7011719942092896 0.14303900301456451
v -0.2578119933605194 0.3554689884185791 0.14303900301456451
v 0.2578119933605194 0.3554689884185791 0.14303900301456451
v -0.25585898756980896 0.359375 0.14303900301456451
v 0.25585898756980896 0.359375 0.14303900301456451
v -0.31054699420928955 0.38476601243019104 0.14303900301456451
v 0.31054699420928955 0.38476601243019104 0.14303900301456451
v -0.30664101243019104 0.38867199420928955 0.14303900301456451
v 0.30664101243019104 0.38867199420928955 0.14303900301456451
v -0.3164060115814209 0.40039101243019104 0.14303900301456451
v -0.31054699420928955 0.40039101243019104 0.14303900301456451
v 0.31054699420928955 0.40039101243019104 0.14303900301456451
v 0.3164060115814209 0.40039101243019104 0.14303900301456451
v -0.31054699420928955 0.640625 0.14303900301456451
v 0.31054699420928955 0.640625 0.14303900301456451
v -0.3164060115814209 0.6425780057907104 0.14303900301456451
v 0.3164060115814209 0.6425780057907104 0.14303900301456451
v -0.30664101243019104 0.6523439884185791 0.14303900301456451
v 0.30664101243019104 0.6523439884185791 0.14303900301456451
v -0.31054699420928955 0.65625 0.14303900301456451
v 0.31054699420928955 0.65625 0.14303900301456451
v -0.25585898756980896 0.6816409826278687 0.14303900301456451
v 0.25585898756980896 0.6816409826278687 0.14303900301456451
v -0.2578119933605194 0.6855469942092896 0.14303900301456451
v 0.2578119933605194 0.6855469942092896 0.14303900301456451
v -0.859375 -0.6777340173721313 0.14499199390411377
v 0.859375 -0.6777340173721313 0.14499199390411377
v -0.859375 -0.17382800579071045 0.14499199390411377
v 0.859375 -0.17382800579071045 0.14499199390411377
v -0.7558590173721313 -0.1679690033197403 0.1508519947528839
v 0.7558590173721313 -0.1679690033197403 0.1508519947528839
v -0.7558590173721313 -0.6777340173721313 0.15280500054359436
v 0.7558590173721313 -0.6777340173721313 0.15280500054359436
v -0.7558590173721313 -0.17382800579071045 0.15280500054359436
v 0.7558590173721313 -0.17382800579071045 0.15280500054359436
v -0.8300780057907104 -0.1679690033197403 0.15280500054359436
v 0.8300780057907104 -0.1679690033197403 0.15280500054359436
v -0.25585898756980896 0.36132800579071045 0.15280500054359436
v 0.25585898756980896 0.36132800579071045 0.15280500054359436
v -0.30664101243019104 0.390625 0.15280500054359436
v 0.30664101243019104 0.390625 0.15280500054359436
v -0.31054699420928955 0.40039101243019104 0.15280500054359436
v 0.31054699420928955 0.40039101243019104 0.15280500054359436
v -0.31054699420928955 0.640625 0.15280500054359436
v 0.31054699420928955 0.640625 0.15280500054359436
v -0.30664101243019104 0.6503909826278687 0.15280500054359436
v 0.30664101243019104 0.6503909826278687 0.15280500054359436
v -0.25585898756980896 0.6796879768371582 0.15280500054359436
v 0.25585898756980896 0.6796879768371582 0.15280500054359436
v -0.8300780057907104 -0.6777340173721313 0.1547580063343048
v 0.8300780057907104 -0.6777340173721313 0.1547580063343048
v -0.8300780057907104 -0.17382800579071045 0.1547580063343048
v 0.8300780057907104 -0.17382800579071045 0.1547580063343048
v -0.7949219942092896 -0.1679690033197403 0.15671099722385406
v 0.7949219942092896 -0.1679690033197403 0.15671099722385406
v -0.7949219942092896 -0.6777340173721313 0.15866400301456451
v 0.7949219942092896 -0.6777340173721313 0.15866400301456451
v -0.7949219942092896 -0.17382800579071045 0.15866400301456451
v 0.7949219942092896 -0.17382800579071045 0.15866400301456451
v -0.24804699420928955 0.37304699420928955 0.15866400301456451
v 0.24804699420928955 0.37304699420928955 0.15866400301456451
v -0.24414099752902985 0.3789060115814209 0.15866400301456451
v 0.24414099752902985 0.3789060115814209 0.15866400301456451
v -0.296875 0.40039101243019104 0.15866400301456451
v 0.296875 0.40039101243019104 0.15866400301456451
v -0.2929689884185791 0.40429699420928955 0.15866400301456451
v 0.2929689884185791 0.40429699420928955 0.15866400301456451
v -0.2929689884185791 0.6367189884185791 0.15866400301456451
v 0.2929689884185791 0.6367189884185791 0.15866400301456451
v -0.296875 0.640625 0.15866400301456451
v 0.296875 0.640625 0.15866400301456451
v -0.24414099752902985 0.6621090173721313 0.15866400301456451
v 0.24414099752902985 0.6621090173721313 0.15866400301456451
v -0.24804699420928955 0.6679689884185791 0.15866400301456451
v 0.24804699420928955 0.6679689884185791 0.15866400301456451
vt 0.9010000228881836 0.0754150003194809
vt 0.9010000228881836 0.050599999725818634
vt 0.9037889838218689 0.05424400046467781
vt 0.9038119912147522 0.07019899785518646
vt 0.8954899907112122 0.4187789857387543
vt 0.8978520035743713 0.41867199540138245
vt 0.8966869711875916 0.4220240116119385
vt 0.8949130177497864 0.4221319854259491
vt 0.782522976398468 0.07830099761486053
vt 0.7825199961662292 0.0730070024728775
vt 0.7895849943161011 0.0724169984459877
vt 0.7895879745483398 0.07771100103855133
vt 0.477634996175766 0.7801979780197144
vt 0.477634996175766 0.7860850095748901
vt 0.47057101130485535 0.7866740226745605
vt 0.47056999802589417 0.7807869911193848
vt 0.49091601371765137 0.9780570268630981
vt 0.49091601371765137 0.9792349934577942
vt 0.4891490042209625 0.9792349934577942
vt 0.4891499876976013 0.9774690270423889
vt 0.6888759732246399 0.1654440015554428
vt 0.6906459927558899 0.17367799580097198
vt 0.6818169951438904 0.17367500066757202
vt 0.6782810091972351 0.16543999314308167
vt 0.9802899956703186 0.4805609881877899
vt 0.9820560216903687 0.4805609881877899
vt 0.9820590019226074 0.4940969944000244
vt 0.9802929759025574 0.4940969944000244
vt 0.25694000720977783 0.9783949851989746
vt 0.25688400864601135 0.9801579713821411
vt 0.2550719976425171 0.9795650243759155
vt 0.2551270127296448 0.9783909916877747
vt 0.5157769918441772 0.5822460055351257
vt 0.5211340188980103 0.5722299814224243
vt 0.580003023147583 0.5722309947013855
vt 0.5858299732208252 0.5822460055351257
vt 0.9271730184555054 0.5312899947166443
vt 0.9212849736213684 0.5312899947166443
vt 0.92364102602005 0.5254030227661133
vt 0.9271730184555054 0.5254030227661133
vt 0.4967789947986603 0.9417359828948975
vt 0.49361100792884827 0.9430570006370544
vt 0.49324101209640503 0.9405900239944458
vt 0.49606001377105713 0.9397429823875427
vt 0.48493799567222595 0.6557779908180237
vt 0.4848710000514984 0.6445840001106262
vt 0.4910619854927063 0.6440389752388
vt 0.491129994392395 0.6552320122718811
vt 0.2814730107784271 0.7016040086746216
vt 0.2832379937171936 0.7010160088539124
vt 0.2832379937171936 0.7428140044212341
vt 0.2814730107784271 0.742812991142273
vt 0.7709199786186218 0.9227809906005859
vt 0.781449019908905 0.9237160086631775
vt 0.781449019908905 0.9413009881973267
vt 0.7709199786186218 0.9403660297393799
vt 0.978534996509552 0.3821609914302826
vt 0.9820669889450073 0.3821609914302826
vt 0.9820700287818909 0.3956969976425171
vt 0.9785370230674744 0.3956969976425171
vt 0.39516299962997437 0.4285939931869507
vt 0.3969219923019409 0.4285939931869507
vt 0.39708301424980164 0.4333150088787079
vt 0.3953239917755127 0.4333150088787079
vt 0.7618979811668396 0.0052999998442828655
vt 0.7618939876556396 0.014138000085949898
vt 0.7548289895057678 0.013550999574363232
vt 0.7548329830169678 0.004712999798357487
vt 0.7552890181541443 0.32262998819351196
vt 0.7569929957389832 0.32321399450302124
vt 0.7569670081138611 0.364423006772995
vt 0.7552629709243774 0.36442598700523376
vt 0.7809159755706787 0.7489370107650757
vt 0.7809159755706787 0.7560020089149475
vt 0.7738519906997681 0.7560020089149475
vt 0.7738519906997681 0.7489370107650757
vt 0.11809500306844711 0.7962870001792908
vt 0.13139599561691284 0.774029016494751
vt 0.13120999932289124 0.7805870175361633
vt 0.12312600016593933 0.7956240177154541
vt 0.38898301124572754 0.6143969893455505
vt 0.3984780013561249 0.616815984249115
vt 0.3962390124797821 0.6231340169906616
vt 0.3878619968891144 0.6203420162200928
vt 0.10268999636173248 0.1416960060596466
vt 0.10331200063228607 0.13060599565505981
vt 0.1116579994559288 0.13001200556755066
vt 0.11078000068664551 0.14452500641345978
vt 0.7240219712257385 0.8584409952163696
vt 0.726377010345459 0.856086015701294
vt 0.7393280267715454 0.856086015701294
vt 0.7416830062866211 0.8584409952163696
vt 0.2047490030527115 0.6832829713821411
vt 0.20460699498653412 0.6903359889984131
vt 0.19768300652503967 0.6903700232505798
vt 0.19782599806785583 0.6839060187339783
vt 0.5116699934005737 0.9190419912338257
vt 0.5116699934005737 0.9366679787635803
vt 0.5099130272865295 0.9367340207099915
vt 0.5099130272865295 0.919107973575592
vt 0.7548210024833679 0.07949800044298172
vt 0.7548239827156067 0.09068000316619873
vt 0.747759997844696 0.09008999913930893
vt 0.7477579712867737 0.07949600368738174
vt 0.6217769980430603 0.1831739991903305
vt 0.6253100037574768 0.1831739991903305
vt 0.6253100037574768 0.19318200647830963
vt 0.6217769980430603 0.19318200647830963
vt 0.3193790018558502 0.6997050046920776
vt 0.32235801219940186 0.7067790031433105
vt 0.3174999952316284 0.7089729905128479
vt 0.31470799446105957 0.7005959749221802
vt 0.9509519934654236 0.8860489726066589
vt 0.9509519934654236 0.8989999890327454
vt 0.9485980272293091 0.9013550281524658
vt 0.9485980272293091 0.8836939930915833
vt 0.07070499658584595 0.6796540021896362
vt 0.05314499884843826 0.6787170171737671
vt 0.05004800111055374 0.6655189990997314
vt 0.07346100360155106 0.6667680144309998
vt 0.3868519961833954 0.004714000038802624
vt 0.3868829905986786 0.010598000138998032
vt 0.3138880133628845 0.010596999898552895
vt 0.31385698914527893 0.004712999798357487
vt 0.8027049899101257 0.715969979763031
vt 0.8380270004272461 0.715969979763031
vt 0.8380280137062073 0.7248010039329529
vt 0.8027060031890869 0.7248010039329529
vt 0.9214829802513123 0.2990350127220154
vt 0.919717013835907 0.2990350127220154
vt 0.919717013835907 0.29491400718688965
vt 0.9214829802513123 0.29550299048423767
vt 0.9463120102882385 0.17645199596881866
vt 0.9463120102882385 0.18940399587154388
vt 0.9433670043945312 0.19175800681114197
vt 0.9433670043945312 0.1740970015525818
vt 0.7585039734840393 0.9695820212364197
vt 0.7585570216178894 0.9713519811630249
vt 0.7567440271377563 0.971347987651825
vt 0.7566909790039062 0.9695780277252197
vt 0.16252300143241882 0.27947598695755005
vt 0.16311199963092804 0.2812420129776001
vt 0.15958000719547272 0.28241899609565735
vt 0.15840299427509308 0.2812420129776001
vt 0.8256040215492249 0.691215991973877
vt 0.8320789933204651 0.6846849918365479
vt 0.8359299898147583 0.6878669857978821
vt 0.8283950090408325 0.6956809759140015
vt 0.3338629901409149 0.5875660181045532
vt 0.3450489938259125 0.587565004825592
vt 0.3450489938259125 0.5893300175666809
vt 0.3338629901409149 0.5893309712409973
vt 0.2705549895763397 0.979993999004364
vt 0.2723200023174286 0.9799950122833252
vt 0.2723209857940674 0.9817609786987305
vt 0.2705549895763397 0.9811710119247437
vt 0.6292459964752197 0.6500210165977478
vt 0.6251500248908997 0.6436910033226013
vt 0.6292399764060974 0.6407439708709717
vt 0.6337080001831055 0.6478180289268494
vt 0.24905799329280853 0.2971380054950714
vt 0.2478799968957901 0.29772698879241943
vt 0.2390500009059906 0.28242000937461853
vt 0.24022799730300903 0.2812429964542389
vt 0.6681709885597229 0.9425269961357117
vt 0.6517040133476257 0.9425370097160339
vt 0.6517040133476257 0.9366490244865417
vt 0.6681709885597229 0.9366400241851807
vt 0.6904640197753906 0.36567598581314087
vt 0.6822180151939392 0.36564400792121887
vt 0.6822180151939392 0.21376299858093262
vt 0.6904640197753906 0.213795006275177
vt 0.6229569911956787 0.013069000095129013
vt 0.6111810207366943 0.013055000454187393
vt 0.6129390001296997 0.004759000148624182
vt 0.6229490041732788 0.004767999984323978
vt 0.13425900042057037 0.7643579840660095
vt 0.13425900042057037 0.7455189824104309
vt 0.14014700055122375 0.7455189824104309
vt 0.14014700055122375 0.7643579840660095
vt 0.7098950147628784 0.36570799350738525
vt 0.6992980241775513 0.3656980097293854
vt 0.6992980241775513 0.2138179987668991
vt 0.7098950147628784 0.2138269990682602
vt 0.7446140050888062 0.5505390167236328
vt 0.7469729781150818 0.548183023929596
vt 0.7522709965705872 0.5587800145149231
vt 0.7493230104446411 0.5593690276145935
vt 0.2284650057554245 0.9418789744377136
vt 0.2284650057554245 0.9236289858818054
vt 0.2314079999923706 0.9248059988021851
vt 0.2314079999923706 0.9407010078430176
vt 0.37331700325012207 0.4356609880924225
vt 0.37331700325012207 0.5875470042228699
vt 0.36566001176834106 0.5875539779663086
vt 0.3656589984893799 0.4356690049171448
vt 0.9368789792060852 0.2763890027999878
vt 0.9367960095405579 0.2595849931240082
vt 0.939769983291626 0.263931006193161
vt 0.9400169849395752 0.2768059968948364
vt 0.9750739932060242 0.3190929889678955
vt 0.9738969802856445 0.3185049891471863
vt 0.9738969802856445 0.3155609965324402
vt 0.9750739932060242 0.3161500096321106
vt 0.9877889752388 0.030621999874711037
vt 0.9877889752388 0.03180000185966492
vt 0.9860230088233948 0.03238900005817413
vt 0.9860230088233948 0.030621999874711037
vt 0.2833549976348877 0.6427270174026489
vt 0.28500500321388245 0.642130970954895
vt 0.284978985786438 0.6845160126686096
vt 0.2833290100097656 0.6845239996910095
vt 0.07867500185966492 0.9081590175628662
vt 0.07891499996185303 0.8934000134468079
vt 0.08067099750041962 0.8934860229492188
vt 0.0804319977760315 0.9082450270652771
vt 0.9914979934692383 0.3821609914302826
vt 0.9932010173797607 0.38274601101875305
vt 0.9932550191879272 0.38392698764801025
vt 0.9915509819984436 0.3839310109615326
vt 0.9687560200691223 0.3639419972896576
vt 0.9687590003013611 0.34863001108169556
vt 0.9722909927368164 0.34863001108169556
vt 0.9722880125045776 0.3639419972896576
vt 0.5923290252685547 0.18552899360656738
vt 0.5923290252685547 0.18729500472545624
vt 0.5893849730491638 0.18670600652694702
vt 0.5893849730491638 0.18493999540805817
vt 0.4068570137023926 0.9118419885635376
vt 0.4064050018787384 0.9298830032348633
vt 0.4034680128097534 0.9295099973678589
vt 0.4029349982738495 0.9168239831924438
vt 0.17876799404621124 0.09229999780654907
vt 0.18756699562072754 0.10986699908971786
vt 0.17511899769306183 0.13306599855422974
vt 0.1704230010509491 0.09170600026845932
vt 0.3785800039768219 0.7395390272140503
vt 0.386025995016098 0.7376779913902283
vt 0.3871249854564667 0.7428500056266785
vt 0.37893399596214294 0.7443389892578125
vt 0.25599899888038635 0.5100520253181458
vt 0.2549920082092285 0.48390400409698486
vt 0.26359298825263977 0.48135098814964294
vt 0.2647770047187805 0.5116620063781738
vt 0.3986450135707855 0.5922650098800659
vt 0.395112007856369 0.5922650098800659
vt 0.395112007856369 0.5881440043449402
vt 0.3980560004711151 0.5893210172653198
vt 0.6677129864692688 0.7111709713935852
vt 0.6688899993896484 0.7111650109291077
vt 0.6688889861106873 0.7523720264434814
vt 0.6677119731903076 0.752377986907959
vt 0.4657309949398041 0.3496989905834198
vt 0.4686740040779114 0.3496989905834198
vt 0.4686740040779114 0.36029601097106934
vt 0.4657309949398041 0.36029601097106934
vt 0.20817600190639496 0.9897930026054382
vt 0.20987899601459503 0.9903770089149475
vt 0.20993299782276154 0.9915590286254883
vt 0.20822900533676147 0.9915630221366882
vt 0.4168820083141327 0.019430000334978104
vt 0.4192369878292084 0.018842000514268875
vt 0.4192369878292084 0.1801459938287735
vt 0.4168820083141327 0.17955799400806427
vt 0.4986859858036041 0.9292439818382263
vt 0.49690699577331543 0.9286649823188782
vt 0.49688300490379333 0.9257220029830933
vt 0.4994809925556183 0.926173985004425
vt 0.254366010427475 0.15252800285816193
vt 0.2588360011577606 0.14415499567985535
vt 0.2650890052318573 0.1853169947862625
vt 0.25736498832702637 0.17482100427150726
vt 0.03884299844503403 0.6403070092201233
vt 0.04944099858403206 0.6403200030326843
vt 0.04768199846148491 0.648635983467102
vt 0.03885100036859512 0.6486300230026245
vt 0.3212229907512665 0.6531260013580322
vt 0.3174999952316284 0.6605730056762695
vt 0.31172099709510803 0.6581360101699829
vt 0.3158169984817505 0.6499450206756592
vt 0.7534499764442444 0.2920129895210266
vt 0.7558040022850037 0.2920149862766266
vt 0.7558079957962036 0.30613499879837036
vt 0.7534540295600891 0.3043690025806427
vt 0.6284930109977722 0.6299610137939453
vt 0.6219769716262817 0.6234449744224548
vt 0.6260740160942078 0.6185960173606873
vt 0.6337069869041443 0.6254839897155762
vt 0.2595430016517639 0.1972550004720688
vt 0.23945699632167816 0.20325100421905518
vt 0.23555299639701843 0.19040800631046295
vt 0.255158007144928 0.18407200276851654
vt 0.4162830114364624 0.9425410032272339
vt 0.4221700131893158 0.9425410032272339
vt 0.4221709966659546 0.959613025188446
vt 0.4162839949131012 0.959613025188446
vt 0.3253360092639923 0.6561449766159058
vt 0.32198500633239746 0.6628469824790955
vt 0.9185400009155273 0.2990350127220154
vt 0.9185400009155273 0.29550299048423767
vt 0.33183398842811584 0.6402810215950012
vt 0.33834999799728394 0.6356269717216492
vt 0.34097400307655334 0.6397619843482971
vt 0.33501699566841125 0.6442300081253052
vt 0.5248000025749207 0.7213529944419861
vt 0.5186570286750793 0.713720977306366
vt 0.5242400169372559 0.7100070118904114
vt 0.5292670130729675 0.7172669768333435
vt 0.4776250123977661 0.8179360032081604
vt 0.47652000188827515 0.8279340267181396
vt 0.46527099609375 0.8362569808959961
vt 0.4681510031223297 0.8045499920845032
vt 0.90870201587677 0.11423400044441223
vt 0.9051690101623535 0.11423400044441223
vt 0.9051719903945923 0.09951099753379822
vt 0.9087049961090088 0.09951099753379822
vt 0.2284729927778244 0.8670560121536255
vt 0.2284729927778244 0.8446850180625916
vt 0.26379498839378357 0.8446850180625916
vt 0.26379498839378357 0.8670560121536255
vt 0.34560999274253845 0.6313449740409851
vt 0.34767600893974304 0.635666012763977
vt 0.2608169913291931 0.5552510023117065
vt 0.26075199246406555 0.5233020186424255
vt 0.2648569941520691 0.5211359858512878
vt 0.26490798592567444 0.5578160285949707
vt 0.6985629796981812 0.9895960092544556
vt 0.6985629796981812 0.9907730221748352
vt 0.6967970132827759 0.9907730221748352
vt 0.6967970132827759 0.9890069961547852
vt 0.9866489768028259 0.006479000207036734
vt 0.9866489768028259 0.004712999798357487
vt 0.988415002822876 0.005301999859511852
vt 0.988415002822876 0.006479000207036734
vt 0.269896000623703 0.7522439956665039
vt 0.2699500024318695 0.7540140151977539
vt 0.26813700795173645 0.754010021686554
vt 0.26808300614356995 0.752240002155304
vt 0.042169999331235886 0.1416970044374466
vt 0.03407900035381317 0.14452600479125977
vt 0.033201999962329865 0.13001300394535065
vt 0.041547998785972595 0.1306069940328598
vt 0.9888669848442078 0.9178450107574463
vt 0.9888669848442078 0.9190229773521423
vt 0.9871010184288025 0.9196119904518127
vt 0.9871010184288025 0.9178450107574463
vt 0.6416590213775635 0.3627620041370392
vt 0.6526859998703003 0.3627539873123169
vt 0.6525760293006897 0.36451199650764465
vt 0.6416029930114746 0.3645240068435669
vt 0.35211899876594543 0.7476739883422852
vt 0.36086899042129517 0.7497220039367676
vt 0.35938501358032227 0.756434977054596
vt 0.34988999366760254 0.7540150284767151
vt 0.17547699809074402 0.6781449913978577
vt 0.17547599971294403 0.6881530284881592
vt 0.16958899796009064 0.6869750022888184
vt 0.16958899796009064 0.6763790249824524
vt 0.11618400365114212 0.10726699978113174
vt 0.12659500539302826 0.08435200154781342
vt 0.1296509951353073 0.09227299690246582
vt 0.12336999922990799 0.10729499906301498
vt 0.9888669848442078 0.9308030009269714
vt 0.9871010184288025 0.9308030009269714
vt 0.9871010184288025 0.9296259880065918
vt 0.9888669848442078 0.9290379881858826
vt 0.5140039920806885 0.6457729935646057
vt 0.5188440084457397 0.6368370056152344
vt 0.5244269967079163 0.6405699849128723
vt 0.5199589729309082 0.6483880281448364
vt 0.9052879810333252 0.6490210294723511
vt 0.9035220146179199 0.6490210294723511
vt 0.9035239815711975 0.6342989802360535
vt 0.9052900075912476 0.6342989802360535
vt 0.2652580142021179 0.2034509927034378
vt 0.2669839859008789 0.1938609927892685
vt 0.28500500321388245 0.23468400537967682
vt 0.27337801456451416 0.22359399497509003
vt 0.5467680096626282 0.7243279814720154
vt 0.5402529835700989 0.7196739912033081
vt 0.5434240102767944 0.715732991695404
vt 0.5493810176849365 0.7202010154724121
vt 0.6074640154838562 0.7228080034255981
vt 0.6137940287590027 0.7187129855155945
vt 0.6167659759521484 0.7228400111198425
vt 0.6096919775009155 0.7273079752922058
vt 0.2697489857673645 0.942516028881073
vt 0.26704901456832886 0.9408509731292725
vt 0.2682420015335083 0.938510000705719
vt 0.2704690098762512 0.9405239820480347
vt 0.7240219712257385 0.8278279900550842
vt 0.726377010345459 0.826062023639679
vt 0.7328519821166992 0.8354809880256653
vt 0.7328519821166992 0.8407800197601318
vt 0.31042400002479553 0.7231159806251526
vt 0.3169400095939636 0.7314919829368591
vt 0.31248900294303894 0.7348830103874207
vt 0.3057880103588104 0.7259479761123657
vt 0.03928399831056595 0.21723300218582153
vt 0.03805899992585182 0.214478999376297
vt 0.043150998651981354 0.1971929967403412
vt 0.046810001134872437 0.20543600618839264
vt 0.9910969734191895 0.2625289857387543
vt 0.9910969734191895 0.26135098934173584
vt 0.9928629994392395 0.26135098934173584
vt 0.9928629994392395 0.2631169855594635
vt 0.4305010139942169 0.6961230039596558
vt 0.4282670021057129 0.7043139934539795
vt 0.423444002866745 0.7028650045394897
vt 0.4253059923648834 0.6954190135002136
vt 0.31208300590515137 0.4356760084629059
vt 0.31208398938179016 0.5875610113143921
vt 0.3020800054073334 0.5875539779663086
vt 0.3020789921283722 0.4356690049171448
vt 0.9212319850921631 0.7017850279808044
vt 0.9229350090026855 0.7017809748649597
vt 0.922989010810852 0.7035509943962097
vt 0.9212849736213684 0.7035549879074097
vt 0.7895799875259399 0.04652300104498863
vt 0.7895810008049011 0.03945799916982651
vt 0.7966439723968506 0.039459001272916794
vt 0.7966439723968506 0.04652399942278862
vt 0.388606995344162 0.7491620182991028
vt 0.37911298871040344 0.7504649758338928
vt 0.9763720035552979 0.2595849931240082
vt 0.9781380295753479 0.2595849931240082
vt 0.9781389832496643 0.2731260061264038
vt 0.976373016834259 0.2731260061264038
vt 0.6046630144119263 0.7368149757385254
vt 0.61285400390625 0.7327200174331665
vt 0.6158339977264404 0.7386680245399475
vt 0.6068990230560303 0.7431359887123108
vt 0.6406090259552002 0.1737159937620163
vt 0.6323699951171875 0.1737390011548996
vt 0.6335530281066895 0.1667110025882721
vt 0.6423799991607666 0.1666879951953888
vt 0.24141600728034973 0.7469469904899597
vt 0.24141600728034973 0.7551890015602112
vt 0.2343509942293167 0.7540109753608704
vt 0.2343509942293167 0.7457690238952637
vt 0.46635499596595764 0.6022319793701172
vt 0.46693599224090576 0.5928549766540527
vt 0.4725320041179657 0.5910859704017639
vt 0.4719510078430176 0.6004639863967896
vt 0.5339469909667969 0.9896900057792664
vt 0.5356510281562805 0.9902750253677368
vt 0.5357040166854858 0.9914559721946716
vt 0.5340009927749634 0.9914600253105164
vt 0.8276299834251404 0.20370100438594818
vt 0.8299850225448608 0.20546700060367584
vt 0.8299810290336609 0.2190140038728714
vt 0.8276249766349792 0.21901600062847137
vt 0.0924379974603653 0.60275799036026
vt 0.08772899955511093 0.6051110029220581
vt 0.08773700147867203 0.5680099725723267
vt 0.0924450010061264 0.5697789788246155
vt 0.103023000061512 0.2977289855480194
vt 0.10420099645853043 0.2971400022506714
vt 0.10420099645853043 0.4525569975376129
vt 0.103023000061512 0.4519689977169037
vt 0.6948090195655823 0.7354530096054077
vt 0.6985809803009033 0.7419040203094482
vt 0.6985549926757812 0.7831130027770996
vt 0.6947759985923767 0.7896119952201843
vt 0.9603779911994934 0.883758008480072
vt 0.9662399888038635 0.8836939930915833
vt 0.9662399888038635 0.8995779752731323
vt 0.9603779911994934 0.8996419906616211
vt 0.5051940083503723 0.018842000514268875
vt 0.5028390288352966 0.019430000334978104
vt 0.5028390288352966 0.005301999859511852
vt 0.5051940083503723 0.004712999798357487
vt 0.09244800359010696 0.6945859789848328
vt 0.11010900139808655 0.6945859789848328
vt 0.11481799930334091 0.6957640051841736
vt 0.08773799985647202 0.6957640051841736
vt 0.8092229962348938 0.6247680187225342
vt 0.7997350096702576 0.6244890093803406
vt 0.7992330193519592 0.6192150115966797
vt 0.8099489808082581 0.6199679970741272
vt 0.7879809737205505 0.7630659937858582
vt 0.7879809737205505 0.7560020089149475
vt 0.7932789921760559 0.7560020089149475
vt 0.7932789921760559 0.7636550068855286
vt 0.35324299335479736 0.6281800270080566
vt 0.35475000739097595 0.6326879858970642
vt 0.5051940083503723 0.1801459938287735
vt 0.5770159959793091 0.1801459938287735
vt 0.5770159959793091 0.19427500665187836
vt 0.5051940083503723 0.19427500665187836
vt 0.3880319893360138 0.41916799545288086
vt 0.3880090117454529 0.4132840037345886
vt 0.3921299874782562 0.41151800751686096
vt 0.400395005941391 0.41210299730300903
vt 0.7548210024833679 0.045354001224040985
vt 0.7548199892044067 0.05654099956154823
vt 0.7477570176124573 0.05653899908065796
vt 0.7477570176124573 0.0453529991209507
vt 0.4403649866580963 0.708961009979248
vt 0.43664199113845825 0.7182689905166626
vt 0.4306800067424774 0.7152789831161499
vt 0.4345889985561371 0.706529974937439
vt 0.9561480283737183 0.4092409908771515
vt 0.9561470150947571 0.42631301283836365
vt 0.9502599835395813 0.42631301283836365
vt 0.9502609968185425 0.4092409908771515
vt 0.9840260148048401 0.1888210028409958
vt 0.9857919812202454 0.1888210028409958
vt 0.9857919812202454 0.19058699905872345
vt 0.9840260148048401 0.18999899923801422
vt 0.5367209911346436 0.7395660281181335
vt 0.5283430218696594 0.7330499887466431
vt 0.5316889882087708 0.7286139726638794
vt 0.5395069718360901 0.7349429726600647
vt 0.3193790018558502 0.669920027256012
vt 0.31452199816703796 0.6683909893035889
vt 0.15546000003814697 0.6763790249824524
vt 0.15546000003814697 0.6869750022888184
vt 0.14957299828529358 0.6881530284881592
vt 0.14957299828529358 0.6781449913978577
vt 0.7879869937896729 0.8728539943695068
vt 0.7879869937896729 0.855193018913269
vt 0.7903419733047485 0.8575479984283447
vt 0.7903419733047485 0.8704990148544312
vt 0.6682329773902893 0.49983400106430054
vt 0.6723139882087708 0.5020239949226379
vt 0.6371709704399109 0.5033929944038391
vt 0.641290009021759 0.5008839964866638
vt 0.5700979828834534 0.9805349707603455
vt 0.5700979828834534 0.978767991065979
vt 0.5718650221824646 0.9787669777870178
vt 0.5718640089035034 0.980534017086029
vt 0.6629509925842285 0.2108449935913086
vt 0.6628559827804565 0.36272600293159485
vt 0.6527810096740723 0.21087299287319183
vt 0.7552369832992554 0.3185049891471863
vt 0.7564629912376404 0.31968599557876587
vt 0.7534760236740112 0.322037011384964
vt 0.2078700065612793 0.8023290038108826
vt 0.19020900130271912 0.8023290038108826
vt 0.192562997341156 0.7993869781494141
vt 0.20551399886608124 0.7993869781494141
vt 0.4866439998149872 0.6959490180015564
vt 0.4860219955444336 0.6870689988136292
vt 0.4921630024909973 0.685342013835907
vt 0.4927330017089844 0.6936290264129639
vt 0.5201449990272522 0.7018160223960876
vt 0.5173519849777222 0.6934390068054199
vt 0.5229399800300598 0.6915630102157593
vt 0.5259180068969727 0.6993820071220398
vt 0.7112460136413574 0.1654440015554428
vt 0.7094839811325073 0.17367799580097198
vt 0.7000640034675598 0.17367999255657196
vt 0.7000600099563599 0.16544599831104279
vt 0.8496519923210144 0.9299529790878296
vt 0.8523569703102112 0.928288996219635
vt 0.8530740141868591 0.9302819967269897
vt 0.8508430123329163 0.932295024394989
vt 0.4850580096244812 0.9092440009117126
vt 0.48543301224708557 0.8924940228462219
vt 0.5001479983329773 0.8922650218009949
vt 0.4975230097770691 0.9097099900245667
vt 0.5824999809265137 0.8732150197029114
vt 0.577269971370697 0.8705099821090698
vt 0.5856549739837646 0.8543009757995605
vt 0.5908839702606201 0.8570050001144409
vt 0.4119029939174652 0.72222501039505
vt 0.4167430102825165 0.716268002986908
vt 0.42082101106643677 0.7192059755325317
vt 0.4156079888343811 0.7259079813957214
vt 0.2578740119934082 0.2414720058441162
vt 0.2843550145626068 0.24071000516414642
vt 0.2636460065841675 0.2700459957122803
vt 0.25190499424934387 0.2509489953517914
vt 0.338003009557724 0.9424600005149841
vt 0.3380019962787628 0.9595320224761963
vt 0.3321149945259094 0.9595320224761963
vt 0.3321160078048706 0.9424600005149841
vt 0.6828050017356873 0.21198800206184387
vt 0.6904630064964294 0.21201999485492706
vt 0.6229100227355957 0.717441976070404
vt 0.6281219720840454 0.7111120223999023
vt 0.6331459879875183 0.714663028717041
vt 0.627003014087677 0.7219229936599731
vt 0.9903910160064697 0.8854600191116333
vt 0.992156982421875 0.8854600191116333
vt 0.992156982421875 0.8872259855270386
vt 0.9903910160064697 0.8866379857063293
vt 0.9458580017089844 0.8530449867248535
vt 0.9448500275611877 0.855476975440979
vt 0.9423540234565735 0.8553029894828796
vt 0.943867027759552 0.8516560196876526
vt 0.23551799356937408 0.2812429964542389
vt 0.23551799356937408 0.27947700023651123
vt 0.861175000667572 0.5082299709320068
vt 0.861175000667572 0.49056899547576904
vt 0.8629400134086609 0.4858599901199341
vt 0.8629400134086609 0.512939989566803
vt 0.46527099609375 0.7760769724845886
vt 0.46527099609375 0.7690119743347168
vt 0.47056999802589417 0.7678350210189819
vt 0.47056999802589417 0.7748990058898926
vt 0.6608830094337463 0.4959850013256073
vt 0.6479970216751099 0.49648699164390564
vt 0.36962398886680603 0.7573649883270264
vt 0.3800489902496338 0.756991982460022
vt 0.38081100583076477 0.7629889845848083
vt 0.3696410059928894 0.7629899978637695
vt 0.5091689825057983 0.6435070037841797
vt 0.51419597864151 0.6340129971504211
vt 0.7575799822807312 0.32085999846458435
vt 0.6413050293922424 0.40864700078964233
vt 0.6458269953727722 0.40845900774002075
vt 0.6462759971618652 0.44725000858306885
vt 0.6416900157928467 0.44861000776290894
vt 0.618632972240448 0.7432900071144104
vt 0.608951985836029 0.7481300234794617
vt 0.20667299628257751 0.4797169864177704
vt 0.20961099863052368 0.48673099279403687
vt 0.1966550052165985 0.4866749942302704
vt 0.19548200070858002 0.4796609878540039
vt 0.5692930221557617 0.6102269887924194
vt 0.5605430006980896 0.6122739911079407
vt 0.5583109855651855 0.6059359908103943
vt 0.5678049921989441 0.6035159826278687
vt 0.6088190078735352 0.1890610009431839
vt 0.6088190078735352 0.18729500472545624
vt 0.6117630004882812 0.18670600652694702
vt 0.6123510003089905 0.18964900076389313
vt 0.5234439969062805 0.14835600554943085
vt 0.5587660074234009 0.14835600554943085
vt 0.1893559992313385 0.9850249886512756
vt 0.19112199544906616 0.9850260019302368
vt 0.19112199544906616 0.9867910146713257
vt 0.1893569976091385 0.9862020015716553
vt 0.6845679879188538 0.6935930252075195
vt 0.7493230104446411 0.6935930252075195
vt 0.7446140050888062 0.7024239897727966
vt 0.6892769932746887 0.7024229764938354
vt 0.0836080014705658 0.609233021736145
vt 0.08361600339412689 0.565654993057251
vt 0.7809159755706787 0.7760180234909058
vt 0.7809159755706787 0.7695419788360596
vt 0.7879809737205505 0.77013099193573
vt 0.7879809737205505 0.7766069769859314
vt 0.8947960138320923 0.21432599425315857
vt 0.8947659730911255 0.20370100438594818
vt 0.898281991481781 0.20379699766635895
vt 0.898311972618103 0.21442200243473053
vt 0.8360459804534912 0.9373649954795837
vt 0.8301590085029602 0.9373649954795837
vt 0.8301590085029602 0.9261789917945862
vt 0.8360459804534912 0.9261789917945862
vt 0.507860004901886 0.6753720045089722
vt 0.5087910294532776 0.665132999420166
vt 0.5153049826622009 0.6660730242729187
vt 0.5147460103034973 0.6751949787139893
vt 0.40079599618911743 0.942546010017395
vt 0.406684011220932 0.942546010017395
vt 0.4066849946975708 0.9596179723739624
vt 0.4007979929447174 0.9596179723739624
vt 0.4154190123081207 0.6266819834709167
vt 0.42323800921440125 0.6333829760551453
vt 0.41857799887657166 0.6380259990692139
vt 0.41168999671936035 0.6322550177574158
vt 0.9840009808540344 0.1575710028409958
vt 0.9857670068740845 0.15698300302028656
vt 0.9857659935951233 0.15874899923801422
vt 0.9840009808540344 0.15874899923801422
vt 0.9828169941902161 0.8493379950523376
vt 0.9845830202102661 0.8487489819526672
vt 0.9845830202102661 0.8505160212516785
vt 0.9828169941902161 0.8505160212516785
vt 0.3802970051765442 0.9327890276908875
vt 0.3802970051765442 0.9157050251960754
vt 0.3861590027809143 0.9157570004463196
vt 0.3861590027809143 0.9328410029411316
vt 0.2647410035133362 0.5678510069847107
vt 0.22961300611495972 0.5661420226097107
vt 0.22977900505065918 0.5561059713363647
vt 0.7772160172462463 0.031220000237226486
vt 0.7772169709205627 0.024152999743819237
vt 0.7825170159339905 0.02532700076699257
vt 0.7825160026550293 0.03239399939775467
vt 0.9476379752159119 0.8515030145645142
vt 0.9465360045433044 0.8493419885635376
vt 0.9888849854469299 0.6478430032730103
vt 0.9888849854469299 0.6490200161933899
vt 0.9871190190315247 0.6490200161933899
vt 0.9871190190315247 0.6472539901733398
vt 0.1742829978466034 0.6385459899902344
vt 0.17428399622440338 0.640317976474762
vt 0.16545699536800385 0.6403549909591675
vt 0.16545599699020386 0.6385769844055176
vt 0.3014949858188629 0.011776999570429325
vt 0.3097679913043976 0.012362999841570854
vt 0.3009380102157593 0.028257999569177628
vt 0.29443100094795227 0.025906000286340714
vt 0.5116689801216125 0.20487800240516663
vt 0.514631986618042 0.20781999826431274
vt 0.5063899755477905 0.22253799438476562
vt 0.5028390288352966 0.22018499672412872
vt 0.6335530281066895 0.014829999767243862
vt 0.6423799991607666 0.014806999824941158
vt 0.19873599708080292 0.7304649949073792
vt 0.19918900728225708 0.7357929944992065
vt 0.19210200011730194 0.7364050149917603
vt 0.19164900481700897 0.7310760021209717
vt 0.6082180142402649 0.3626750111579895
vt 0.6194790005683899 0.36272600293159485
vt 0.619422972202301 0.36448800563812256
vt 0.6087489724159241 0.3644370138645172
vt 0.24848100543022156 0.736939013004303
vt 0.24848100543022156 0.7457690238952637
vt 0.24141600728034973 0.7375270128250122
vt 0.700698971748352 0.19318200647830963
vt 0.6989319920539856 0.19200399518013
vt 0.6995199918746948 0.1890600025653839
vt 0.7018749713897705 0.1890600025653839
vt 0.4904699921607971 0.3732469975948334
vt 0.4934130012989044 0.3732469975948334
vt 0.4934130012989044 0.38855400681495667
vt 0.4904699921607971 0.38855400681495667
vt 0.5858610272407532 0.20899799466133118
vt 0.5804809927940369 0.2190140038728714
vt 0.5216140151023865 0.2190130054950714
vt 0.5158089995384216 0.2089969962835312
vt 0.276762992143631 0.695717990398407
vt 0.276762992143631 0.6974830031394958
vt 0.2744089961051941 0.6980710029602051
vt 0.2738189995288849 0.6963070034980774
vt 0.7810810208320618 0.3185049891471863
vt 0.7822579741477966 0.3196829855442047
vt 0.7810810208320618 0.322625994682312
vt 0.7793149948120117 0.322037011384964
vt 0.7585020065307617 0.973114013671875
vt 0.7566890120506287 0.9725210070610046
vt 0.63817298412323 0.7070310115814209
vt 0.6439449787139893 0.7101860046386719
vt 0.6385470032691956 0.718936026096344
vt 0.9363560080528259 0.9874789714813232
vt 0.9345899820327759 0.9874789714813232
vt 0.9345899820327759 0.9863020181655884
vt 0.9363560080528259 0.985713005065918
vt 0.484699010848999 0.7678350210189819
vt 0.484699010848999 0.7748990058898926
vt 0.477634996175766 0.7743110060691833
vt 0.4776340126991272 0.7678350210189819
vt 0.18035300076007843 0.004712999798357487
vt 0.18906599283218384 0.02522299997508526
vt 0.15395799279212952 0.0377580001950264
vt 0.14957299828529358 0.02644200064241886
vt 0.9047830104827881 0.13365499675273895
vt 0.9024279713630676 0.13365499675273895
vt 0.9030150175094604 0.13012200593948364
vt 0.9041929841041565 0.13012200593948364
vt 0.8999890089035034 0.6490210294723511
vt 0.8999919891357422 0.6342989802360535
vt 0.15474200248718262 0.9352970123291016
vt 0.14957299828529358 0.9364709854125977
vt 0.14957299828529358 0.9158629775047302
vt 0.15227200090885162 0.9205629825592041
vt 0.11894000321626663 0.6987059712409973
vt 0.08361800014972687 0.6987059712409973
vt 0.8092449903488159 0.8504019975662231
vt 0.8118330240249634 0.8508890271186829
vt 0.8029980063438416 0.8671479821205139
vt 0.8027049899101257 0.8618530035018921
vt 0.25436800718307495 0.7440029978752136
vt 0.25436800718307495 0.7516559958457947
vt 0.24848100543022156 0.7540109753608704
vt 0.991133987903595 0.946698009967804
vt 0.991133987903595 0.9449319839477539
vt 0.992900013923645 0.9449319839477539
vt 0.992900013923645 0.9461100101470947
vt 0.5293369889259338 0.9673060178756714
vt 0.5263940095901489 0.9643629789352417
vt 0.5263940095901489 0.9596530199050903
vt 0.5299260020256042 0.9596530199050903
vt 0.8741670250892639 0.9442470073699951
vt 0.8741670250892639 0.9265859723091125
vt 0.8765220046043396 0.928941011428833
vt 0.8765220046043396 0.9418920278549194
vt 0.473675012588501 0.5611820220947266
vt 0.47125598788261414 0.5693759918212891
vt 0.4619869887828827 0.569383978843689
vt 0.4626469910144806 0.5611900091171265
vt 0.3156319856643677 0.9512990117073059
vt 0.3156319856643677 0.9671940207481384
vt 0.3097440004348755 0.9671940207481384
vt 0.3097440004348755 0.9512990117073059
vt 0.7738519906997681 0.741873025894165
vt 0.7685539722442627 0.7489370107650757
vt 0.7685539722442627 0.7412850260734558
vt 0.46527099609375 0.7613599896430969
vt 0.47050100564956665 0.7607359886169434
vt 0.9192690253257751 0.9626410007476807
vt 0.919277012348175 0.9461449980735779
vt 0.925163984298706 0.9461449980735779
vt 0.9251570105552673 0.9626410007476807
vt 0.10990399867296219 0.24478699266910553
vt 0.12359599769115448 0.20905600488185883
vt 0.13143299520015717 0.20305900275707245
vt 0.11663699895143509 0.24954000115394592
vt 0.7548199892044067 0.06831499934196472
vt 0.7477570176124573 0.06831400096416473
vt 0.7393280267715454 0.826062023639679
vt 0.7416830062866211 0.8278279900550842
vt 0.43143200874328613 0.6877449750900269
vt 0.42642301321029663 0.6876000165939331
vt 0.40748199820518494 0.5198469758033752
vt 0.41042500734329224 0.5198469758033752
vt 0.41042500734329224 0.5787180066108704
vt 0.40748199820518494 0.5787180066108704
vt 0.6337140202522278 0.6645410060882568
vt 0.6318519711494446 0.6570950150489807
vt 0.6366860270500183 0.6556370258331299
vt 0.6389200091362 0.6638280153274536
vt 0.761896014213562 0.11009400337934494
vt 0.761900007724762 0.11891700327396393
vt 0.7548350095748901 0.1189190000295639
vt 0.7548310160636902 0.11127199977636337
vt 0.7289720177650452 0.1890600025653839
vt 0.7277950048446655 0.1890600025653839
vt 0.7277950048446655 0.18729500472545624
vt 0.7289720177650452 0.18670600652694702
vt 0.7028220295906067 0.8625609874725342
vt 0.6851609945297241 0.8625609874725342
vt 0.6851609945297241 0.8490210175514221
vt 0.7028220295906067 0.8490210175514221
vt 0.7809159755706787 0.741873025894165
vt 0.7879809737205505 0.741873025894165
vt 0.7879809737205505 0.7489370107650757
vt 0.4994809925556183 0.9400699734687805
vt 0.49828898906707764 0.9377269744873047
vt 0.1742829978466034 0.48666900396347046
vt 0.18487900495529175 0.4866560101509094
vt 0.18487900495529175 0.6385329961776733
vt 0.25436800718307495 0.7251650094985962
vt 0.25436800718307495 0.7351729869842529
vt 0.24848100543022156 0.7269309759140015
vt 0.9733870029449463 0.8487489819526672
vt 0.9733909964561462 0.8640480041503906
vt 0.9675040245056152 0.8640480041503906
vt 0.9674999713897705 0.8487489819526672
vt 0.5923290252685547 0.19200399518013
vt 0.5923290252685547 0.19082699716091156
vt 0.59586101770401 0.19141599535942078
vt 0.59586101770401 0.19377000629901886
vt 0.9058709740638733 0.5435960292816162
vt 0.9058480262756348 0.5276399850845337
vt 0.9089159965515137 0.5242260098457336
vt 0.9089159965515137 0.5490409731864929
vt 0.7875570058822632 0.31732800602912903
vt 0.7875570058822632 0.3190929889678955
vt 0.7852020263671875 0.3196820020675659
vt 0.7846130132675171 0.31791698932647705
vt 0.6098650097846985 0.9789869785308838
vt 0.6116309762001038 0.978987991809845
vt 0.6116309762001038 0.9807530045509338
vt 0.6098650097846985 0.9801639914512634
vt 0.018602000549435616 0.9105089902877808
vt 0.004712999798357487 0.9108700156211853
vt 0.00481700012460351 0.8899070024490356
vt 0.018240999430418015 0.8899070024490356
vt 0.3562520146369934 0.8670859932899475
vt 0.3497759997844696 0.857666015625
vt 0.3497759997844696 0.8523679971694946
vt 0.3586060106754303 0.8653200268745422
vt 0.4846999943256378 0.7866740226745605
vt 0.4846999943256378 0.7919719815254211
vt 0.4776360094547272 0.7907940149307251
vt 0.1383810043334961 0.48082101345062256
vt 0.14014700055122375 0.48082101345062256
vt 0.14014700055122375 0.553820013999939
vt 0.1383810043334961 0.553820013999939
vt 0.7879809737205505 0.7877920269966125
vt 0.7879809737205505 0.782492995262146
vt 0.7932789921760559 0.7848479747772217
vt 0.7932789921760559 0.7907350063323975
vt 0.40158799290657043 0.5922650098800659
vt 0.4009999930858612 0.5952079892158508
vt 0.3980560004711151 0.5952079892158508
vt 0.5141890048980713 0.7047849893569946
vt 0.511023998260498 0.6956629753112793
vt 0.7477710247039795 0.11891700327396393
vt 0.7477660179138184 0.11009400337934494
vt 0.4873499870300293 0.9406359791755676
vt 0.4855560064315796 0.9371190071105957
vt 0.48802900314331055 0.9367470145225525
vt 0.48922601342201233 0.9390919804573059
vt 0.7032700181007385 0.7419040203094482
vt 0.7032480239868164 0.7778149843215942
vt 0.29443100094795227 0.9136090278625488
vt 0.2960430085659027 0.9096140265464783
vt 0.30993199348449707 0.909974992275238
vt 0.3088360130786896 0.9113889932632446
vt 0.8634589910507202 0.3638420104980469
vt 0.864637017250061 0.3644300103187561
vt 0.864637017250061 0.36619600653648376
vt 0.8634589910507202 0.36619600653648376
vt 0.01354300044476986 0.46845200657844543
vt 0.014720999635756016 0.467274010181427
vt 0.01825300045311451 0.46845200657844543
vt 0.01825300045311451 0.4702180027961731
vt 0.5558949708938599 0.7490599751472473
vt 0.5454710125923157 0.7449640035629272
vt 0.5482569932937622 0.7403420209884644
vt 0.5575649738311768 0.7440659999847412
vt 0.7618860006332397 0.06831400096416473
vt 0.7618870139122009 0.07949600368738174
vt 0.8404790163040161 0.5616210103034973
vt 0.8452789783477783 0.5608950257301331
vt 0.8455020189285278 0.5709699988365173
vt 0.8408139944076538 0.5705230236053467
vt 0.8936309814453125 0.18054600059986115
vt 0.8936309814453125 0.19406400620937347
vt 0.8901150226593018 0.19416600465774536
vt 0.8901150226593018 0.18064799904823303
vt 0.35884401202201843 0.7622460126876831
vt 0.3480469882488251 0.7596399784088135
vt 0.3503729999065399 0.9690579771995544
vt 0.35449400544166565 0.9690579771995544
vt 0.35449400544166565 0.9802430272102356
vt 0.3503729999065399 0.9802430272102356
vt 0.4066750109195709 0.5063130259513855
vt 0.4084329903125763 0.5063130259513855
vt 0.40826699137687683 0.5104209780693054
vt 0.4065079987049103 0.5104209780693054
vt 0.37762999534606934 0.6250140070915222
vt 0.38619399070739746 0.6265029907226562
vt 0.3847219944000244 0.6313830018043518
vt 0.3774619996547699 0.630079984664917
vt 0.6398509740829468 0.6722059845924377
vt 0.6450610160827637 0.6621659994125366
vt 0.6461780071258545 0.6718469858169556
vt 0.029721999540925026 0.16489599645137787
vt 0.02273399941623211 0.16622599959373474
vt 0.010483999736607075 0.15397599339485168
vt 0.014983000233769417 0.1450359970331192
vt 0.8509929776191711 0.7880100011825562
vt 0.8503929972648621 0.7852429747581482
vt 0.8627039790153503 0.7859600186347961
vt 0.8633040189743042 0.7887269854545593
vt 0.985834002494812 0.5757290124893188
vt 0.984067976474762 0.5757290124893188
vt 0.984067976474762 0.574550986289978
vt 0.985834002494812 0.5739629864692688
vt 0.84409499168396 0.507053017616272
vt 0.8423290252685547 0.507053017616272
vt 0.8405629992485046 0.5017549991607666
vt 0.8464499711990356 0.5017549991607666
vt 0.3705750107765198 0.7397260069847107
vt 0.370371013879776 0.7447119951248169
vt 0.7452120184898376 0.5364009737968445
vt 0.6898769736289978 0.5364009737968445
vt 0.6851670145988464 0.5275700092315674
vt 0.7499210238456726 0.5275710225105286
vt 0.21903899312019348 0.48681798577308655
vt 0.21903899312019348 0.6386950016021729
vt 0.20961099863052368 0.6386079788208008
vt 0.5003420114517212 0.9803810119628906
vt 0.5003420114517212 0.9792029857635498
vt 0.5021089911460876 0.9792029857635498
vt 0.5021079778671265 0.9809690117835999
vt 0.5804809927940369 0.37560901045799255
vt 0.5858610272407532 0.3856090009212494
vt 0.5158089995384216 0.3856079876422882
vt 0.5216140151023865 0.37560799717903137
vt 0.9276360273361206 0.4358130097389221
vt 0.9276350140571594 0.45759499073028564
vt 0.9217479825019836 0.45759499073028564
vt 0.9217479825019836 0.4358130097389221
vt 0.8084220290184021 0.31701400876045227
vt 0.817113995552063 0.3314580023288727
vt 0.8139349818229675 0.33713001012802124
vt 0.8052250146865845 0.3248090147972107
vt 0.36030900478363037 0.6195989847183228
vt 0.3692449927330017 0.6184819936752319
vt 0.3696250021457672 0.6252009868621826
vt 0.3612479865550995 0.6261320114135742
vt 0.45807701349258423 0.20841099321842194
vt 0.4657309949398041 0.21429799497127533
vt 0.45807701349258423 0.3555859923362732
vt 0.027070000767707825 0.48667699098587036
vt 0.027070000767707825 0.6385539770126343
vt 0.014124000445008278 0.6386100053787231
vt 0.014124000445008278 0.486734002828598
vt 0.28218498826026917 0.6397839784622192
vt 0.28090301156044006 0.6409540176391602
vt 0.2791450023651123 0.6397759914398193
vt 0.27984198927879333 0.638018012046814
vt 0.8027049899101257 0.7983949780464172
vt 0.8155030012130737 0.812578022480011
vt 0.8166080117225647 0.8225759863853455
vt 0.8027049899101257 0.8366590142250061
vt 0.5116699934005737 0.8383380174636841
vt 0.5046049952507019 0.830685019493103
vt 0.5104910135269165 0.8265640139579773
vt 0.5163779854774475 0.8324509859085083
vt 0.4899980127811432 0.7825530171394348
vt 0.4899980127811432 0.7890290021896362
vt 0.4846999943256378 0.7807869911193848
vt 0.9135980010032654 0.23677000403404236
vt 0.9135980010032654 0.24911899864673615
vt 0.909496009349823 0.24919399619102478
vt 0.909496009349823 0.236845001578331
vt 0.8307480216026306 0.9644520282745361
vt 0.8278040289878845 0.967395007610321
vt 0.8272160291671753 0.95974200963974
vt 0.8307480216026306 0.95974200963974
vt 0.9646139740943909 0.11717099696397781
vt 0.9705020189285278 0.11717099696397781
vt 0.9705010056495667 0.13247700035572052
vt 0.9646139740943909 0.13247700035572052
vt 0.9871190190315247 0.6507859826087952
vt 0.9888849854469299 0.6501979827880859
vt 0.07067500054836273 0.7187119722366333
vt 0.0707859992980957 0.6832150220870972
vt 0.07358600199222565 0.6857230067253113
vt 0.07346100360155106 0.7194420099258423
vt 0.5081560015678406 0.3708910048007965
vt 0.5163159966468811 0.3650110065937042
vt 0.6105780005455017 0.762395977973938
vt 0.6141089797019958 0.7688720226287842
vt 0.6058679819107056 0.7741699814796448
vt 0.6011589765548706 0.7682830095291138
vt 0.7436929941177368 0.13650399446487427
vt 0.7539709806442261 0.1543699949979782
vt 0.749800980091095 0.15531200170516968
vt 0.7418720126152039 0.1455399990081787
vt 0.3796209990978241 0.8458979725837708
vt 0.3838300108909607 0.8466770052909851
vt 0.39129799604415894 0.8568750023841858
vt 0.3913710117340088 0.8634269833564758
vt 0.992156982421875 0.8984180092811584
vt 0.992156982421875 0.8995959758758545
vt 0.9903910160064697 0.9001849889755249
vt 0.9903910160064697 0.8984180092811584
vt 0.3975430130958557 0.7461829781532288
vt 0.4001539945602417 0.7521510124206543
vt 0.39010199904441833 0.7555019855499268
vt 0.4507569968700409 0.9156960248947144
vt 0.4486500024795532 0.9155750274658203
vt 0.44849100708961487 0.9129469990730286
vt 0.451323002576828 0.9119700193405151
vt 0.18487900495529175 0.6403049826622009
vt 0.18488700687885284 0.6486279964447021
vt 0.17605699598789215 0.6486340165138245
vt 0.7966470122337341 0.06712300330400467
vt 0.7966449856758118 0.06065100058913231
vt 0.801941990852356 0.061831001192331314
vt 0.8019440174102783 0.06830400228500366
vt 0.484699010848999 0.7607709765434265
vt 0.4775960147380829 0.7607520222663879
vt 0.24848100543022156 0.682778000831604
vt 0.24848100543022156 0.6715930104255676
vt 0.25436800718307495 0.6727700233459473
vt 0.25436800718307495 0.682778000831604
vt 0.7618880271911621 0.03475299850106239
vt 0.7618860006332397 0.0453529991209507
vt 0.7548230290412903 0.03416600078344345
vt 0.747564971446991 0.7354530096054077
vt 0.7569469809532166 0.7295659780502319
vt 0.7569010257720947 0.8025630116462708
vt 0.747530996799469 0.7896119952201843
vt 0.46270298957824707 0.5594279766082764
vt 0.4514009952545166 0.5611820220947266
vt 0.4514560103416443 0.5594199895858765
vt 0.20550799369812012 0.7693740129470825
vt 0.20550699532032013 0.7646660208702087
vt 0.2078620046377182 0.7623100280761719
vt 0.2078630030155182 0.7693729996681213
vt 0.2817470133304596 0.9809309840202332
vt 0.2817470133304596 0.9797530174255371
vt 0.28351300954818726 0.9797530174255371
vt 0.28351300954818726 0.9815189838409424
vt 0.9914870262145996 0.49351999163627625
vt 0.9931899905204773 0.4941039979457855
vt 0.9932439923286438 0.4952859878540039
vt 0.9915400147438049 0.49529001116752625
vt 0.6688899993896484 0.652891993522644
vt 0.6706569790840149 0.6534870266914368
vt 0.6706550121307373 0.6570000052452087
vt 0.6688889861106873 0.6569939851760864
vt 0.7879809737205505 0.7348089814186096
vt 0.7932789921760559 0.7336310148239136
vt 0.7932789921760559 0.7412850260734558
vt 0.40443000197410583 0.6272289752960205
vt 0.4083470106124878 0.6371129751205444
vt 0.4012730121612549 0.6326450109481812
vt 0.6240329742431641 0.7084739804267883
vt 0.6281279921531677 0.7017729878425598
vt 0.6327760219573975 0.704596996307373
vt 0.027140000835061073 0.8163579702377319
vt 0.025011999532580376 0.8187280297279358
vt 0.012116000056266785 0.8187280297279358
vt 0.009554999880492687 0.8163579702377319
vt 0.4377540051937103 0.6787930130958557
vt 0.43775299191474915 0.6880999803543091
vt 0.43124499917030334 0.6797410249710083
vt 0.2626200020313263 0.45078399777412415
vt 0.26085400581359863 0.45078399777412415
vt 0.26085400581359863 0.2953670024871826
vt 0.2626200020313263 0.2953670024871826
vt 0.5776690244674683 0.7414690256118774
vt 0.5687329769134521 0.7403519749641418
vt 0.5696669816970825 0.7338230013847351
vt 0.5780439972877502 0.7347530126571655
vt 0.7142400145530701 0.18605799973011017
vt 0.7166029810905457 0.18595099449157715
vt 0.7154330015182495 0.18877199292182922
vt 0.7136589884757996 0.18887999653816223
vt 0.208173006772995 0.9685930013656616
vt 0.2117059975862503 0.9685930013656616
vt 0.2117059975862503 0.9803670048713684
vt 0.208173006772995 0.9803670048713684
vt 0.270563006401062 0.9687409996986389
vt 0.2670480012893677 0.9686179757118225
vt 0.2670480012893677 0.953262984752655
vt 0.270563006401062 0.9533860087394714
vt 0.9816700220108032 0.2595849931240082
vt 0.9816709756851196 0.2731260061264038
vt 0.1148110032081604 0.6557440161705017
vt 0.11010199785232544 0.6557430028915405
vt 0.587037980556488 0.38678601384162903
vt 0.5870190262794495 0.39090898633003235
vt 0.5146129727363586 0.39090800285339355
vt 0.514631986618042 0.38678601384162903
vt 0.01825300045311451 0.2812440097332001
vt 0.01825300045311451 0.2794780135154724
vt 0.09125000238418579 0.2794789969921112
vt 0.09066099673509598 0.28124499320983887
vt 0.10679800063371658 0.21447600424289703
vt 0.12275400012731552 0.20412200689315796
vt 0.10557500272989273 0.21723200380802155
vt 0.6111810207366943 0.014825999736785889
vt 0.5982239842414856 0.014785000123083591
vt 0.5988119840621948 0.013013999909162521
vt 0.621487021446228 0.20374900102615356
vt 0.6311929821968079 0.20377199351787567
vt 0.6305069923400879 0.21087299287319183
vt 0.6195740103721619 0.2108449935913086
vt 0.1625249981880188 0.7617409825325012
vt 0.1625249981880188 0.7546759843826294
vt 0.16958899796009064 0.754086971282959
vt 0.16605700552463531 0.7629179954528809
vt 0.7907209992408752 0.6974939703941345
vt 0.7986180186271667 0.6996989846229553
vt 0.7978929877281189 0.7044990062713623
vt 0.7894089818000793 0.7023500204086304
vt 0.7683950066566467 0.5547559857368469
vt 0.7644039988517761 0.553193986415863
vt 0.7688130140304565 0.544152021408081
vt 0.7726920247077942 0.5468860268592834
vt 0.44315698742866516 0.6987230181694031
vt 0.4366370141506195 0.6977810263633728
vt 0.653469979763031 0.9519619941711426
vt 0.6570019721984863 0.9519619941711426
vt 0.6570029854774475 0.9678570032119751
vt 0.653469979763031 0.9678570032119751
vt 0.7838410139083862 0.9508029818534851
vt 0.7855989933013916 0.950776994228363
vt 0.7855989933013916 0.9666579961776733
vt 0.7838410139083862 0.9666829705238342
vt 0.436286985874176 0.7302230000495911
vt 0.4292129874229431 0.7387869954109192
vt 0.4252859950065613 0.7344650030136108
vt 0.431428998708725 0.7268319725990295
vt 0.992343008518219 0.2874319851398468
vt 0.992343008518219 0.2886100113391876
vt 0.990576982498169 0.2886100113391876
vt 0.990576982498169 0.2868439853191376
vt 0.7966489791870117 0.0730070024728775
vt 0.7966520190238953 0.07830099761486053
vt 0.04389199987053871 0.9546489715576172
vt 0.04389199987053871 0.9511160254478455
vt 0.046835001558065414 0.9505280256271362
vt 0.0468359999358654 0.9540600180625916
vt 0.4048660099506378 0.8326579928398132
vt 0.40936899185180664 0.8328449726104736
vt 0.4094200134277344 0.8616179823875427
vt 0.4048979878425598 0.8637800216674805
vt 0.6085749864578247 0.6077979803085327
vt 0.5985220074653625 0.6044470071792603
vt 0.5998319983482361 0.5986449718475342
vt 0.6110010147094727 0.6023679971694946
vt 0.30502599477767944 0.4286009967327118
vt 0.313852995634079 0.4286069869995117
vt 0.9759209752082825 0.6590380072593689
vt 0.9723889827728271 0.6590380072593689
vt 0.9723950028419495 0.6472539901733398
vt 0.9759269952774048 0.6472539901733398
vt 0.46527099609375 0.6439579725265503
vt 0.4653109908103943 0.6333619952201843
vt 0.4708470106124878 0.6327670216560364
vt 0.47080299258232117 0.6445410251617432
vt 0.025860000401735306 0.9769229888916016
vt 0.025913000106811523 0.9786930084228516
vt 0.02410000003874302 0.9786890149116516
vt 0.024046000093221664 0.9775069952011108
vt 0.8664029836654663 0.36619600653648376
vt 0.8664029836654663 0.3638420104980469
vt 0.24141600728034973 0.6710039973258972
vt 0.24141600728034973 0.6604070067405701
vt 0.24848100543022156 0.6609960198402405
vt 0.4676620066165924 0.9791100025177002
vt 0.46942800283432007 0.9785209894180298
vt 0.46942800283432007 0.9802870154380798
vt 0.4676620066165924 0.9802870154380798
vt 0.5263940095901489 0.9549440145492554
vt 0.5293369889259338 0.9520000219345093
vt 0.6967970132827759 0.9925389885902405
vt 0.6985629796981812 0.9919509887695312
vt 0.11010000109672546 0.60275799036026
vt 0.11480999737977982 0.6051110029220581
vt 0.14957299828529358 0.7317169904708862
vt 0.14957299828529358 0.7211199998855591
vt 0.15369300544261932 0.7211199998855591
vt 0.15545900166034698 0.7328940033912659
vt 0.8672549724578857 0.6101909875869751
vt 0.8676789999008179 0.5753809809684753
vt 0.8707770109176636 0.5789909958839417
vt 0.8707770109176636 0.6108289957046509
vt 0.02755099907517433 0.8481460213661194
vt 0.029905999079346657 0.8528559803962708
vt 0.029905999079346657 0.8705170154571533
vt 0.02755099907517433 0.8752269744873047
vt 0.2819800078868866 0.7538939714431763
vt 0.2826490104198456 0.7950800061225891
vt 0.27967000007629395 0.7967550158500671
vt 0.27937498688697815 0.7537450194358826
vt 0.6601729989051819 0.20374900102615356
vt 0.6688969731330872 0.20370100438594818
vt 0.6727920174598694 0.21079300343990326
vt 0.3856860101222992 0.5851889848709106
vt 0.3827430009841919 0.5851889848709106
vt 0.3827430009841919 0.5745919942855835
vt 0.3856860101222992 0.5745919942855835
vt 0.9002540111541748 0.950954020023346
vt 0.9002540111541748 0.9533089995384216
vt 0.8973100185394287 0.9533089995384216
vt 0.8973100185394287 0.9497770071029663
vt 0.6582630276679993 0.01471600029617548
vt 0.6506180167198181 0.01477499958127737
vt 0.6500279903411865 0.013000000268220901
vt 0.6576730012893677 0.01294500008225441
vt 0.21316100656986237 0.7623090147972107
vt 0.21080699563026428 0.7711380124092102
vt 0.13838200271129608 0.4761100113391876
vt 0.14014799892902374 0.4761100113391876
vt 0.7685539722442627 0.7907350063323975
vt 0.7685539722442627 0.7848479747772217
vt 0.7738519906997681 0.782492995262146
vt 0.7738519906997681 0.7877920269966125
vt 0.5340390205383301 0.9272630214691162
vt 0.5340390205383301 0.9402139782905579
vt 0.531682014465332 0.9425680041313171
vt 0.531682014465332 0.9249070286750793
vt 0.7260289788246155 0.18670600652694702
vt 0.7260289788246155 0.1890600025653839
vt 0.9910969734191895 0.2743090093135834
vt 0.9910969734191895 0.2731330096721649
vt 0.9928629994392395 0.2725430130958557
vt 0.9928629994392395 0.2743090093135834
vt 0.8588129878044128 0.9403640031814575
vt 0.8605539798736572 0.9379919767379761
vt 0.8624550104141235 0.9393929839134216
vt 0.8603579998016357 0.942234992980957
vt 0.7260289788246155 0.1914149969816208
vt 0.7277950048446655 0.19082699716091156
vt 0.7277950048446655 0.19259299337863922
vt 0.7260289788246155 0.19318200647830963
vt 0.6851670145988464 0.39334601163864136
vt 0.7499210238456726 0.39334699511528015
vt 0.9783650040626526 0.9770569801330566
vt 0.9783650040626526 0.9803869724273682
vt 0.9646279811859131 0.9816359877586365
vt 0.9683740139007568 0.9778890013694763
vt 0.7940319776535034 0.322625994682312
vt 0.7957990169525146 0.322037011384964
vt 0.7957990169525146 0.3644239902496338
vt 0.7940319776535034 0.3644239902496338
vt 0.5962859988212585 0.7396079897880554
vt 0.5871639847755432 0.740909993648529
vt 0.5860490202903748 0.7349399924278259
vt 0.5946130156517029 0.7334510087966919
vt 0.650609016418457 0.7688720226287842
vt 0.6500200033187866 0.7824119925498962
vt 0.6146979928016663 0.7824119925498962
vt 0.9799280166625977 0.1318950057029724
vt 0.9799280166625977 0.13071799278259277
vt 0.9816939830780029 0.13012899458408356
vt 0.9816939830780029 0.1318950057029724
vt 0.4301069974899292 0.4074710011482239
vt 0.44067299365997314 0.4075149893760681
vt 0.44057801365852356 0.5593960285186768
vt 0.4300119876861572 0.5593529939651489
vt 0.4847620129585266 0.7537299990653992
vt 0.47767001390457153 0.7537019848823547
vt 0.9219560027122498 0.7195050120353699
vt 0.9219560027122498 0.7324560284614563
vt 0.9195979833602905 0.7348099946975708
vt 0.9195979833602905 0.717149019241333
vt 0.5063580274581909 0.5687059760093689
vt 0.5081239938735962 0.5675280094146729
vt 0.5145999789237976 0.5834230184555054
vt 0.5028390288352966 0.5710579752922058
vt 0.5116699934005737 0.5863649845123291
vt 0.6082090139389038 0.6274949908256531
vt 0.6011350154876709 0.6245160102844238
vt 0.6033629775047302 0.6197080016136169
vt 0.6108099818229675 0.6234310269355774
vt 0.7879809737205505 0.7171469926834106
vt 0.7879809737205505 0.7224460244178772
vt 0.7809159755706787 0.7230349779129028
vt 0.7809159755706787 0.717736005783081
vt 0.6686499714851379 0.4622490108013153
vt 0.6727920174598694 0.46032801270484924
vt 0.5974040031433105 0.7455549836158752
vt 0.5987129807472229 0.7509229779243469
vt 0.742917001247406 0.17234699428081512
vt 0.7427390217781067 0.1657940000295639
vt 0.12752899527549744 0.19021500647068024
vt 0.13437500596046448 0.1539749950170517
vt 0.14014700055122375 0.14579899609088898
vt 0.134319007396698 0.19284600019454956
vt 0.8377439975738525 0.6758670210838318
vt 0.8404790163040161 0.6673269867897034
vt 0.8446930050849915 0.6681079864501953
vt 0.8420699834823608 0.6778200268745422
vt 0.7772219777107239 0.010604999959468842
vt 0.7772240042686462 0.004712999798357487
vt 0.7825239896774292 0.007652999833226204
vt 0.7825220227241516 0.01295700017362833
vt 0.9185400009155273 0.3025679886341095
vt 0.919717013835907 0.3031559884548187
vt 0.919717013835907 0.3061000108718872
vt 0.9185400009155273 0.3055109977722168
vt 0.03284899890422821 0.8681619763374329
vt 0.03284899890422821 0.8552110195159912
vt 0.9272029995918274 0.23490899801254272
vt 0.9330909848213196 0.23490899801254272
vt 0.9330909848213196 0.24962599575519562
vt 0.9272029995918274 0.24962599575519562
vt 0.9570990204811096 0.8651160001754761
vt 0.9545440077781677 0.8657730221748352
vt 0.9543359875679016 0.862837016582489
vt 0.9560649991035461 0.8621159791946411
vt 0.9774330258369446 0.8836939930915833
vt 0.9809650182723999 0.8836939930915833
vt 0.9809640049934387 0.8972340226173401
vt 0.9774320125579834 0.8972340226173401
vt 0.5564550161361694 0.6003190279006958
vt 0.5672529935836792 0.5977129936218262
vt 0.7810810208320618 0.3644239902496338
vt 0.7793149948120117 0.3644239902496338
vt 0.6119120121002197 0.3857010006904602
vt 0.6148430109024048 0.3857010006904602
vt 0.6147980093955994 0.4581100046634674
vt 0.6118670105934143 0.4581100046634674
vt 0.49431300163269043 0.9282159805297852
vt 0.49393999576568604 0.9257460236549377
vt 0.4221709966659546 0.9696270227432251
vt 0.4221700131893158 0.9725729823112488
vt 0.4192250072956085 0.97257399559021
vt 0.4192270040512085 0.9690390229225159
vt 0.34190601110458374 0.7300480008125305
vt 0.34823501110076904 0.7341430187225342
vt 0.34598299860954285 0.738569974899292
vt 0.33890900015830994 0.7341030240058899
vt 0.7548249959945679 0.023564999923110008
vt 0.7477610111236572 0.0241519995033741
vt 0.7477650046348572 0.014138000085949898
vt 0.6682479977607727 0.40759798884391785
vt 0.6723229885101318 0.4039120078086853
vt 0.6727370023727417 0.4503389894962311
vt 0.668632984161377 0.44756099581718445
vt 0.8268420100212097 0.7295100092887878
vt 0.8138909935951233 0.7295100092887878
vt 0.8115360140800476 0.7265669703483582
vt 0.8291980028152466 0.7265669703483582
vt 0.9910969734191895 0.2754870057106018
vt 0.9928629994392395 0.27607500553131104
vt 0.355648010969162 0.5875610113143921
vt 0.355648010969162 0.4356760084629059
vt 0.9911419749259949 0.09184999763965607
vt 0.9929080009460449 0.09184999763965607
vt 0.9929080009460449 0.09302700310945511
vt 0.9911419749259949 0.09361600130796432
vt 0.36906400322914124 0.6123499870300293
vt 0.3791170120239258 0.6127219796180725
vt 0.37874001264572144 0.6190400123596191
vt 0.8540329933166504 0.3558729887008667
vt 0.8511300086975098 0.3554750084877014
vt 0.8514140248298645 0.31567901372909546
vt 0.8540329933166504 0.3155609965324402
vt 0.27028799057006836 0.6968939900398254
vt 0.2714639902114868 0.6980730295181274
vt 0.27028700709342957 0.7010160088539124
vt 0.2685210108757019 0.7004259824752808
vt 0.6845679879188538 0.5593690276145935
vt 0.6822180151939392 0.5587800145149231
vt 0.688103973865509 0.548183023929596
vt 0.6892769932746887 0.5505380034446716
vt 0.24848100543022156 0.7163339853286743
vt 0.24141600728034973 0.7275199890136719
vt 0.24141600728034973 0.7169229984283447
vt 0.633446991443634 0.9431189894676208
vt 0.633446991443634 0.9248690009117126
vt 0.636389970779419 0.9260470271110535
vt 0.6363909840583801 0.9419419765472412
vt 0.6348310112953186 0.6723600029945374
vt 0.587007999420166 0.5834239721298218
vt 0.6782799959182739 0.163674995303154
vt 0.6682779788970947 0.16543200612068176
vt 0.6676880121231079 0.1636669933795929
vt 0.6088190078735352 0.19200399518013
vt 0.6088190078735352 0.19082699716091156
vt 0.6123510003089905 0.19141599535942078
vt 0.6123510003089905 0.19377000629901886
vt 0.9442830085754395 0.24609500169754028
vt 0.9442830085754395 0.23314300179481506
vt 0.9472270011901855 0.23078900575637817
vt 0.9472270011901855 0.24844999611377716
vt 0.7618910074234009 0.0241519995033741
vt 0.2720459997653961 0.2953670024871826
vt 0.2738119959831238 0.2953670024871826
vt 0.2738119959831238 0.45078399777412415
vt 0.2720459997653961 0.45078399777412415
vt 0.6240270137786865 0.6340429782867432
vt 0.6342639923095703 0.6368489861488342
vt 0.8806319832801819 0.2595849931240082
vt 0.8806319832801819 0.29490798711776733
vt 0.8782770037651062 0.290787011384964
vt 0.8782770037651062 0.2637070119380951
vt 0.5087910294532776 0.6856110095977783
vt 0.5153049826622009 0.6846889853477478
vt 0.5063580274581909 0.41917499899864197
vt 0.5081239938735962 0.4203529953956604
vt 0.32267799973487854 0.43568000197410583
vt 0.32267799973487854 0.587565004825592
vt 0.7772150039672852 0.054179999977350235
vt 0.7772150039672852 0.04652800038456917
vt 0.7825149893760681 0.04652399942278862
vt 0.7825149893760681 0.05358799919486046
vt 0.3338809907436371 0.9913390278816223
vt 0.3321149945259094 0.9913390278816223
vt 0.3321149945259094 0.9895730018615723
vt 0.3338809907436371 0.9901620149612427
vt 0.8229529857635498 0.5345230102539062
vt 0.8251579999923706 0.5300019979476929
vt 0.8318549990653992 0.5341879725456238
vt 0.8285350203514099 0.5380110144615173
vt 0.807030975818634 0.41714000701904297
vt 0.8157410025596619 0.4048190116882324
vt 0.8189100027084351 0.4104909896850586
vt 0.8102179765701294 0.4249350130558014
vt 0.5108389854431152 0.6552670001983643
vt 0.516979992389679 0.6573240160942078
vt 0.8707770109176636 0.6599289774894714
vt 0.8672590255737305 0.660565972328186
vt 0.8672590255737305 0.6287279725074768
vt 0.8703529834747314 0.6251189708709717
vt 0.5231260061264038 0.659358024597168
vt 0.5210790038108826 0.6673629879951477
vt 0.4036259949207306 0.9321380257606506
vt 0.40079599618911743 0.9331200122833252
vt 0.4013639986515045 0.929394006729126
vt 0.638733983039856 0.6885870099067688
vt 0.6396650075912476 0.6802099943161011
vt 0.6461780071258545 0.6811550259590149
vt 0.6450610160827637 0.690090000629425
vt 0.41970300674438477 0.6488400101661682
vt 0.42435699701309204 0.6553549766540527
vt 0.41972100734710693 0.658187985420227
vt 0.4156250059604645 0.6514859795570374
vt 0.8634089827537537 0.39159899950027466
vt 0.8619549870491028 0.40437400341033936
vt 0.8437989950180054 0.4051559865474701
vt 0.8405560255050659 0.3821609914302826
vt 0.4286290109157562 0.36029601097106934
vt 0.4256860017776489 0.36029601097106934
vt 0.4256860017776489 0.3496989905834198
vt 0.4286290109157562 0.3496989905834198
vt 0.1976500004529953 0.6974310278892517
vt 0.1977269947528839 0.7044990062713623
vt 0.1905830055475235 0.7045180201530457
vt 0.19050699472427368 0.6974490284919739
vt 0.4676220118999481 0.5846629738807678
vt 0.47327399253845215 0.5823100209236145
vt 0.5152469873428345 0.5616329908370972
vt 0.3009380102157593 0.18367500603199005
vt 0.29443100094795227 0.1860329955816269
vt 0.7112450003623962 0.011793999932706356
vt 0.7218449711799622 0.011789999902248383
vt 0.7218449711799622 0.163674995303154
vt 0.7112450003623962 0.16367900371551514
vt 0.2803199887275696 0.636243999004364
vt 0.2769109904766083 0.6374289989471436
vt 0.27680298686027527 0.6356549859046936
vt 0.537093997001648 0.6099990010261536
vt 0.5464019775390625 0.6044149994850159
vt 0.549003005027771 0.6096590161323547
vt 0.5404390096664429 0.6148710250854492
vt 0.08360599726438522 0.6304360032081604
vt 0.11892800033092499 0.6304360032081604
vt 0.11893100291490555 0.652213990688324
vt 0.08360899984836578 0.652213990688324
vt 0.6118050217628479 0.382750004529953
vt 0.614736020565033 0.3821609914302826
vt 0.026179999113082886 0.7840790152549744
vt 0.028689999133348465 0.7811480164527893
vt 0.02763199992477894 0.8140389919281006
vt 0.025178000330924988 0.8140310049057007
vt 0.8568170070648193 0.941087007522583
vt 0.8580129742622375 0.9434319734573364
vt 0.7113010287284851 0.18893299996852875
vt 0.7142400145530701 0.19191999733448029
vt 0.7124699950218201 0.1931460052728653
vt 0.8403670191764832 0.690991997718811
vt 0.8317720293998718 0.7000899910926819
vt 0.8741670250892639 0.9792270064353943
vt 0.8759329915046692 0.9786379933357239
vt 0.8759329915046692 0.9804049730300903
vt 0.8741670250892639 0.9804049730300903
vt 0.03167499974370003 0.7823290228843689
vt 0.03067299909889698 0.8122810125350952
vt 0.4457069933414459 0.3496989905834198
vt 0.448650985956192 0.3496989905834198
vt 0.4486500024795532 0.36029601097106934
vt 0.4457069933414459 0.36029601097106934
vt 0.784246027469635 0.6295130252838135
vt 0.7786650061607361 0.6330010294914246
vt 0.7753440141677856 0.6291769742965698
vt 0.7820420265197754 0.6249920129776001
vt 0.6117560267448425 0.47459399700164795
vt 0.6146990060806274 0.47459399700164795
vt 0.6146990060806274 0.547003984451294
vt 0.6117560267448425 0.547003984451294
vt 0.9767580032348633 0.4805609881877899
vt 0.976760983467102 0.4940969944000244
vt 0.35331499576568604 0.8829900026321411
vt 0.35920199751853943 0.8829900026321411
vt 0.3592030107975006 0.9012389779090881
vt 0.3533160090446472 0.9012389779090881
vt 0.20531100034713745 0.6709629893302917
vt 0.20500199496746063 0.6768270134925842
vt 0.19807900488376617 0.6774489879608154
vt 0.1983339935541153 0.671580970287323
vt 0.3180760145187378 0.6771810054779053
vt 0.31284600496292114 0.6763960123062134
vt 0.8496519923210144 0.9802330136299133
vt 0.8514170050621033 0.9802340269088745
vt 0.8514180183410645 0.9819999933242798
vt 0.8496519923210144 0.981410026550293
vt 0.1912429928779602 0.6710150241851807
vt 0.19093400239944458 0.6768789887428284
vt 0.18538199365139008 0.6757029891014099
vt 0.18568900227546692 0.6692500114440918
vt 0.9531790018081665 0.8498169779777527
vt 0.9560059905052185 0.8512619733810425
vt 0.9550020098686218 0.8536890149116516
vt 0.9526200294494629 0.8518589735031128
vt 0.24687600135803223 0.49657100439071655
vt 0.2374279946088791 0.4830490052700043
vt 0.2400449961423874 0.4820129871368408
vt 0.24694499373435974 0.4918470084667206
vt 0.5210959911346436 0.956121027469635
vt 0.5234500169754028 0.956121027469635
vt 0.5240389704704285 0.9596530199050903
vt 0.5228620171546936 0.9596530199050903
vt 0.5430430173873901 0.7299259901046753
vt 0.535781979560852 0.723783016204834
vt 0.1327340006828308 0.12975800037384033
vt 0.1298770010471344 0.1450349986553192
vt 0.2685920000076294 0.642130970954895
vt 0.27046000957489014 0.6427270174026489
vt 0.2704339921474457 0.6845239996910095
vt 0.2685660123825073 0.6845160126686096
vt 0.6244249939918518 0.3857010006904602
vt 0.6273559927940369 0.3857010006904602
vt 0.6273109912872314 0.4581100046634674
vt 0.6243799924850464 0.4581100046634674
vt 0.7098950147628784 0.2120559960603714
vt 0.7216669917106628 0.21204300224781036
vt 0.721668004989624 0.21381300687789917
vt 0.14014799892902374 0.5579389929771423
vt 0.13838200271129608 0.5579389929771423
vt 0.3057689964771271 0.6551690101623535
vt 0.31023699045181274 0.6462330222129822
vt 0.9400380253791809 0.28745201230049133
vt 0.939769983291626 0.3003169894218445
vt 0.9367960095405579 0.3046630024909973
vt 0.9369069933891296 0.2878729999065399
vt 0.9454600214958191 0.2190070003271103
vt 0.9425169825553894 0.22136199474334717
vt 0.9425169825553894 0.20370100438594818
vt 0.9454600214958191 0.20605599880218506
vt 0.7834360003471375 0.32085999846458435
vt 0.6359410285949707 0.6969640254974365
vt 0.6420819759368896 0.6990259885787964
vt 0.06981399655342102 0.749472975730896
vt 0.06981399655342102 0.731810986995697
vt 0.07334599643945694 0.7288680076599121
vt 0.07334599643945694 0.7524160146713257
vt 0.31266000866889954 0.6925920248031616
vt 0.30855700373649597 0.7026270031929016
vt 0.30688101053237915 0.6938779950141907
vt 0.7277950048446655 0.1855279952287674
vt 0.7289720177650452 0.18493999540805817
vt 0.05322600156068802 0.6822779774665833
vt 0.9776870012283325 0.6590380072593689
vt 0.9776930212974548 0.6472539901733398
vt 0.8279430270195007 0.4372659921646118
vt 0.8311370015144348 0.4450559914112091
vt 0.822426974773407 0.45737698674201965
vt 0.8192510008811951 0.4517099857330322
vt 0.2103240042924881 0.7268379926681519
vt 0.2107270061969757 0.7333400249481201
vt 0.20571699738502502 0.7310230135917664
vt 0.20531600713729858 0.7251099944114685
vt 0.6900550127029419 0.0047240001149475574
vt 0.6888750195503235 0.011793999932706356
vt 0.6782799959182739 0.011789999902248383
vt 0.6806380152702332 0.004720000084489584
vt 0.35082700848579407 0.9298890233039856
vt 0.3537600040435791 0.9295160174369812
vt 0.35360100865364075 0.9321439862251282
vt 0.3503729999065399 0.9330270290374756
vt 0.5358129739761353 0.9785019755363464
vt 0.5357580184936523 0.9802650213241577
vt 0.5339450240135193 0.9796720147132874
vt 0.5339999794960022 0.9784979820251465
vt 0.8161439895629883 0.6974390149116516
vt 0.817762017250061 0.7020159959793091
vt 0.6398500204086304 0.6331170201301575
vt 0.6376230120658875 0.6211709976196289
vt 0.6446970105171204 0.6297339797019958
vt 0.1705159991979599 0.9359049797058105
vt 0.1705159991979599 0.9158629775047302
vt 0.17637699842453003 0.9159550070762634
vt 0.17637699842453003 0.9359970092773438
vt 0.547327995300293 0.6258500218391418
vt 0.5544019937515259 0.6213819980621338
vt 0.5566419959068298 0.6258190274238586
vt 0.5503129959106445 0.6299139857292175
vt 0.4533500075340271 0.5788099765777588
vt 0.4533500075340271 0.5970550179481506
vt 0.4474889934062958 0.5970759987831116
vt 0.4474889934062958 0.5788310170173645
vt 0.5210959911346436 0.9425740242004395
vt 0.5210959911346436 0.9249129891395569
vt 0.17547599971294403 0.6987490057945251
vt 0.16958899796009064 0.6975719928741455
vt 0.988415002822876 0.007656999863684177
vt 0.9866489768028259 0.008244999684393406
vt 0.09537000209093094 0.28124499320983887
vt 0.0941929966211319 0.2824220061302185
vt 0.6252300143241882 0.9525449872016907
vt 0.6269959807395935 0.9525449872016907
vt 0.6269950270652771 0.9666739702224731
vt 0.625229001045227 0.9666739702224731
vt 0.4162819981575012 0.9725729823112488
vt 0.4162839949131012 0.9696270227432251
vt 0.4839540123939514 0.5593960285186768
vt 0.48384401202201843 0.5611540079116821
vt 0.4737299978733063 0.5594199895858765
vt 0.5793709754943848 0.17955799400806427
vt 0.5793709754943848 0.19368599355220795
vt 0.5978839993476868 0.9770039916038513
vt 0.5978829860687256 0.9787709712982178
vt 0.5961170196533203 0.9787709712982178
vt 0.5961170196533203 0.9770039916038513
vt 0.5887960195541382 0.1666020005941391
vt 0.5887960195541382 0.014720999635756016
vt 0.5982239842414856 0.1666650027036667
vt 0.6386719942092896 0.8912760019302368
vt 0.6561049818992615 0.891431987285614
vt 0.6561049818992615 0.9137169718742371
vt 0.633446991443634 0.9154430031776428
vt 0.5367140173912048 0.6260499954223633
vt 0.5436019897460938 0.6202790141105652
vt 0.5406259894371033 0.6310619711875916
vt 0.4485740065574646 0.700065016746521
vt 0.44596800208091736 0.7108629941940308
vt 0.8634589910507202 0.36207500100135803
vt 0.864637017250061 0.36266401410102844
vt 0.42583900690078735 0.7230979800224304
vt 0.9658759832382202 0.9678990244865417
vt 0.9692069888114929 0.9678990244865417
vt 0.275407999753952 0.9412710070610046
vt 0.277303010225296 0.939873993396759
vt 0.2791779935359955 0.9414160251617432
vt 0.2763350009918213 0.9435120224952698
vt 0.18490399420261383 0.8574159741401672
vt 0.19244299829006195 0.8473389744758606
vt 0.1966550052165985 0.8481109738349915
vt 0.1870879977941513 0.8663679957389832
vt 0.32385799288749695 0.4286099970340729
vt 0.3338660001754761 0.42861101031303406
vt 0.3338629901409149 0.43568098545074463
vt 0.27328500151634216 0.636243999004364
vt 0.2739799916744232 0.638018012046814
vt 0.2716340124607086 0.6397839784622192
vt 0.2703529894351959 0.6385989785194397
vt 0.4038569927215576 0.7743769884109497
vt 0.4130080044269562 0.7874919772148132
vt 0.4101110100746155 0.7931219935417175
vt 0.4007970094680786 0.7824990153312683
vt 0.7788040041923523 0.600691020488739
vt 0.7754279971122742 0.6051009893417358
vt 0.7668319940567017 0.596002995967865
vt 0.7712690234184265 0.5928769707679749
vt 0.9914979934692383 0.3951190114021301
vt 0.9932010173797607 0.3957040011882782
vt 0.9932550191879272 0.3968850076198578
vt 0.9915509819984436 0.39688900113105774
vt 0.5923290252685547 0.1890610009431839
vt 0.5887960195541382 0.19141599535942078
vt 0.5887960195541382 0.18964900076389313
vt 0.4192250072956085 0.9761059880256653
vt 0.4162819981575012 0.9761049747467041
vt 0.9375380277633667 0.4358130097389221
vt 0.9398919939994812 0.4364190101623535
vt 0.9401490092277527 0.44927799701690674
vt 0.9370620250701904 0.45362401008605957
vt 0.29678601026535034 0.8530949950218201
vt 0.29678601026535034 0.8707559704780579
vt 0.29443100094795227 0.8684009909629822
vt 0.29443100094795227 0.8554499745368958
vt 0.6238399744033813 0.733269989490509
vt 0.6273829936981201 0.7375199794769287
vt 0.8947659730911255 0.238646000623703
vt 0.8988869786262512 0.238646000623703
vt 0.8988869786262512 0.24983100593090057
vt 0.8947659730911255 0.24983100593090057
vt 0.9192690253257751 0.9894930124282837
vt 0.9192690253257751 0.9877269864082336
vt 0.9210349917411804 0.9877269864082336
vt 0.9210349917411804 0.9889050126075745
vt 0.8249890208244324 0.14567400515079498
vt 0.8275960087776184 0.14553000032901764
vt 0.8273019790649414 0.18853899836540222
vt 0.8243200182914734 0.18686099350452423
vt 0.23975899815559387 0.991349995136261
vt 0.24152399599552155 0.991349995136261
vt 0.24152499437332153 0.993116021156311
vt 0.23975899815559387 0.9925259947776794
vt 0.6252920031547546 0.9778739809989929
vt 0.6269959807395935 0.977869987487793
vt 0.6269400119781494 0.9790430068969727
vt 0.6252359747886658 0.979636013507843
vt 0.5208920240402222 0.6753680109977722
vt 0.5264829993247986 0.6678900122642517
vt 0.525738000869751 0.6757090091705322
vt 0.792697012424469 0.8504840135574341
vt 0.792697012424469 0.877564013004303
vt 0.7534499764442444 0.364423006772995
vt 0.6413210034370422 0.2037840038537979
vt 0.6417539715766907 0.21087999641895294
vt 0.9141650199890137 0.8349959850311279
vt 0.9112229943275452 0.8349969983100891
vt 0.9124019742012024 0.8320540189743042
vt 0.9147549867630005 0.832053005695343
vt 0.9915400147438049 0.4823310077190399
vt 0.9932439923286438 0.48232701420783997
vt 0.9931889772415161 0.48350098729133606
vt 0.9914849996566772 0.4840939939022064
vt 0.9214829802513123 0.3025679886341095
vt 0.9214829802513123 0.3055109977722168
vt 0.06651999801397324 0.48674601316452026
vt 0.06651999801397324 0.638621985912323
vt 0.05827400088310242 0.6385790109634399
vt 0.05827400088310242 0.48670199513435364
vt 0.1302040070295334 0.9328709840774536
vt 0.1243169978260994 0.9328709840774536
vt 0.12431800365447998 0.9157969951629639
vt 0.13020500540733337 0.9157969951629639
vt 0.7548270225524902 0.10127100348472595
vt 0.7477629780769348 0.10068099945783615
vt 0.7289720177650452 0.1914149969816208
vt 0.6241260170936584 0.547003984451294
vt 0.6270700097084045 0.547003984451294
vt 0.6270700097084045 0.5505350232124329
vt 0.6241269707679749 0.5499460101127625
vt 0.028251999989151955 0.47966301441192627
vt 0.038846999406814575 0.4796440005302429
vt 0.03884200006723404 0.4866580069065094
vt 0.006527999881654978 0.9769229888916016
vt 0.006581000052392483 0.9786930084228516
vt 0.004767999984323978 0.9786890149116516
vt 0.004714000038802624 0.9775069952011108
vt 0.5342959761619568 0.7133439779281616
vt 0.9190080165863037 0.7377520203590393
vt 0.9066529870033264 0.7377570271492004
vt 0.907243013381958 0.7348139882087708
vt 0.6365020275115967 0.19318200647830963
vt 0.6365020275115967 0.1831739991903305
vt 0.638267993927002 0.1831739991903305
vt 0.638267993927002 0.19318200647830963
vt 0.14957299828529358 0.8354200124740601
vt 0.15309299528598785 0.8360649943351746
vt 0.1526689976453781 0.8708739876747131
vt 0.14957299828529358 0.8672580122947693
vt 0.25544100999832153 0.07546599954366684
vt 0.2670400142669678 0.08149299770593643
vt 0.26415500044822693 0.09170500189065933
vt 0.252018004655838 0.08746100217103958
vt 0.7856069803237915 0.9908329844474792
vt 0.7856079936027527 0.9920099973678589
vt 0.7838410139083862 0.9925990104675293
vt 0.7838410139083862 0.9908339977264404
vt 0.7825180292129517 0.06712300330400467
vt 0.7825160026550293 0.06065100058913231
vt 0.7895820140838623 0.060061000287532806
vt 0.7895830273628235 0.06653299927711487
vt 0.208173006772995 0.9325770139694214
vt 0.20817400515079498 0.9119719862937927
vt 0.21111899614334106 0.9166790246963501
vt 0.21347199380397797 0.9313979744911194
vt 0.21077199280261993 0.8294219970703125
vt 0.21316100656986237 0.8276450037956238
vt 0.21232999861240387 0.866457998752594
vt 0.2098509967327118 0.8665720224380493
vt 0.49091601371765137 0.9804120063781738
vt 0.4891499876976013 0.9810010194778442
vt 0.9206060171127319 0.5898579955101013
vt 0.9182509779930115 0.5957450270652771
vt 0.9147189855575562 0.5957450270652771
vt 0.9147189855575562 0.5898579955101013
vt 0.9877579808235168 0.07709900289773941
vt 0.9877579808235168 0.07533200085163116
vt 0.9895240068435669 0.07533200085163116
vt 0.9895240068435669 0.0765099972486496
vt 0.8068259954452515 0.7142040133476257
vt 0.8339059948921204 0.7142040133476257
vt 0.7895810008049011 0.032391998916864395
vt 0.7966449856758118 0.03239399939775467
vt 0.9280539751052856 0.14402499794960022
vt 0.9306780099868774 0.14932699501514435
vt 0.9311929941177368 0.1635960042476654
vt 0.9280539751052856 0.16417500376701355
vt 0.9840009808540344 0.14579099416732788
vt 0.9857659935951233 0.14579099416732788
vt 0.9857670068740845 0.14755700528621674
vt 0.9840009808540344 0.14696699380874634
vt 0.5212649703025818 0.683559000492096
vt 0.5955439805984497 0.6171010136604309
vt 0.587352991104126 0.6156119704246521
vt 0.5875369906425476 0.6094819903373718
vt 0.5970309972763062 0.6107860207557678
vt 0.9051769971847534 0.0900840014219284
vt 0.9087089896202087 0.0900840014219284
vt 0.4502499997615814 0.8279110193252563
vt 0.4502499997615814 0.8666790127754211
vt 0.44856899976730347 0.8665729761123657
vt 0.4476490020751953 0.8294219970703125
vt 0.5081560015678406 0.22371500730514526
vt 0.6664289832115173 0.9519619941711426
vt 0.6699609756469727 0.9519619941711426
vt 0.6699609756469727 0.9678570032119751
vt 0.6664289832115173 0.9678570032119751
vt 0.2038619965314865 0.0717030018568039
vt 0.1960259974002838 0.06570599973201752
vt 0.18233299255371094 0.029975999146699905
vt 0.19839000701904297 0.7245550155639648
vt 0.19124799966812134 0.7251629829406738
vt 0.1907150000333786 0.711588978767395
vt 0.1851149946451187 0.7127640247344971
vt 0.18498200178146362 0.7051029801368713
vt 0.8417040109634399 0.3591279983520508
vt 0.8399379849433899 0.3585439920425415
vt 0.8399379849433899 0.3567740023136139
vt 0.8417029976844788 0.35676899552345276
vt 0.19809600710868835 0.7180609703063965
vt 0.1909549981355667 0.7186689972877502
vt 0.11658400297164917 0.4643290042877197
vt 0.11364000290632248 0.4643290042877197
vt 0.11364100128412247 0.4490230083465576
vt 0.11658400297164917 0.4490230083465576
vt 0.48582199215888977 0.915789008140564
vt 0.5001479983329773 0.9162960052490234
vt 0.11364000290632248 0.27947598695755005
vt 0.11658400297164917 0.27947598695755005
vt 0.11658400297164917 0.29478299617767334
vt 0.11364100128412247 0.29478299617767334
vt 0.9156209826469421 0.19426800310611725
vt 0.9138619899749756 0.194241002202034
vt 0.9138619899749756 0.1771470010280609
vt 0.9156209826469421 0.17717400193214417
vt 0.30688101053237915 0.6752619743347168
vt 0.30632299184799194 0.6847559809684753
vt 0.2994399964809418 0.684581995010376
vt 0.300370991230011 0.6743429899215698
vt 0.985834002494812 0.5875099897384644
vt 0.985834002494812 0.588687002658844
vt 0.984067976474762 0.588687002658844
vt 0.984067976474762 0.586920976638794
vt 0.33594799041748047 0.7252079844474792
vt 0.33220699429512024 0.7288910150527954
vt 0.22972899675369263 0.5194270014762878
vt 0.22964900732040405 0.5099530220031738
vt 0.5540289878845215 0.7286099791526794
vt 0.5560830235481262 0.7242969870567322
vt 0.8182060122489929 0.22490300238132477
vt 0.8276249766349792 0.2920149862766266
vt 0.8182060122489929 0.27906298637390137
vt 0.8350369930267334 0.5877140164375305
vt 0.838916003704071 0.5904489755630493
vt 0.8322190046310425 0.5986819863319397
vt 0.8289809823036194 0.5954170227050781
vt 0.3351069986820221 0.9689580202102661
vt 0.3353230059146881 0.9725059866905212
vt 0.33228299021720886 0.9724979996681213
vt 0.33212101459503174 0.9695429801940918
vt 0.6348299980163574 0.6798059940338135
vt 0.5234500169754028 0.9631860256195068
vt 0.5210959911346436 0.9631860256195068
vt 0.6512259840965271 0.1831739991903305
vt 0.6529920101165771 0.1831739991903305
vt 0.6529920101165771 0.19318200647830963
vt 0.6512259840965271 0.19318200647830963
vt 0.46533799171447754 0.6551520228385925
vt 0.4708699882030487 0.6557340025901794
vt 0.5253599882125854 0.6284599900245667
vt 0.5300120115280151 0.633122980594635
vt 0.5770159959793091 0.018842000514268875
vt 0.5587660074234009 0.05063199996948242
vt 0.43012601137161255 0.6410149931907654
vt 0.42472198605537415 0.6452850103378296
vt 0.13720199465751648 0.6397680044174194
vt 0.13896700739860535 0.6397619843482971
vt 0.13896900415420532 0.6821460127830505
vt 0.13720299303531647 0.6821519732475281
vt 0.7738519906997681 0.7630659937858582
vt 0.7738519906997681 0.77013099193573
vt 0.7685539722442627 0.7713080048561096
vt 0.7685539722442627 0.7636550068855286
vt 0.8068789839744568 0.699504017829895
vt 0.8073809742927551 0.7047780156135559
vt 0.8588200211524963 0.5058749914169312
vt 0.8588200211524963 0.4929240047931671
vt 0.8388040065765381 0.5792030096054077
vt 0.8433820009231567 0.5808209776878357
vt 0.03884200006723404 0.6385350227355957
vt 0.027070999145507812 0.6403260231018066
vt 0.5700979828834534 0.9775909781455994
vt 0.5718640089035034 0.9770020246505737
vt 0.4794990122318268 0.69650799036026
vt 0.4788770079612732 0.6876270174980164
vt 0.26085400581359863 0.2794710099697113
vt 0.2626200020313263 0.2794710099697113
vt 0.19020099937915802 0.7623100280761719
vt 0.19019800424575806 0.7487750053405762
vt 0.20785999298095703 0.7487750053405762
vt 0.4163379967212677 0.9914209842681885
vt 0.41804200410842896 0.9914169907569885
vt 0.41798698902130127 0.9925910234451294
vt 0.4162819981575012 0.993183970451355
vt 0.32587701082229614 0.6466109752655029
vt 0.32999101281166077 0.6496289968490601
vt 0.8177890181541443 0.9307860136032104
vt 0.8013219833374023 0.9307950139045715
vt 0.8013219833374023 0.9249079823493958
vt 0.8177890181541443 0.9248989820480347
vt 0.13720299303531647 0.6362550258636475
vt 0.13896900415420532 0.6356599926948547
vt 0.9925429821014404 0.7605670094490051
vt 0.9925429821014404 0.7617440223693848
vt 0.9907770156860352 0.7623329758644104
vt 0.9907770156860352 0.7605670094490051
vt 0.6316580176353455 0.7265679836273193
vt 0.6424620151519775 0.7220690250396729
vt 0.6353880167007446 0.7302600145339966
vt 0.921658992767334 0.09019800275564194
vt 0.9251739978790283 0.0900840014219284
vt 0.9251739978790283 0.11241400241851807
vt 0.921658992767334 0.112527996301651
vt 0.20465099811553955 0.7044649720191956
vt 0.20478299260139465 0.7115370035171509
vt 0.19785800576210022 0.7115700244903564
vt 0.7646710276603699 0.3179199993610382
vt 0.7640290260314941 0.3196820020675659
vt 0.7616850137710571 0.3190929889678955
vt 0.7617400288581848 0.3173309862613678
vt 0.5831590294837952 0.978771984577179
vt 0.5831030011177063 0.980534017086029
vt 0.5812900066375732 0.9799410104751587
vt 0.5813459753990173 0.978767991065979
vt 0.9710389971733093 0.15933699905872345
vt 0.9710429906845093 0.14402499794960022
vt 0.9745749831199646 0.14402499794960022
vt 0.9745709896087646 0.15933699905872345
vt 0.7904999852180481 0.31791698932647705
vt 0.7899119853973389 0.3196820020675659
vt 0.208173006772995 0.8279129862785339
vt 0.208173006772995 0.8666809797286987
vt 0.6178839802742004 0.6282709836959839
vt 0.04062199965119362 0.7423149943351746
vt 0.02708199992775917 0.7558550238609314
vt 0.02708199992775917 0.6581299901008606
vt 0.04062199965119362 0.6716700196266174
vt 0.9826539754867554 0.4127730131149292
vt 0.9808880090713501 0.41218501329421997
vt 0.9808880090713501 0.41100698709487915
vt 0.9826539754867554 0.41100698709487915
vt 0.445715993642807 0.9152100086212158
vt 0.44526299834251404 0.9120720028877258
vt 0.9590460062026978 0.8391000032424927
vt 0.9588630199432373 0.8254979848861694
vt 0.9647210240364075 0.8256980180740356
vt 0.9649050235748291 0.8392990231513977
vt 0.338144987821579 0.9724979996681213
vt 0.338142991065979 0.9760299921035767
vt 0.33532100915908813 0.9760379791259766
vt 0.8531820178031921 0.8575980067253113
vt 0.8531820178031921 0.8752589821815491
vt 0.8514159917831421 0.8799690008163452
vt 0.8514159917831421 0.8528890013694763
vt 0.43805500864982605 0.20841099321842194
vt 0.4457069933414459 0.21429799497127533
vt 0.43805500864982605 0.3555859923362732
vt 0.2696459889411926 0.926501989364624
vt 0.2725889980792999 0.9265260100364685
vt 0.27221599221229553 0.9289960265159607
vt 0.26962199807167053 0.9294450283050537
vt 0.6201149821281433 0.7276939749717712
vt 0.23551799356937408 0.46845000982284546
vt 0.23551799356937408 0.4702160060405731
vt 0.16252300143241882 0.4702160060405731
vt 0.16311199963092804 0.46845000982284546
vt 0.3351779878139496 0.7396699786186218
vt 0.3282899856567383 0.7339000105857849
vt 0.2284650057554245 0.652754008769989
vt 0.2284650057554245 0.6439239978790283
vt 0.2343509942293167 0.6421579718589783
vt 0.2343509942293167 0.650987982749939
vt 0.7767390012741089 0.5354440212249756
vt 0.772970974445343 0.5315369963645935
vt 0.7831299901008606 0.5242260098457336
vt 0.7856130003929138 0.5291929841041565
vt 0.9796800017356873 0.7490839958190918
vt 0.9761480093002319 0.7490839958190918
vt 0.9761530160903931 0.7372999787330627
vt 0.9796860218048096 0.7372999787330627
vt 0.9404870271682739 0.11952599883079529
vt 0.9404870271682739 0.13424299657344818
vt 0.9345999956130981 0.13424299657344818
vt 0.9345999956130981 0.11952599883079529
vt 0.9271730184555054 0.5471850037574768
vt 0.9212859869003296 0.5471850037574768
vt 0.1383810043334961 0.29537099599838257
vt 0.14014700055122375 0.29537099599838257
vt 0.14014700055122375 0.4507879912853241
vt 0.1383810043334961 0.4507879912853241
vt 0.4275220036506653 0.6629869937896729
vt 0.4303149878978729 0.6713640093803406
vt 0.4251199960708618 0.6725209951400757
vt 0.4232580065727234 0.6650750041007996
vt 0.0741799995303154 0.6387029886245728
vt 0.07359199970960617 0.6404749751091003
vt 0.06593199819326401 0.6404010057449341
vt 0.7652040123939514 0.3161500096321106
vt 0.7681329846382141 0.3185049891471863
vt 0.7670140266418457 0.31968599557876587
vt 0.16768500208854675 0.989533007144928
vt 0.16768500208854675 0.9877669811248779
vt 0.16945099830627441 0.9877669811248779
vt 0.16945099830627441 0.9889439940452576
vt 0.6088190078735352 0.18552899360656738
vt 0.6088190078735352 0.18435099720954895
vt 0.6117630004882812 0.1831739991903305
vt 0.6117630004882812 0.18493999540805817
vt 0.7677749991416931 0.045938000082969666
vt 0.7677749991416931 0.057124000042676926
vt 0.7618860006332397 0.05653899908065796
vt 0.4009599983692169 0.24020600318908691
vt 0.40745899081230164 0.23784799873828888
vt 0.40745899081230164 0.39797499775886536
vt 0.4009599983692169 0.39562299847602844
vt 0.797976016998291 0.5297790169715881
vt 0.7972509860992432 0.5249789953231812
vt 0.8079670071601868 0.5242260098457336
vt 0.8074650168418884 0.5295000076293945
vt 0.5596110224723816 0.7379310131072998
vt 0.5616620182991028 0.7317749857902527
vt 0.7809159755706787 0.7630659937858582
vt 0.7663710117340088 0.32321399450302124
vt 0.768185019493103 0.32262998819351196
vt 0.7681589722633362 0.36442598700523376
vt 0.7663459777832031 0.364423006772995
vt 0.15403999388217926 0.9877809882164001
vt 0.15403999388217926 0.9889580011367798
vt 0.1522739976644516 0.9895470142364502
vt 0.1522739976644516 0.9877809882164001
vt 0.276762992143631 0.6939499974250793
vt 0.27323099970817566 0.6945390105247498
vt 0.6854339838027954 0.7295659780502319
vt 0.1625239998102188 0.6863870024681091
vt 0.1625249981880188 0.675790011882782
vt 0.9802619814872742 0.5511149764060974
vt 0.9802060127258301 0.5528780221939087
vt 0.9783939719200134 0.5522850155830383
vt 0.9784489870071411 0.5511109828948975
vt 0.8150860071182251 0.45809298753738403
vt 0.8079280257225037 0.4800339937210083
vt 0.807030975818634 0.47353100776672363
vt 0.7584549784660339 0.9843059778213501
vt 0.7584549784660339 0.9854829907417297
vt 0.7566890120506287 0.9860720038414001
vt 0.7566890120506287 0.9843059778213501
vt 0.037078000605106354 0.12223300337791443
vt 0.040077000856399536 0.09994000196456909
vt 0.04780000075697899 0.08944399654865265
vt 0.9808880090713501 0.42278799414634705
vt 0.9826539754867554 0.422199010848999
vt 0.9826539754867554 0.4239650070667267
vt 0.9808880090713501 0.4239650070667267
vt 0.6423789858818054 0.013031999580562115
vt 0.6394280195236206 0.004739999771118164
vt 0.6459010243415833 0.004712999798357487
vt 0.06573700159788132 0.8837339878082275
vt 0.06572099775075912 0.9084590077400208
vt 0.04227500036358833 0.9084590077400208
vt 0.04228999838232994 0.8837339878082275
vt 0.625229001045227 0.9908279776573181
vt 0.625229001045227 0.9896510243415833
vt 0.6269950270652771 0.9890620112419128
vt 0.6269959807395935 0.9908270239830017
vt 0.8276299834251404 0.30613499879837036
vt 0.30031800270080566 0.9512990117073059
vt 0.30031800270080566 0.9671940207481384
vt 0.29443100094795227 0.9671940207481384
vt 0.29443100094795227 0.9512990117073059
vt 0.08152800053358078 0.23700599372386932
vt 0.09510800242424011 0.19326899945735931
vt 0.09804999828338623 0.20543499290943146
vt 0.0893929973244667 0.23607300221920013
vt 0.48548799753189087 0.611066997051239
vt 0.48601898550987244 0.6005079746246338
vt 0.4921469986438751 0.6023129820823669
vt 0.49167299270629883 0.6122869849205017
vt 0.8729789853096008 0.28372201323509216
vt 0.8729789853096008 0.27077099680900574
vt 0.8759220242500305 0.26841598749160767
vt 0.8759220242500305 0.28607699275016785
vt 0.05651199817657471 0.47968798875808716
vt 0.0635799989104271 0.4797250032424927
vt 0.9895570278167725 0.969664990901947
vt 0.9895570278167725 0.9708420038223267
vt 0.9877910017967224 0.9714310169219971
vt 0.9877910017967224 0.969664990901947
vt 0.19455499947071075 0.10853800177574158
vt 0.20680400729179382 0.12078599631786346
vt 0.20230600237846375 0.12972599267959595
vt 0.5678449869155884 0.9148640036582947
vt 0.5537109971046448 0.9148619771003723
vt 0.5537109971046448 0.8913140296936035
vt 0.5678449869155884 0.8913159966468811
vt 0.426939994096756 0.8601089715957642
vt 0.4317620098590851 0.8614659905433655
vt 0.3115360140800476 0.7115619778633118
vt 0.3160029947757721 0.7193809747695923
vt 0.30558401346206665 0.7141799926757812
vt 0.9002540111541748 0.956840991973877
vt 0.8973100185394287 0.9574300050735474
vt 0.4008519947528839 0.9914249777793884
vt 0.40255600214004517 0.9914209842681885
vt 0.4025009870529175 0.9925950169563293
vt 0.40079599618911743 0.9931870102882385
vt 0.2096009999513626 0.7050110101699829
vt 0.2097339928150177 0.7126719951629639
vt 0.721668004989624 0.36569398641586304
vt 0.33108699321746826 0.6250110268592834
vt 0.3398370146751404 0.6196119785308838
vt 0.3424380123615265 0.625557005405426
vt 0.3346189856529236 0.6300250291824341
vt 0.0274640005081892 0.8210909962654114
vt 0.009878999553620815 0.8210909962654114
vt 0.3570300042629242 0.808122992515564
vt 0.3539760112762451 0.8162530064582825
vt 0.3448230028152466 0.8031389713287354
vt 0.34771400690078735 0.7975019812583923
vt 0.49105799198150635 0.004712999798357487
vt 0.4934130012989044 0.005301999859511852
vt 0.4934130012989044 0.019430000334978104
vt 0.49105900526046753 0.018842000514268875
vt 0.41022399067878723 0.6166700124740601
vt 0.41897299885749817 0.622439980506897
vt 0.4074130058288574 0.621284008026123
vt 0.30076101422309875 0.6531620025634766
vt 0.30559998750686646 0.6434810161590576
vt 0.6335520148277283 0.013059999793767929
vt 0.9745960235595703 0.1740970015525818
vt 0.9746000170707703 0.1893959939479828
vt 0.9687129855155945 0.1893959939479828
vt 0.9687089920043945 0.1740970015525818
vt 0.984067976474762 0.590453028678894
vt 0.985834002494812 0.5898650288581848
vt 0.4934130012989044 0.2190070003271103
vt 0.4904699921607971 0.2190070003271103
vt 0.4904699921607971 0.20370100438594818
vt 0.4934130012989044 0.20370100438594818
vt 0.9911419749259949 0.0900840014219284
vt 0.9929080009460449 0.09067200124263763
vt 0.88298499584198 0.21253199875354767
vt 0.8853399753570557 0.21488599479198456
vt 0.8853399753570557 0.22783799469470978
vt 0.88298499584198 0.23019300401210785
vt 0.7895830273628235 0.02591400034725666
vt 0.12601099908351898 0.29478299617767334
vt 0.12895500659942627 0.29478299617767334
vt 0.12895500659942627 0.4490230083465576
vt 0.12601099908351898 0.4490230083465576
vt 0.9928860068321228 0.13366100192070007
vt 0.9911199808120728 0.13307200372219086
vt 0.9911199808120728 0.1318950057029724
vt 0.9928860068321228 0.1318950057029724
vt 0.7151910066604614 0.9851539731025696
vt 0.7169569730758667 0.9851539731025696
vt 0.7169569730758667 0.9869199991226196
vt 0.7151910066604614 0.9863309860229492
vt 0.7966439723968506 0.05358799919486046
vt 0.8019409775733948 0.054179999977350235
vt 0.10302899777889252 0.22696399688720703
vt 0.700469970703125 0.3727259933948517
vt 0.7098900079727173 0.37273499369621277
vt 0.7667199969291687 0.5723379850387573
vt 0.7625060081481934 0.5731189846992493
vt 0.761696994304657 0.5629889965057373
vt 0.766385018825531 0.5634350180625916
vt 0.3024190068244934 0.7046859860420227
vt 0.300370991230011 0.694819986820221
vt 0.7387170195579529 0.7366260290145874
vt 0.7431300282478333 0.7419040203094482
vt 0.7384399771690369 0.7419040203094482
vt 0.9808880090713501 0.4098300039768219
vt 0.9826539754867554 0.4092409908771515
vt 0.3952789902687073 0.5063130259513855
vt 0.39703699946403503 0.5063130259513855
vt 0.39687100052833557 0.5104219913482666
vt 0.395112007856369 0.5104219913482666
vt 0.7772179841995239 0.06830400228500366
vt 0.7772160172462463 0.061831001192331314
vt 0.9895570278167725 0.9826229810714722
vt 0.9895570278167725 0.9837999939918518
vt 0.9877910017967224 0.9843890070915222
vt 0.9877910017967224 0.9826229810714722
vt 0.7166029810905457 0.19181300699710846
vt 0.478877991437912 0.5998889803886414
vt 0.47951599955558777 0.58992600440979
vt 0.48660001158714294 0.5911300182342529
vt 0.8226190209388733 0.6001330018043518
vt 0.8251579999923706 0.604515016078949
vt 0.8177909851074219 0.6073610186576843
vt 0.8164790272712708 0.6025050282478333
vt 0.11892999708652496 0.609233021736145
vt 0.11481700092554092 0.5680099725723267
vt 0.11893899738788605 0.565654993057251
vt 0.7932789921760559 0.7265669703483582
vt 0.7879809737205505 0.7283329963684082
vt 0.355648010969162 0.589326024055481
vt 0.6857500076293945 0.9313989877700806
vt 0.6881060004234314 0.9166799783706665
vt 0.6910480260848999 0.9119729995727539
vt 0.6910480260848999 0.9325780272483826
vt 0.732446014881134 0.011781999841332436
vt 0.732446014881134 0.1636669933795929
vt 0.927370011806488 0.2754800021648407
vt 0.9214829802513123 0.2754800021648407
vt 0.9214820265769958 0.2595849931240082
vt 0.9273689985275269 0.2595849931240082
vt 0.05920499935746193 0.9638190269470215
vt 0.059209998697042465 0.9473270177841187
vt 0.06509699672460556 0.9473270177841187
vt 0.06509199738502502 0.9638190269470215
vt 0.049779001623392105 0.948760986328125
vt 0.049779001623392105 0.9511160254478455
vt 0.046835001558065414 0.9475839734077454
vt 0.2522439956665039 0.029975999146699905
vt 0.2591190040111542 0.0477989986538887
vt 0.25657299160957336 0.057530999183654785
vt 0.2385520040988922 0.06570599973201752
vt 0.2338850051164627 0.553941011428833
vt 0.23382000625133514 0.521992027759552
vt 0.23863400518894196 0.5240100026130676
vt 0.2386769950389862 0.5541819930076599
vt 0.6098650097846985 0.9245589971542358
vt 0.6128079891204834 0.9257370233535767
vt 0.6128079891204834 0.941631019115448
vt 0.6098650097846985 0.942808985710144
vt 0.3097679913043976 0.19957099854946136
vt 0.3014949858188629 0.20016199350357056
vt 0.2832379937171936 0.2953670024871826
vt 0.28500398993492126 0.2953670024871826
vt 0.28500398993492126 0.45078399777412415
vt 0.2832379937171936 0.45078399777412415
vt 0.8973100185394287 0.9609619975090027
vt 0.9002540111541748 0.9603739976882935
vt 0.6270760297775269 0.1831739991903305
vt 0.6270760297775269 0.19318200647830963
vt 0.8900579810142517 0.2595849931240082
vt 0.8918240070343018 0.2642950117588043
vt 0.8918240070343018 0.2819559872150421
vt 0.8900579810142517 0.28666600584983826
vt 0.9522830247879028 0.2868439853191376
vt 0.9534680247306824 0.2890799939632416
vt 0.9534680247306824 0.3019759953022003
vt 0.9522830247879028 0.30442899465560913
vt 0.5145999789237976 0.4044579863548279
vt 0.5146129727363586 0.40033501386642456
vt 0.587020993232727 0.40033599734306335
vt 0.587007999420166 0.4044579863548279
vt 0.17941899597644806 0.18407399952411652
vt 0.17503400146961212 0.19725699722766876
vt 0.16759400069713593 0.19386300444602966
vt 0.16948899626731873 0.18531900644302368
vt 0.9619659781455994 0.8154019713401794
vt 0.9561169743537903 0.8150010108947754
vt 0.9561169743537903 0.7983949780464172
vt 0.9619659781455994 0.7987959980964661
vt 0.11894199997186661 0.7087100148200989
vt 0.11895599961280823 0.7504850029945374
vt 0.1148340031504631 0.7481309771537781
vt 0.11482200026512146 0.7104750275611877
vt 0.7884029746055603 0.10538999736309052
vt 0.7860479950904846 0.10244700312614441
vt 0.8037099838256836 0.10244700312614441
vt 0.8013550043106079 0.10538999736309052
vt 0.6191920042037964 0.713687002658844
vt 0.8408139944076538 0.658424973487854
vt 0.8388050198554993 0.6497460007667542
vt 0.8427960276603699 0.6481829881668091
vt 0.8455020189285278 0.6579779982566833
vt 0.15546099841594696 0.6581289768218994
vt 0.15546099841594696 0.6669600009918213
vt 0.14957399666309357 0.6687260270118713
vt 0.14957499504089355 0.6604840159416199
vt 0.8931350111961365 0.4187780022621155
vt 0.8937360048294067 0.4221319854259491
vt 0.990576982498169 0.30156800150871277
vt 0.990576982498169 0.2998020052909851
vt 0.992343008518219 0.30039098858833313
vt 0.992343008518219 0.30156800150871277
vt 0.9437479972839355 0.7983949780464172
vt 0.9466919898986816 0.8007500171661377
vt 0.9466919898986816 0.8137009739875793
vt 0.9437479972839355 0.8160560131072998
vt 0.3699910044670105 0.7510240077972412
vt 0.448650985956192 0.21429799497127533
vt 0.4457069933414459 0.20370100438594818
vt 0.4486500024795532 0.20370100438594818
vt 0.32643601298332214 0.7227479815483093
vt 0.32158899307250977 0.726826012134552
vt 0.317331999540329 0.6842550039291382
vt 0.3180769979953766 0.6920729875564575
vt 0.31247401237487793 0.6845870018005371
vt 0.8943660259246826 0.8741239905357361
vt 0.8943960070610046 0.8593739867210388
vt 0.89615398645401 0.8594220280647278
vt 0.896124005317688 0.8741719722747803
vt 0.8219670057296753 0.14402499794960022
vt 0.8219670057296753 0.18754400312900543
vt 0.1625249981880188 0.6687260270118713
vt 0.16605700552463531 0.6675480008125305
vt 0.9229329824447632 0.7047240138053894
vt 0.9212300181388855 0.7047280073165894
vt 0.5863680243492126 0.365011990070343
vt 0.593513011932373 0.3708919882774353
vt 0.49091601371765137 0.9680430293083191
vt 0.4850580096244812 0.9678379893302917
vt 0.4850580096244812 0.9524829983711243
vt 0.49091601371765137 0.9526879787445068
vt 0.741877019405365 0.025326000526547432
vt 0.7418799996376038 0.015900999307632446
vt 0.7693459987640381 0.23137499392032623
vt 0.774055004119873 0.23137499392032623
vt 0.774055004119873 0.2672860026359558
vt 0.7693459987640381 0.2725839912891388
vt 0.9929080009460449 0.10480800271034241
vt 0.9929080009460449 0.10598500072956085
vt 0.9911419749259949 0.10657399892807007
vt 0.9911419749259949 0.10480800271034241
vt 0.6836320161819458 0.9685940146446228
vt 0.6871640086174011 0.9685940146446228
vt 0.6871640086174011 0.9803680181503296
vt 0.6836320161819458 0.9803680181503296
vt 0.4192360043525696 0.19427500665187836
vt 0.4168820083141327 0.19368599355220795
vt 0.5211340188980103 0.41563498973846436
vt 0.5157769918441772 0.4056349992752075
vt 0.5858299732208252 0.4056360125541687
vt 0.580003023147583 0.41563498973846436
vt 0.784063994884491 0.8923929929733276
vt 0.7839589715003967 0.9133549928665161
vt 0.7705349922180176 0.9133549928665161
vt 0.7701749801635742 0.8927540183067322
vt 0.8387600183486938 0.3591279983520508
vt 0.8387600183486938 0.35676899552345276
vt 0.44199898838996887 0.4004180133342743
vt 0.4326609969139099 0.4003790020942688
vt 0.6513919830322266 0.6915709972381592
vt 0.6528819799423218 0.681518018245697
vt 0.6582859754562378 0.6820449829101562
vt 0.6566110253334045 0.6926559805870056
vt 0.5987930297851562 0.3744249939918518
vt 0.5952789783477783 0.37206900119781494
vt 0.5952789783477783 0.2225389927625656
vt 0.5987930297851562 0.2201859951019287
vt 0.35118699073791504 0.6220200061798096
vt 0.6022449731826782 0.7310310006141663
vt 0.986266016960144 0.3161500096321106
vt 0.986266016960144 0.31732699275016785
vt 0.984499990940094 0.31732699275016785
vt 0.984499990940094 0.3155609965324402
vt 0.3258959949016571 0.7136669754981995
vt 0.330363005399704 0.7196230292320251
vt 0.3217819929122925 0.7162330150604248
vt 0.8608440160751343 0.9790560007095337
vt 0.8626099824905396 0.9784669876098633
vt 0.8626099824905396 0.9802330136299133
vt 0.8608440160751343 0.9802330136299133
vt 0.911795973777771 0.6941419839859009
vt 0.9082639813423157 0.6941419839859009
vt 0.9082670211791992 0.6794189810752869
vt 0.9117990136146545 0.6794189810752869
vt 0.855525016784668 0.926967978477478
vt 0.8589419722557068 0.9272940158843994
vt 0.8580129742622375 0.9295349717140198
vt 0.8558930158615112 0.9294350147247314
vt 0.8344910144805908 0.9785910248756409
vt 0.834434986114502 0.9803529977798462
vt 0.8326230049133301 0.9797599911689758
vt 0.8326780200004578 0.9785869717597961
vt 0.8973100185394287 0.9474220275878906
vt 0.8943660259246826 0.950954020023346
vt 0.8943660259246826 0.9485999941825867
vt 0.15074999630451202 0.45196598768234253
vt 0.14957299828529358 0.45255398750305176
vt 0.14957299828529358 0.29713699221611023
vt 0.15074999630451202 0.29772600531578064
vt 0.8093780279159546 0.23137499392032623
vt 0.8140869736671448 0.23137499392032623
vt 0.8140869736671448 0.2725839912891388
vt 0.8093780279159546 0.2672860026359558
vt 0.6186959743499756 0.9257370233535767
vt 0.6186950206756592 0.941631019115448
vt 0.9816939830780029 0.11775899678468704
vt 0.9816939830780029 0.11893700063228607
vt 0.9799280166625977 0.11893700063228607
vt 0.9799280166625977 0.11717099696397781
vt 0.6706259846687317 0.7759360074996948
vt 0.6647379994392395 0.7800570130348206
vt 0.6588510274887085 0.7741699814796448
vt 0.6635609865188599 0.7682830095291138
vt 0.9885029792785645 0.5127050280570984
vt 0.9885029792785645 0.5109390020370483
vt 0.9902690052986145 0.5115280151367188
vt 0.9902690052986145 0.5127050280570984
vt 0.8496519923210144 0.9690409898757935
vt 0.8496549725532532 0.953728973865509
vt 0.8555430173873901 0.953728973865509
vt 0.8555390238761902 0.9690409898757935
vt 0.9104679822921753 0.11423400044441223
vt 0.9104710221290588 0.09951099753379822
vt 0.5831050276756287 0.9770020246505737
vt 0.5812919735908508 0.9775869846343994
vt 0.7916780114173889 0.32085999846458435
vt 0.7928550243377686 0.3196829855442047
vt 0.7922670245170593 0.32321399450302124
vt 0.37913501262664795 0.6071770191192627
vt 0.39030399918556213 0.6090379953384399
vt 0.013283999636769295 0.7840790152549744
vt 0.011105000041425228 0.7811480164527893
vt 0.9855210185050964 0.2072329968214035
vt 0.9837549924850464 0.20664499700069427
vt 0.9837549924850464 0.20546700060367584
vt 0.9855210185050964 0.20546700060367584
vt 0.1693190038204193 0.20345300436019897
vt 0.16120000183582306 0.2235960066318512
vt 0.14957299828529358 0.2346860021352768
vt 0.9522830247879028 0.27717000246047974
vt 0.9522830247879028 0.2595849931240082
vt 0.9546300172805786 0.26204100251197815
vt 0.9546300172805786 0.2749359905719757
vt 0.9803100228309631 0.050599999725818634
vt 0.9803100228309631 0.06413999944925308
vt 0.9744219779968262 0.06413999944925308
vt 0.9744219779968262 0.050599999725818634
vt 0.3438740074634552 0.4286099970340729
vt 0.3538840115070343 0.4286069869995117
vt 0.3450489938259125 0.43568000197410583
vt 0.7000589966773987 0.011795000173151493
vt 0.7000589966773987 0.16368000209331512
vt 0.6888750195503235 0.16367900371551514
vt 0.5443549752235413 0.6347540020942688
vt 0.16958899796009064 0.743490993976593
vt 0.17547599971294403 0.7423139810562134
vt 0.17547699809074402 0.7523210048675537
vt 0.9035260081291199 0.6236990094184875
vt 0.9052919745445251 0.6236990094184875
vt 0.6098650097846985 0.9772199988365173
vt 0.6116309762001038 0.9772210121154785
vt 0.7932789921760559 0.7713080048561096
vt 0.7932789921760559 0.7783730030059814
vt 0.185356006026268 0.7198429703712463
vt 0.7218449711799622 0.16543999314308167
vt 0.7183169722557068 0.17367500066757202
vt 0.9065009951591492 0.6794189810752869
vt 0.9065049886703491 0.6699920296669006
vt 0.9082710146903992 0.6699920296669006
vt 0.9903460144996643 0.7847710251808167
vt 0.9903460144996643 0.7859479784965515
vt 0.9885799884796143 0.7859479784965515
vt 0.9885799884796143 0.7841820120811462
vt 0.7703199982643127 0.8581370115280151
vt 0.7720860242843628 0.8581370115280151
vt 0.7744410037994385 0.8634349703788757
vt 0.7685530185699463 0.8634349703788757
vt 0.7733070254325867 0.6388329863548279
vt 0.7695109844207764 0.6362379789352417
vt 0.732994019985199 0.9851530194282532
vt 0.732994019985199 0.9863309860229492
vt 0.7312279939651489 0.9869199991226196
vt 0.7312279939651489 0.9851530194282532
vt 0.9802089929580688 0.5493450164794922
vt 0.9783949851989746 0.5499299764633179
vt 0.9721310138702393 0.32615798711776733
vt 0.9738969802856445 0.32674700021743774
vt 0.9738969802856445 0.32969000935554504
vt 0.9721310138702393 0.32910099625587463
vt 0.7910889983177185 0.3161500096321106
vt 0.7875570058822632 0.3155609965324402
vt 0.7477589845657349 0.03475299850106239
vt 0.7418720126152039 0.045938000082969666
vt 0.7418739795684814 0.03533799946308136
vt 0.7966470122337341 0.02532700076699257
vt 0.7688140273094177 0.6475399732589722
vt 0.7667210102081299 0.6566100120544434
vt 0.7619199752807617 0.6558849811553955
vt 0.7644879817962646 0.6455870270729065
vt 0.7566890120506287 0.9825400114059448
vt 0.7584549784660339 0.983128011226654
vt 0.7652230262756348 0.22490300238132477
vt 0.7558029890060425 0.21901600062847137
vt 0.2284650057554245 0.9901720285415649
vt 0.23023100197315216 0.9895840287208557
vt 0.23023000359535217 0.991349995136261
vt 0.2284650057554245 0.991349995136261
vt 0.7856079936027527 0.9896550178527832
vt 0.7838410139083862 0.989067018032074
vt 0.11513800173997879 0.16489499807357788
vt 0.12212499976158142 0.16622400283813477
vt 0.5622209906578064 0.618403971195221
vt 0.5704119801521301 0.6161699891090393
vt 0.5711629986763 0.6213510036468506
vt 0.5637159943580627 0.623212993144989
vt 0.2343509942293167 0.7051489949226379
vt 0.2343509942293167 0.7163339853286743
vt 0.2284650057554245 0.7151569724082947
vt 0.2284650057554245 0.7051489949226379
vt 0.5205249786376953 0.7248589992523193
vt 0.44649699330329895 0.9915379881858826
vt 0.4482010006904602 0.9915339946746826
vt 0.4481459856033325 0.9927070140838623
vt 0.44644200801849365 0.9933000206947327
vt 0.16545599699020386 0.48669999837875366
vt 0.8370220065116882 0.14402499794960022
vt 0.8387879729270935 0.14460699260234833
vt 0.8387879729270935 0.1463789939880371
vt 0.8370230197906494 0.14638499915599823
vt 0.7652230262756348 0.27906298637390137
vt 0.46527099609375 0.7313349843025208
vt 0.4652720093727112 0.7248600125312805
vt 0.47056999802589417 0.7266259789466858
vt 0.47056999802589417 0.7325130105018616
vt 0.7522690296173096 0.5281599760055542
vt 0.7522690296173096 0.3927589952945709
vt 0.7677810192108154 0.09891200065612793
vt 0.7677839994430542 0.10832499712705612
vt 0.7618920207023621 0.10068099945783615
vt 0.6613569855690002 0.46133899688720703
vt 0.32364198565483093 0.738565981388092
vt 0.32012200355529785 0.7428879737854004
vt 0.7418810129165649 0.10832499712705612
vt 0.7418779730796814 0.09891200065612793
vt 0.617510974407196 0.6126390099525452
vt 0.6204959750175476 0.6073949933052063
vt 0.1522739976644516 0.9860150218009949
vt 0.15403999388217926 0.9866030216217041
vt 0.44484999775886536 0.6572499871253967
vt 0.4482010006904602 0.6673020124435425
vt 0.44297099113464355 0.668379008769989
vt 0.4398060142993927 0.6588850021362305
vt 0.17547699809074402 0.6687260270118713
vt 0.16958999633789062 0.6669600009918213
vt 0.36271798610687256 0.4286009967327118
vt 0.6203100085258484 0.6377339959144592
vt 0.6147249937057495 0.6321489810943604
vt 0.3380019962787628 0.8829900026321411
vt 0.3409470021724701 0.8765109777450562
vt 0.3409470021724701 0.902413010597229
vt 0.3380019962787628 0.9012389779090881
vt 0.7840250134468079 0.3161500096321106
vt 0.21845099329948425 0.6404669880867004
vt 0.20902299880981445 0.6403800249099731
vt 0.16094499826431274 0.23242299258708954
vt 0.17670300602912903 0.24147500097751617
vt 0.1502230018377304 0.2407120019197464
vt 0.4162850081920624 0.9896510243415833
vt 0.41798800230026245 0.9902359843254089
vt 0.4851750135421753 0.621641993522644
vt 0.49130499362945557 0.622859001159668
vt 0.9750739932060242 0.32615798711776733
vt 0.9750739932060242 0.32910099625587463
vt 0.9499030113220215 0.9184340238571167
vt 0.9522579908370972 0.9160789847373962
vt 0.9522579908370972 0.9337400197982788
vt 0.9499030113220215 0.9313859939575195
vt 0.1695909947156906 0.772337019443512
vt 0.16958999633789062 0.7635070085525513
vt 0.17547699809074402 0.7617409825325012
vt 0.175477996468544 0.7699829936027527
vt 0.5358129739761353 0.9525889754295349
vt 0.5322809815406799 0.9596539735794067
vt 0.578790009021759 0.6152399778366089
vt 0.5784149765968323 0.6089239716529846
vt 0.8387600183486938 0.3155609965324402
vt 0.8399379849433899 0.3155660033226013
vt 0.8611680269241333 0.43993398547172546
vt 0.8611680269241333 0.4534739851951599
vt 0.8435069918632507 0.4534739851951599
vt 0.8435069918632507 0.43993398547172546
vt 0.26704901456832886 0.9000899791717529
vt 0.2678050100803375 0.8935490250587463
vt 0.28213199973106384 0.8930479884147644
vt 0.27951401472091675 0.8996300101280212
vt 0.8390489816665649 0.8396080136299133
vt 0.8372820019721985 0.8396030068397522
vt 0.8372830152511597 0.7983949780464172
vt 0.8390489816665649 0.7983999848365784
vt 0.40745601058006287 0.18603399395942688
vt 0.40101099014282227 0.18367600440979004
vt 0.40101099014282227 0.028258999809622765
vt 0.40745601058006287 0.02590700052678585
vt 0.9799280166625977 0.13307300209999084
vt 0.9816939830780029 0.13366100192070007
vt 0.2343509942293167 0.7269309759140015
vt 0.2284650057554245 0.7251650094985962
vt 0.6430130004882812 0.6534169912338257
vt 0.6241269707679749 0.4716489911079407
vt 0.6270700097084045 0.47106000781059265
vt 0.6270700097084045 0.47459399700164795
vt 0.6241260170936584 0.47459399700164795
vt 0.449876993894577 0.6890820264816284
vt 0.44427400827407837 0.6890419721603394
vt 0.6898769736289978 0.38451600074768066
vt 0.7452120184898376 0.38451600074768066
vt 0.5784220099449158 0.729882001876831
vt 0.5858690142631531 0.729882001876831
vt 0.7772150039672852 0.03887400031089783
vt 0.7825149893760681 0.039459001272916794
vt 0.190201997756958 0.7693729996681213
vt 0.1925549954175949 0.7646660208702087
vt 0.19255700707435608 0.7693740129470825
vt 0.9845830202102661 0.8652399778366089
vt 0.9828169941902161 0.8646510243415833
vt 0.9828169941902161 0.8634729981422424
vt 0.9845830202102661 0.8634729981422424
vt 0.6922249794006348 0.37270399928092957
vt 0.924344003200531 0.4806180000305176
vt 0.92610102891922 0.4805609881877899
vt 0.92610102891922 0.502892017364502
vt 0.924344003200531 0.5029489994049072
vt 0.19112299382686615 0.9428669810295105
vt 0.19465500116348267 0.9428669810295105
vt 0.19465400278568268 0.9599390029907227
vt 0.19112199544906616 0.9599390029907227
vt 0.052956998348236084 0.660938024520874
vt 0.07051700353622437 0.6618750095367432
vt 0.6965759992599487 0.19200299680233002
vt 0.6977519989013672 0.18905900418758392
vt 0.5003420114517212 0.9527379870414734
vt 0.506197988986969 0.9524829983711243
vt 0.506197988986969 0.9677559733390808
vt 0.5003420114517212 0.9680110216140747
vt 0.9497389793395996 0.8629260063171387
vt 0.9517859816551208 0.8634889721870422
vt 0.9516080021858215 0.8659800291061401
vt 0.948731005191803 0.8653579950332642
vt 0.48917898535728455 0.8757749795913696
vt 0.48917898535728455 0.8628230094909668
vt 0.4915330111980438 0.8604679703712463
vt 0.4915330111980438 0.8781300187110901
vt 0.2720470130443573 0.2794710099697113
vt 0.27381300926208496 0.2794710099697113
vt 0.7895870208740234 0.013544999994337559
vt 0.789588987827301 0.008240999653935432
vt 0.7966539859771729 0.007652999833226204
vt 0.7966510057449341 0.01295700017362833
vt 0.6727190017700195 0.5692909955978394
vt 0.6715430021286011 0.5692960023880005
vt 0.6715409755706787 0.5269110202789307
vt 0.6727179884910583 0.5269060134887695
vt 0.3927280008792877 0.7354440093040466
vt 0.3949440121650696 0.7402430176734924
vt 0.6715409755706787 0.573403000831604
vt 0.6697739958763123 0.5728099942207336
vt 0.6697760224342346 0.5692920088768005
vt 0.2343519926071167 0.967199981212616
vt 0.2284650057554245 0.967199981212616
vt 0.2284650057554245 0.951304018497467
vt 0.2343519926071167 0.951304018497467
vt 0.20516300201416016 0.14500300586223602
vt 0.18408699333667755 0.14474999904632568
vt 0.18321000039577484 0.13023699820041656
vt 0.7809159755706787 0.7872030138969421
vt 0.7809159755706787 0.7819049954414368
vt 0.11482000350952148 0.5532870292663574
vt 0.11010999977588654 0.553288996219635
vt 0.11011999845504761 0.523248016834259
vt 0.11483100056648254 0.5214790105819702
vt 0.9341040253639221 0.010014999657869339
vt 0.933588981628418 0.024272000417113304
vt 0.9308649897575378 0.025342000648379326
vt 0.9316759705543518 0.0050200000405311584
vt 0.4065600037574768 0.4285939931869507
vt 0.40831801295280457 0.4285939931869507
vt 0.4084790050983429 0.4333150088787079
vt 0.40672001242637634 0.4333150088787079
vt 0.8115379810333252 0.764244019985199
vt 0.8027080297470093 0.7683640122413635
vt 0.651121973991394 0.20377199351787567
vt 0.21347199380397797 0.9685930013656616
vt 0.21347199380397797 0.9803670048713684
vt 0.2562420070171356 0.5550370216369629
vt 0.256197988986969 0.5248640179634094
vt 0.42642301321029663 0.680154025554657
vt 0.8913769721984863 0.4186680018901825
vt 0.8919780254364014 0.4220210015773773
vt 0.7721620202064514 0.682703971862793
vt 0.7782179713249207 0.6904060244560242
vt 0.7749810218811035 0.6936709880828857
vt 0.7682830095291138 0.6854379773139954
vt 0.2723209857940674 0.9688019752502441
vt 0.2723209857940674 0.9534479975700378
vt 0.3435559868812561 0.7443240284919739
vt 0.340582013130188 0.7502930164337158
vt 0.33201900124549866 0.7450810074806213
vt 0.90003901720047 0.20384499430656433
vt 0.9000700116157532 0.2144699990749359
vt 0.9280539751052856 0.1740970015525818
vt 0.9339410066604614 0.1740970015525818
vt 0.9339410066604614 0.19411300122737885
vt 0.9280539751052856 0.19411300122737885
vt 0.04969500005245209 0.08089999854564667
vt 0.047970000654459 0.07130900025367737
vt 0.056088998913764954 0.051166001707315445
vt 0.06771700084209442 0.04007599875330925
vt 0.7616869807243347 0.3155609965324402
vt 0.9834830164909363 0.3492180109024048
vt 0.9852489829063416 0.34863001108169556
vt 0.9852489829063416 0.3503960072994232
vt 0.9834830164909363 0.3503960072994232
vt 0.46588099002838135 0.6122069954872131
vt 0.4714199900627136 0.6110230088233948
vt 0.449876993894577 0.6779130101203918
vt 0.4444600045681 0.6784319877624512
vt 0.9845010042190552 0.32910698652267456
vt 0.986266016960144 0.32851898670196533
vt 0.986266016960144 0.3302859961986542
vt 0.984499990940094 0.3302850127220154
vt 0.058274999260902405 0.6403570175170898
vt 0.055337999016046524 0.6486669778823853
vt 0.1360979974269867 0.9845449924468994
vt 0.13786399364471436 0.9845449924468994
vt 0.13786399364471436 0.9863119721412659
vt 0.1360979974269867 0.9857230186462402
vt 0.06546100229024887 0.8071650266647339
vt 0.047880999743938446 0.8067370057106018
vt 0.05040799826383591 0.8038619756698608
vt 0.06329900026321411 0.8041759729385376
vt 0.6628000140190125 0.36448800563812256
vt 0.8794649839401245 0.9265859723091125
vt 0.8794649839401245 0.9442470073699951
vt 0.8498200178146362 0.11847499758005142
vt 0.8370220065116882 0.1326580047607422
vt 0.8370220065116882 0.09439399838447571
vt 0.8509250283241272 0.10847699642181396
vt 0.2768009901046753 0.6391869783401489
vt 0.2744559943675995 0.6397759914398193
vt 0.856128990650177 0.8575999736785889
vt 0.856128990650177 0.8752610087394714
vt 0.8543609976768494 0.8729050159454346
vt 0.8543609976768494 0.8599539995193481
vt 0.07779300212860107 0.034049998968839645
vt 0.09850200265645981 0.004712999798357487
vt 0.11024300009012222 0.023809000849723816
vt 0.10427399724721909 0.03328699991106987
vt 0.2343509942293167 0.736939013004303
vt 0.6083130240440369 0.21079300343990326
vt 0.8996700048446655 0.8595179915428162
vt 0.8996400237083435 0.8742679953575134
vt 0.2343509942293167 0.682778000831604
vt 0.2343509942293167 0.6939629912376404
vt 0.2284650057554245 0.6939629912376404
vt 0.2284650057554245 0.682778000831604
vt 0.8480219841003418 0.7702190279960632
vt 0.8503929972648621 0.767657995223999
vt 0.8480219841003418 0.783115029335022
vt 0.2531900107860565 0.8175979852676392
vt 0.26378700137138367 0.8352590203285217
vt 0.2284650057554245 0.8352590203285217
vt 0.23906099796295166 0.8175979852676392
vt 0.5952720046043396 0.18670600652694702
vt 0.59586101770401 0.18964900076389313
vt 0.4144900143146515 0.6425110101699829
vt 0.9519209861755371 0.7858800292015076
vt 0.9519209861755371 0.787647008895874
vt 0.9501550197601318 0.787647008895874
vt 0.9501550197601318 0.785880982875824
vt 0.03815300017595291 0.1992969959974289
vt 0.022102000191807747 0.20412500202655792
vt 0.017331000417470932 0.1902170032262802
vt 0.0347290001809597 0.18730199337005615
vt 0.8957430124282837 0.11539799720048904
vt 0.894565999507904 0.11245399713516235
vt 0.894565999507904 0.09479299932718277
vt 0.8957430124282837 0.09184999763965607
vt 0.7000619769096375 0.004726000130176544
vt 0.40079599618911743 0.9802290201187134
vt 0.40079599618911743 0.969044029712677
vt 0.40491700172424316 0.969044029712677
vt 0.40491700172424316 0.9802290201187134
vt 0.8664029836654663 0.36207500100135803
vt 0.9342889785766602 0.8176010251045227
vt 0.9320319890975952 0.8131060004234314
vt 0.9318739771842957 0.7993339896202087
vt 0.9343219995498657 0.7983949780464172
vt 0.9714609980583191 0.4092409908771515
vt 0.9714620113372803 0.4245469868183136
vt 0.9655749797821045 0.4245469868183136
vt 0.9655740261077881 0.4092409908771515
vt 0.8943660259246826 0.9627289772033691
vt 0.8943660259246826 0.9603739976882935
vt 0.8973100185394287 0.9639059901237488
vt 0.20960800349712372 0.6897090077400208
vt 0.209523007273674 0.6973540186882019
vt 0.20457500219345093 0.697396993637085
vt 0.9614449739456177 0.4805609881877899
vt 0.9673320055007935 0.4805609881877899
vt 0.9673320055007935 0.49645599722862244
vt 0.9614449739456177 0.49645599722862244
vt 0.466372013092041 0.6852620244026184
vt 0.4659160077571869 0.6758049726486206
vt 0.4714460074901581 0.6769760251045227
vt 0.47195398807525635 0.6870250105857849
vt 0.5931289792060852 0.7285789847373962
vt 0.6007620096206665 0.7261589765548706
vt 0.20502300560474396 0.7186160087585449
vt 0.1848829984664917 0.47964200377464294
vt 0.30260398983955383 0.6642910242080688
vt 0.2951759994029999 0.6736389994621277
vt 0.2972230017185211 0.6630280017852783
vt 0.8019409775733948 0.031220000237226486
vt 0.8019409775733948 0.03887400031089783
vt 0.08363000303506851 0.5191230177879333
vt 0.08363399654626846 0.5096979737281799
vt 0.11895599961280823 0.5096979737281799
vt 0.11895299702882767 0.5191230177879333
vt 0.8922110199928284 0.11010000109672546
vt 0.8922110199928284 0.09714800119400024
vt 0.010046999901533127 0.8140389919281006
vt 0.01228300016373396 0.8140310049057007
vt 0.6727179884910583 0.5728099942207336
vt 0.23461900651454926 0.08454599976539612
vt 0.746383011341095 0.3821620047092438
vt 0.12137400358915329 0.9806600213050842
vt 0.12137400358915329 0.9688860177993774
vt 0.12490600347518921 0.9688860177993774
vt 0.12490600347518921 0.9806600213050842
vt 0.9907770156860352 0.7588000297546387
vt 0.9925429821014404 0.7593889832496643
vt 0.9363560080528259 0.9892449975013733
vt 0.9345899820327759 0.9886569976806641
vt 0.42528799176216125 0.7121319770812988
vt 0.42083799839019775 0.7099390029907227
vt 0.6965759992599487 0.18611599504947662
vt 0.6989319920539856 0.1861169934272766
vt 0.6526950001716614 0.6709070205688477
vt 0.23027899861335754 0.9766250252723694
vt 0.23033300042152405 0.9783949851989746
vt 0.228520005941391 0.9783909916877747
vt 0.2284660041332245 0.9772099852561951
vt 0.23027700185775757 0.9801579713821411
vt 0.2284650057554245 0.9795650243759155
vt 0.6706550121307373 0.6428729891777039
vt 0.6688899993896484 0.6434659957885742
vt 0.6688920259475708 0.6393589973449707
vt 0.6706569790840149 0.6393539905548096
vt 0.2721090018749237 0.6433079838752747
vt 0.27208301424980164 0.6845160126686096
vt 0.3409450054168701 0.8347070217132568
vt 0.3586060106754303 0.8347070217132568
vt 0.3562510013580322 0.8370620012283325
vt 0.3433000147342682 0.8370620012283325
vt 0.25481900572776794 0.22130100429058075
vt 0.26322099566459656 0.2185859978199005
vt 0.2527250051498413 0.23855799436569214
vt 0.9903910160064697 0.8966519832611084
vt 0.992156982421875 0.8972409963607788
vt 0.5780439972877502 0.6025850176811218
vt 0.5780500173568726 0.5969690084457397
vt 0.6719260215759277 0.3821609914302826
vt 0.6371790170669556 0.40528199076652527
vt 0.6367819905281067 0.38353100419044495
vt 0.1625239998102188 0.6963949799537659
vt 0.15545900166034698 0.6975719928741455
vt 0.66771399974823 0.6534870266914368
vt 0.6677119731903076 0.6570000052452087
vt 0.3938260078430176 0.6289219856262207
vt 0.399057000875473 0.6371530294418335
vt 0.3923549950122833 0.6338030099868774
vt 0.4324440062046051 0.9888089895248413
vt 0.43421000242233276 0.9888089895248413
vt 0.43421000242233276 0.9905750155448914
vt 0.4324440062046051 0.989986002445221
vt 0.7427949905395508 0.9852380156517029
vt 0.7445610165596008 0.9852380156517029
vt 0.7445610165596008 0.9870039820671082
vt 0.7427949905395508 0.9864150285720825
vt 0.9526050090789795 0.9853249788284302
vt 0.9543700218200684 0.9853249788284302
vt 0.9543709754943848 0.9870910048484802
vt 0.9526050090789795 0.9865019917488098
vt 0.9331079721450806 0.14433400332927704
vt 0.9339200258255005 0.16467100381851196
vt 0.9052879810333252 0.5992850065231323
vt 0.9017559885978699 0.5992850065231323
vt 0.9017580151557922 0.5845630168914795
vt 0.9052910208702087 0.5845630168914795
vt 0.5811370015144348 0.830685019493103
vt 0.574072003364563 0.8383380174636841
vt 0.5693619847297668 0.8324509859085083
vt 0.5752490162849426 0.8265640139579773
vt 0.3685230016708374 0.6069920063018799
vt 0.34328699111938477 0.5975649952888489
vt 0.33386701345443726 0.5975660085678101
vt 0.47057101130485535 0.7207390069961548
vt 0.477634996175766 0.7213280200958252
vt 0.477634996175766 0.7272149920463562
vt 0.7910559773445129 0.6024500131607056
vt 0.7894369959831238 0.6070259809494019
vt 0.78159499168396 0.5962259769439697
vt 0.28148698806762695 0.6433079838752747
vt 0.935958981513977 0.6888300180435181
vt 0.935958981513977 0.6699920296669006
vt 0.9418460130691528 0.6699920296669006
vt 0.9418460130691528 0.6888300180435181
vt 0.5944330096244812 0.6222820281982422
vt 0.5869870185852051 0.6204209923744202
vt 0.7740539908409119 0.2260800004005432
vt 0.9903910160064697 0.8842830061912537
vt 0.992156982421875 0.8836939930915833
vt 0.15721799433231354 0.4867439866065979
vt 0.15721799433231354 0.6386209726333618
vt 0.14957299828529358 0.881712019443512
vt 0.17312000691890717 0.881712019443512
vt 0.17312000691890717 0.9064369797706604
vt 0.14957299828529358 0.9064369797706604
vt 0.07714299857616425 0.248321995139122
vt 0.1079230010509491 0.2700499892234802
vt 0.5519790053367615 0.6156250238418579
vt 0.8825880289077759 0.8528720140457153
vt 0.8496519923210144 0.8487690091133118
vt 0.8849400281906128 0.8487489819526672
vt 0.7895810008049011 0.05358700081706047
vt 0.08774200081825256 0.7104750275611877
vt 0.08775400370359421 0.7481309771537781
vt 0.08363299816846848 0.7504850029945374
vt 0.08361999690532684 0.7087100148200989
vt 0.6023380160331726 0.004722000099718571
vt 0.9572409987449646 0.22019800543785095
vt 0.9572489857673645 0.20370100438594818
vt 0.9631360173225403 0.20370100438594818
vt 0.9631279706954956 0.22019800543785095
vt 0.5302010178565979 0.6437209844589233
vt 0.5259190201759338 0.6509810090065002
vt 0.746383011341095 0.5387570261955261
vt 0.06097099930047989 0.9877269864082336
vt 0.06097099930047989 0.9889039993286133
vt 0.05920499935746193 0.9889039993286133
vt 0.05920499935746193 0.9871379733085632
vt 0.663398027420044 0.40777501463890076
vt 0.6638479828834534 0.44656500220298767
vt 0.5063899755477905 0.37206798791885376
vt 0.3503760099411011 0.9896690249443054
vt 0.35207900404930115 0.9902529716491699
vt 0.35213300585746765 0.9914349913597107
vt 0.3504289984703064 0.9914389848709106
vt 0.4053860008716583 0.6412479877471924
vt 0.27264198660850525 0.6992490291595459
vt 0.39142298698425293 0.7613130211830139
vt 0.025195999071002007 0.8440250158309937
vt 0.025195999071002007 0.8793479800224304
vt 0.63680100440979 0.5345619916915894
vt 0.6397460103034973 0.5298489928245544
vt 0.6574069857597351 0.5298489928245544
vt 0.6603479981422424 0.5345619916915894
vt 0.9911419749259949 0.10304199904203415
vt 0.9929080009460449 0.10362999886274338
vt 0.8351759910583496 0.530364990234375
vt 0.8420689702033997 0.5387089848518372
vt 0.8376880288124084 0.5412489771842957
vt 0.8196880221366882 0.6290940046310425
vt 0.821586012840271 0.6241819858551025
vt 0.927370011806488 0.2813670039176941
vt 0.9238380193710327 0.2813670039176941
vt 0.27620700001716614 0.9304419755935669
vt 0.27421098947525024 0.9297189712524414
vt 0.275407999753952 0.927374005317688
vt 0.27775299549102783 0.9285709857940674
vt 0.9656140208244324 0.7000309824943542
vt 0.9655579924583435 0.7017920017242432
vt 0.9637460112571716 0.701200008392334
vt 0.9638010263442993 0.7000269889831543
vt 0.6822180151939392 0.9313989877700806
vt 0.6822190284729004 0.9166799783706665
vt 0.9809359908103943 0.43640199303627014
vt 0.9827020168304443 0.4358130097389221
vt 0.9827020168304443 0.4375790059566498
vt 0.9809359908103943 0.4375790059566498
vt 0.5884699821472168 0.6029580235481262
vt 0.8759239912033081 0.9690899848937988
vt 0.8741670250892639 0.9690279960632324
vt 0.8741670250892639 0.9536730051040649
vt 0.8759239912033081 0.9537349939346313
vt 0.9329749941825867 0.6236990094184875
vt 0.9388629794120789 0.6236990094184875
vt 0.9388629794120789 0.6437150239944458
vt 0.9329749941825867 0.6437150239944458
vt 0.7772179841995239 0.10068000108003616
vt 0.786046028137207 0.14012399315834045
vt 0.7772150039672852 0.1442440003156662
vt 0.055511001497507095 0.6581299901008606
vt 0.06838800013065338 0.6588169932365417
vt 0.9326909780502319 0.8487489819526672
vt 0.9326909780502319 0.8705310225486755
vt 0.9268040060997009 0.8705310225486755
vt 0.9268040060997009 0.8487489819526672
vt 0.477634996175766 0.733102023601532
vt 0.4846999943256378 0.7266259789466858
vt 0.484699010848999 0.7325130105018616
vt 0.9845830202102661 0.8522819876670837
vt 0.9828169941902161 0.8516929745674133
vt 0.5307649970054626 0.6531829833984375
vt 0.5277860164642334 0.6602569818496704
vt 0.36275601387023926 0.738610029220581
vt 0.3619930148124695 0.7437819838523865
vt 0.17547599971294403 0.7093459963798523
vt 0.1713539958000183 0.7093459963798523
vt 0.986266016960144 0.33205199241638184
vt 0.9845010042190552 0.33146199584007263
vt 0.16840699315071106 0.6486650109291077
vt 0.5605310201644897 0.8242089748382568
vt 0.5611199736595154 0.8377500176429749
vt 0.524619996547699 0.8377500176429749
vt 0.5252090096473694 0.8242089748382568
vt 0.3322809934616089 0.9760299921035767
vt 0.9147189855575562 0.5739629864692688
vt 0.9206069707870483 0.5739629864692688
vt 0.022167999297380447 0.0715079978108406
vt 0.013624000363051891 0.0696130022406578
vt 0.034616000950336456 0.023809999227523804
vt 0.03753000125288963 0.05345800146460533
vt 0.04944000020623207 0.6385470032691956
vt 0.33797699213027954 0.9795500040054321
vt 0.3351539969444275 0.9801470041275024
vt 0.24141600728034973 0.6939629912376404
vt 0.24141600728034973 0.6821900010108948
vt 0.24848100543022156 0.6939629912376404
vt 0.4652720093727112 0.7825530171394348
vt 0.907243013381958 0.717153012752533
vt 0.9208289980888367 0.4807319939136505
vt 0.9208289980888367 0.5030630230903625
vt 0.06771700084209442 0.24832400679588318
vt 0.03693599998950958 0.2700519859790802
vt 0.028223000466823578 0.2495419979095459
vt 0.0633310005068779 0.2370080053806305
vt 0.6417070031166077 0.4632979929447174
vt 0.6376479864120483 0.4616970121860504
vt 0.6717270016670227 0.9519619941711426
vt 0.6717270016670227 0.9678570032119751
vt 0.9002529978752136 0.9485999941825867
vt 0.47802600264549255 0.6669530272483826
vt 0.4777950048446655 0.6557469964027405
vt 0.48517200350761414 0.6663950085639954
vt 0.8820019960403442 0.8575829863548279
vt 0.1289539933204651 0.4643290042877197
vt 0.126010000705719 0.4643290042877197
vt 0.15780800580978394 0.6403989791870117
vt 0.66771399974823 0.6393539905548096
vt 0.6677119731903076 0.5969690084457397
vt 0.6688899993896484 0.5969730019569397
vt 0.5508620142936707 0.7343940138816833
vt 0.6059669852256775 0.6137639880180359
vt 0.6143440008163452 0.6184179782867432
vt 0.046835001558065414 0.9617130160331726
vt 0.0468359999358654 0.9581810235977173
vt 0.049779001623392105 0.9581810235977173
vt 0.049779001623392105 0.960536003112793
vt 0.6515780091285706 0.6612269878387451
vt 0.6487860083580017 0.650987982749939
vt 0.6543769836425781 0.6490949988365173
vt 0.6569830179214478 0.6598920226097107
vt 0.9478150010108948 0.22136199474334717
vt 0.9478150010108948 0.20370100438594818
vt 0.4899980127811432 0.7248600125312805
vt 0.489996999502182 0.7313349843025208
vt 0.4686740040779114 0.21429799497127533
vt 0.4657309949398041 0.20370100438594818
vt 0.4686740040779114 0.20370100438594818
vt 0.1619350016117096 0.6487029790878296
vt 0.31637999415397644 0.6386010050773621
vt 0.32084301114082336 0.6426839828491211
vt 0.4873420000076294 0.5823540091514587
vt 0.4934130012989044 0.5847430229187012
vt 0.49272799491882324 0.5929350256919861
vt 0.7431039810180664 0.7831130027770996
vt 0.9921280145645142 0.4358130097389221
vt 0.9938939809799194 0.4358139932155609
vt 0.9938939809799194 0.4375799894332886
vt 0.9921280145645142 0.4375799894332886
vt 0.6450629830360413 0.6416800022125244
vt 0.6502820253372192 0.6390420198440552
vt 0.5631570219993591 0.727275013923645
vt 0.8164499998092651 0.8255980014801025
vt 0.8052549958229065 0.8409759998321533
vt 0.9214180111885071 0.41394999623298645
vt 0.9255390167236328 0.41394999623298645
vt 0.9255409836769104 0.4263100028038025
vt 0.9214199781417847 0.4263100028038025
vt 0.395112007856369 0.5963860154151917
vt 0.9689679741859436 0.5493460297584534
vt 0.9689679741859436 0.5640630125999451
vt 0.9630810022354126 0.5640630125999451
vt 0.9630810022354126 0.5493460297584534
vt 0.2107270061969757 0.6633009910583496
vt 0.2103080004453659 0.6691579818725586
vt 0.20567700266838074 0.6656910181045532
vt 0.57778000831604 0.9307469725608826
vt 0.5772709846496582 0.9249070286750793
vt 0.5937129855155945 0.9249070286750793
vt 0.5942220091819763 0.9307469725608826
vt 0.26058098673820496 0.5700100064277649
vt 0.23364900052547455 0.5687000155448914
vt 0.6304119825363159 0.3627539873123169
vt 0.6303020119667053 0.36451199650764465
vt 0.04389199987053871 0.9581810235977173
vt 0.04944000020623207 0.48667100071907043
vt 0.7809159755706787 0.7289220094680786
vt 0.7738519906997681 0.7283329963684082
vt 0.7738519906997681 0.7224460244178772
vt 0.8371930122375488 0.07731900364160538
vt 0.8371930122375488 0.0596579983830452
vt 0.8572090268135071 0.056713998317718506
vt 0.8572090268135071 0.08026199787855148
vt 0.7875109910964966 0.5341050028800964
vt 0.209975004196167 0.7197510004043579
vt 0.28146201372146606 0.6845160126686096
vt 0.7340239882469177 0.2120019942522049
vt 0.7346130013465881 0.2137719988822937
vt 0.68538898229599 0.8025630116462708
vt 0.7561280131340027 0.8166360259056091
vt 0.6846160292625427 0.8166360259056091
vt 0.07692799717187881 0.9877700209617615
vt 0.07692799717187881 0.9889479875564575
vt 0.07516299933195114 0.9889479875564575
vt 0.07516200095415115 0.9871820211410522
vt 0.7427949905395508 0.9430789947509766
vt 0.7463279962539673 0.9430789947509766
vt 0.7463279962539673 0.9601519703865051
vt 0.742796003818512 0.9601519703865051
vt 0.47767600417137146 0.7466480135917664
vt 0.4776340126991272 0.7395769953727722
vt 0.484699010848999 0.7395769953727722
vt 0.4848029911518097 0.7466719746589661
vt 0.8940979838371277 0.3721030056476593
vt 0.8882099986076355 0.3721030056476593
vt 0.8882129788398743 0.3520829975605011
vt 0.89410001039505 0.3520829975605011
vt 0.993170976638794 0.23078800737857819
vt 0.994937002658844 0.23078900575637817
vt 0.994937002658844 0.23255600035190582
vt 0.993170976638794 0.23255500197410583
vt 0.3827430009841919 0.4391910135746002
vt 0.3856860101222992 0.4391910135746002
vt 0.3338809907436371 0.9925169944763184
vt 0.3321149945259094 0.9931049942970276
vt 0.4025920033454895 0.7575899958610535
vt 0.298554003238678 0.4285939931869507
vt 0.29443100094795227 0.4356609880924225
vt 0.0212629996240139 0.2090580016374588
vt 0.3691979944705963 0.4285939931869507
vt 0.7057650089263916 0.8490210175514221
vt 0.7057650089263916 0.8596180081367493
vt 0.6851570010185242 0.3726760149002075
vt 0.175477996468544 0.6604840159416199
vt 0.1695909947156906 0.6581289768218994
vt 0.9502599835395813 0.3821609914302826
vt 0.9520260095596313 0.3821609914302826
vt 0.9520300030708313 0.39981499314308167
vt 0.9502639770507812 0.39981499314308167
vt 0.03495600074529648 0.2447890043258667
vt 0.013426000252366066 0.20306000113487244
vt 0.9176620244979858 0.6098669767379761
vt 0.9205939769744873 0.6100320219993591
vt 0.9194080233573914 0.6130719780921936
vt 0.9170659780502319 0.6129069924354553
vt 0.9600690007209778 0.5739629864692688
vt 0.9634490013122559 0.5746189951896667
vt 0.9632019996643066 0.5862460136413574
vt 0.9600690007209778 0.5905579924583435
vt 0.5590100288391113 0.9519659876823425
vt 0.5590109825134277 0.9678580164909363
vt 0.5554789900779724 0.9678580164909363
vt 0.5554770231246948 0.9519659876823425
vt 0.7915859818458557 0.6258569955825806
vt 0.7899670004844666 0.6212800145149231
vt 0.020219000056385994 0.9144999980926514
vt 0.005814000032842159 0.9122800230979919
vt 0.593513011932373 0.22371600568294525
vt 0.5863680243492126 0.22961099445819855
vt 0.6391040086746216 0.6446670293807983
vt 0.7418749928474426 0.08890900015830994
vt 0.741873025894165 0.07831600308418274
vt 0.34438300132751465 0.7910270094871521
vt 0.33995699882507324 0.7949079871177673
vt 0.3321149945259094 0.780614972114563
vt 0.3343200087547302 0.7724159955978394
vt 0.6677119731903076 0.7088099718093872
vt 0.6688889861106873 0.7093930244445801
vt 0.5028390288352966 0.17955799400806427
vt 0.5028390288352966 0.19368599355220795
vt 0.8931350111961365 0.4258120059967041
vt 0.8913769721984863 0.4257020056247711
vt 0.9928860068321228 0.12070299685001373
vt 0.9911199808120728 0.12011399865150452
vt 0.9911199808120728 0.11893700063228607
vt 0.9928860068321228 0.11893700063228607
vt 0.8504459857940674 0.9407789707183838
vt 0.852226972579956 0.9413599967956543
vt 0.8522509932518005 0.9443029761314392
vt 0.8496519923210144 0.9438499808311462
vt 0.7534540295600891 0.20546700060367584
vt 0.7558079957962036 0.20370100438594818
vt 0.7534499764442444 0.2190140038728714
vt 0.8615720272064209 0.18306100368499756
vt 0.8624029755592346 0.14424799382686615
vt 0.864886999130249 0.14412899315357208
vt 0.8639659881591797 0.1812800019979477
vt 0.7685539722442627 0.7265669703483582
vt 0.7685539722442627 0.7200909852981567
vt 0.12667199969291687 0.9688860177993774
vt 0.12667199969291687 0.9806600213050842
vt 0.9743279814720154 0.20370100438594818
vt 0.9743289947509766 0.21783000230789185
vt 0.9725630283355713 0.21783000230789185
vt 0.9725620150566101 0.20370100438594818
vt 0.6381880044937134 0.9780870079994202
vt 0.6381880044937134 0.9792649745941162
vt 0.6364210247993469 0.9792649745941162
vt 0.6364219784736633 0.9774990081787109
vt 0.7384179830551147 0.7778149843215942
vt 0.5234439969062805 0.05063199996948242
vt 0.5320619940757751 0.6213859915733337
vt 0.4623650014400482 0.4004499912261963
vt 0.46279799938201904 0.4075460135936737
vt 0.45155099034309387 0.4075379967689514
vt 0.45229101181030273 0.4004420042037964
vt 0.6875159740447998 0.3821609914302826
vt 0.6822180151939392 0.39275801181793213
vt 0.9907770156860352 0.7729359865188599
vt 0.9907770156860352 0.7717589735984802
vt 0.9925429821014404 0.7717580199241638
vt 0.9925429821014404 0.7729349732398987
vt 0.587037980556488 0.20782099664211273
vt 0.5899630188941956 0.2048790007829666
vt 0.6706569790840149 0.6993839740753174
vt 0.6688910126686096 0.6993780136108398
vt 0.9885799884796143 0.7877140045166016
vt 0.9903460144996643 0.7871260046958923
vt 0.9012479782104492 0.13012099266052246
vt 0.9000719785690308 0.12658999860286713
vt 0.9024279713630676 0.12659099698066711
vt 0.9816939830780029 0.12011399865150452
vt 0.9799280166625977 0.12070299685001373
vt 0.9871010184288025 0.9160789847373962
vt 0.9888669848442078 0.9166679978370667
vt 0.733368992805481 0.8845779895782471
vt 0.7242500185966492 0.9003750085830688
vt 0.7206820249557495 0.8983139991760254
vt 0.7298009991645813 0.8825169801712036
vt 0.8093069791793823 0.6095100045204163
vt 0.8085809946060181 0.6047099828720093
vt 0.8507639765739441 0.10546199977397919
vt 0.8617050051689148 0.09114299714565277
vt 0.8621730208396912 0.10015299916267395
vt 0.5383970141410828 0.7103340029716492
vt 0.7098870277404785 0.20375500619411469
vt 0.7198929786682129 0.2037460058927536
vt 0.2802959978580475 0.6945390105247498
vt 0.2797060012817383 0.6963070034980774
vt 0.4934130012989044 0.19368599355220795
vt 0.49105799198150635 0.19427500665187836
vt 0.49105900526046753 0.1801459938287735
vt 0.4934130012989044 0.17955799400806427
vt 0.898281991481781 0.2291720062494278
vt 0.90003901720047 0.22922000288963318
vt 0.1966550052165985 0.6385520100593567
vt 0.1966550052165985 0.6403239965438843
vt 0.47057101130485535 0.7154409885406494
vt 0.4776360094547272 0.716618001461029
vt 0.8943660259246826 0.956840991973877
vt 0.05590600147843361 0.8378909826278687
vt 0.07827600091695786 0.8379049897193909
vt 0.07827600091695786 0.873075008392334
vt 0.05590600147843361 0.8730610013008118
vt 0.9236810207366943 0.7794049978256226
vt 0.9036650061607361 0.7823479771614075
vt 0.9036650061607361 0.7588000297546387
vt 0.9236810207366943 0.7617440223693848
vt 0.4107849895954132 0.6462739706039429
vt 0.3845579922199249 0.5946189761161804
vt 0.38461101055145264 0.5963889956474304
vt 0.3827979862689972 0.5963850021362305
vt 0.38274499773979187 0.5946149826049805
vt 0.7738519906997681 0.7766069769859314
vt 0.47110700607299805 0.6215980052947998
vt 0.477977991104126 0.6216080188751221
vt 0.4777719974517822 0.6327800154685974
vt 0.8466029763221741 0.0331059992313385
vt 0.8454980254173279 0.023106999695301056
vt 0.8593999743461609 0.00902399979531765
vt 0.8593999743461609 0.04728800058364868
vt 0.4722209870815277 0.4004420042037964
vt 0.47382500767707825 0.4075379967689514
vt 0.8307480216026306 0.9550319910049438
vt 0.8336910009384155 0.9562100172042847
vt 0.8331030011177063 0.95974200963974
vt 0.7932789921760559 0.7489370107650757
vt 0.17923299968242645 0.06028899922966957
vt 0.17414100468158722 0.07757499814033508
vt 0.17047899961471558 0.06932800263166428
vt 0.17800499498844147 0.057530999183654785
vt 0.648472011089325 0.46184098720550537
vt 0.66771399974823 0.6993839740753174
vt 0.5028390288352966 0.4168190062046051
vt 0.5116699934005737 0.4015119969844818
vt 0.6541420221328735 0.8442260026931763
vt 0.650609016418457 0.8377500176429749
vt 0.6594399809837341 0.8312739729881287
vt 0.6641499996185303 0.836571991443634
vt 0.3409450054168701 0.8653200268745422
vt 0.3433000147342682 0.8670859932899475
vt 0.8402259945869446 0.8419619798660278
vt 0.8390489816665649 0.8413779735565186
vt 0.8402249813079834 0.8396030068397522
vt 0.8759329915046692 0.9821709990501404
vt 0.8741670250892639 0.98158198595047
vt 0.985834002494812 0.5774949789047241
vt 0.984067976474762 0.5769060254096985
vt 0.8943660259246826 0.9889919757843018
vt 0.8943660259246826 0.9872260093688965
vt 0.8961319923400879 0.9878140091896057
vt 0.8961319923400879 0.9889919757843018
vt 0.9811509847640991 0.3003840148448944
vt 0.9752629995346069 0.3003840148448944
vt 0.9752629995346069 0.2868439853191376
vt 0.9811509847640991 0.2868439853191376
vt 0.8338930010795593 0.5438439846038818
vt 0.9802809953689575 0.5999839901924133
vt 0.9803339838981628 0.6017540097236633
vt 0.9785209894180298 0.6017500162124634
vt 0.9784680008888245 0.6005690097808838
vt 0.07516200095415115 0.9907140135765076
vt 0.07692799717187881 0.9901250004768372
vt 0.9911199808120728 0.13071799278259277
vt 0.9928860068321228 0.13012899458408356
vt 0.09320899844169617 0.9871190190315247
vt 0.09320899844169617 0.9853529930114746
vt 0.09497500211000443 0.9853529930114746
vt 0.09497500211000443 0.9865310192108154
vt 0.9790229797363281 0.5109390020370483
vt 0.9790769815444946 0.5127090215682983
vt 0.9772639870643616 0.5127050280570984
vt 0.9772099852561951 0.5115240216255188
vt 0.7677770256996155 0.03533799946308136
vt 0.767786979675293 0.007652999833226204
vt 0.767782986164093 0.015900999307632446
vt 0.25436800718307495 0.6627619862556458
vt 0.49042201042175293 0.8037530183792114
vt 0.49042201042175293 0.8420159816741943
vt 0.9827020168304443 0.45230400562286377
vt 0.9809359908103943 0.45171499252319336
vt 0.9809359908103943 0.4505380094051361
vt 0.9827020168304443 0.4505380094051361
vt 0.7772229909896851 0.08065800368785858
vt 0.7772200107574463 0.07477600127458572
vt 0.47836801409721375 0.6775789856910706
vt 0.48551398515701294 0.6770200133323669
vt 0.48623499274253845 0.8781290054321289
vt 0.48623499274253845 0.8604679703712463
vt 0.7738519906997681 0.7171469926834106
vt 0.7685539722442627 0.7142040133476257
vt 0.6252380013465881 0.9761040210723877
vt 0.626941978931427 0.9761000275611877
vt 0.19068099558353424 0.6833360195159912
vt 0.18512900173664093 0.6821600198745728
vt 0.8592929840087891 0.13186100125312805
vt 0.35380199551582336 0.7415480017662048
vt 0.5875369906425476 0.7472310066223145
vt 0.2779499888420105 0.9328140020370483
vt 0.27984899282455444 0.931414008140564
vt 0.5348550081253052 0.6372060179710388
vt 0.8313949704170227 0.8672829866409302
vt 0.8331620097160339 0.8513879776000977
vt 0.8349279761314392 0.8513879776000977
vt 0.8372820019721985 0.8672829866409302
vt 0.6229569911956787 0.16672000288963318
vt 0.6229569911956787 0.014839000068604946
vt 0.864637017250061 0.3679620027542114
vt 0.8634589910507202 0.36855098605155945
vt 0.2390500009059906 0.4672729969024658
vt 0.24022799730300903 0.46845000982284546
vt 0.2343509942293167 0.6715930104255676
vt 0.2284650057554245 0.6727700233459473
vt 0.6506180167198181 0.1666560024023056
vt 0.8549280166625977 0.6240890026092529
vt 0.8578330278396606 0.6236990094184875
vt 0.8578330278396606 0.6640099883079529
vt 0.8552119731903076 0.6638829708099365
vt 0.921438992023468 0.007656000088900328
vt 0.921438992023468 0.025317000225186348
vt 0.9090759754180908 0.02826100029051304
vt 0.9090759754180908 0.004712999798357487
vt 0.47668200731277466 0.8309550285339355
vt 0.46574100852012634 0.8452739715576172
vt 0.31211599707603455 0.6351040005683899
vt 0.31993499398231506 0.6269130110740662
vt 0.32326799631118774 0.6313400268554688
vt 0.9073240160942078 0.9889919757843018
vt 0.9073240160942078 0.9901689887046814
vt 0.9055579900741577 0.9907580018043518
vt 0.9055579900741577 0.9889919757843018
vt 0.40591999888420105 0.7415289878845215
vt 0.41355299949645996 0.7365019917488098
vt 0.41765299439430237 0.7413529753684998
vt 0.4090900123119354 0.747310996055603
vt 0.1857050061225891 0.7269300222396851
vt 0.2780109941959381 0.8765580058097839
vt 0.2756560146808624 0.8789129853248596
vt 0.2756560146808624 0.8612520098686218
vt 0.2780109941959381 0.8636059761047363
vt 0.17547599971294403 0.7211199998855591
vt 0.1713539958000183 0.7211199998855591
vt 0.6875159740447998 0.5387560129165649
vt 0.6822180151939392 0.5281590223312378
vt 0.9890810251235962 0.715969979763031
vt 0.9908469915390015 0.7159709930419922
vt 0.9908469915390015 0.717736005783081
vt 0.9890810251235962 0.7171469926834106
vt 0.4168820083141327 0.005301999859511852
vt 0.4192360043525696 0.004712999798357487
vt 0.2284650057554245 0.7351729869842529
vt 0.9482880234718323 0.5739629864692688
vt 0.950643002986908 0.5763180255889893
vt 0.950643002986908 0.5892689824104309
vt 0.9482880234718323 0.5916240215301514
vt 0.28500500321388245 0.752240002155304
vt 0.28500500321388245 0.7957599759101868
vt 0.29679399728775024 0.7942050099372864
vt 0.29973798990249634 0.7936139702796936
vt 0.2997319996356964 0.8336570262908936
vt 0.2967880070209503 0.8313030004501343
vt 0.09480799734592438 0.7092949748039246
vt 0.09481900185346603 0.7440080046653748
vt 0.36507099866867065 0.5893200039863586
vt 0.477728009223938 0.6445540189743042
vt 0.8125399947166443 0.10068000108003616
vt 0.16722600162029266 0.4796859920024872
vt 0.16016599535942078 0.4797239899635315
vt 0.6586769819259644 0.3726870119571686
vt 0.6501579880714417 0.37270599603652954
vt 0.7469729781150818 0.7047780156135559
vt 0.7522709965705872 0.6941810250282288
vt 0.9364950060844421 0.07090900093317032
vt 0.9340620040893555 0.0659170001745224
vt 0.9345769882202148 0.05166900157928467
vt 0.9373070001602173 0.050599999725818634
vt 0.22202999889850616 0.14627499878406525
vt 0.22941400110721588 0.14500199258327484
vt 0.23249800503253937 0.18248599767684937
vt 0.22811199724674225 0.19380199909210205
vt 0.9496350288391113 0.7165589928627014
vt 0.9496350288391113 0.729511022567749
vt 0.9472799897193909 0.7318649888038635
vt 0.9472799897193909 0.7142040133476257
vt 0.5028390288352966 0.6755260229110718
vt 0.5033980011940002 0.6645429730415344
vt 0.9908769726753235 0.739067018032074
vt 0.9891110062599182 0.739067018032074
vt 0.9891110062599182 0.7378889918327332
vt 0.9908769726753235 0.7372999787330627
vt 0.9467880129814148 0.0794610008597374
vt 0.9484909772872925 0.07945699989795685
vt 0.9484360218048096 0.08063100278377533
vt 0.9467319846153259 0.08063499629497528
vt 0.9096459746360779 0.054471999406814575
vt 0.9096689820289612 0.07042700052261353
vt 0.48857900500297546 0.9320330023765564
vt 0.48800501227378845 0.9338039755821228
vt 0.4850580096244812 0.9338260293006897
vt 0.4866800010204315 0.930633008480072
vt 0.3380019962787628 0.9330340027809143
vt 0.3321149945259094 0.9330340027809143
vt 0.3321160078048706 0.9159600138664246
vt 0.338003009557724 0.9159600138664246
vt 0.8019430041313171 0.024152999743819237
vt 0.9619100093841553 0.004712999798357487
vt 0.9619100093841553 0.021321000531315804
vt 0.9587739706039429 0.017009999603033066
vt 0.9585270285606384 0.005375000182539225
vt 0.30076101422309875 0.7164549827575684
vt 0.2974100112915039 0.7064020037651062
vt 0.625229001045227 0.9920060038566589
vt 0.6269950270652771 0.9925940036773682
vt 0.9119859933853149 0.40689799189567566
vt 0.9090449810028076 0.4015960097312927
vt 0.9090489745140076 0.3856930136680603
vt 0.9119920134544373 0.3821609914302826
vt 0.9713360071182251 0.004712999798357487
vt 0.9772229790687561 0.004712999798357487
vt 0.9772229790687561 0.019430000334978104
vt 0.9713360071182251 0.019430000334978104
vt 0.9247620105743408 0.6699920296669006
vt 0.924767017364502 0.6923549771308899
vt 0.9212340116500854 0.6923549771308899
vt 0.9212300181388855 0.6699920296669006
vt 0.9778969883918762 0.7142549753189087
vt 0.9778969883918762 0.7277730107307434
vt 0.9743819832801819 0.7278739809989929
vt 0.9743819832801819 0.7143570184707642
vt 0.11896199733018875 0.7646030187606812
vt 0.0836390033364296 0.7646030187606812
vt 0.9907770156860352 0.7747020125389099
vt 0.9925429821014404 0.7747020125389099
vt 0.9199010133743286 0.0902549996972084
vt 0.9199010133743286 0.11258500069379807
vt 0.04531100019812584 0.9891539812088013
vt 0.0470770001411438 0.9891539812088013
vt 0.0470770001411438 0.9909200072288513
vt 0.04531100019812584 0.9903309941291809
vt 0.44644400477409363 0.9897680282592773
vt 0.4481469988822937 0.9903519749641418
vt 0.9499030113220215 0.9431660175323486
vt 0.9516689777374268 0.9431660175323486
vt 0.9516689777374268 0.9602389931678772
vt 0.9499030113220215 0.9602389931678772
vt 0.7591279745101929 0.7295539975166321
vt 0.759082019329071 0.8025509715080261
vt 0.9692729711532593 0.15933699905872345
vt 0.969277024269104 0.14402499794960022
vt 0.5357599854469299 0.9767320156097412
vt 0.5339459776878357 0.9773169755935669
vt 0.7561920285224915 0.7142040133476257
vt 0.7584810256958008 0.7159669995307922
vt 0.2809540033340454 0.8789129853248596
vt 0.2809540033340454 0.8612509965896606
vt 0.4094649851322174 0.7316790223121643
vt 0.42006900906562805 0.7299860119819641
vt 0.6676880121231079 0.011781999841332436
vt 0.4305430054664612 0.561115026473999
vt 0.4227989912033081 0.5610629916191101
vt 0.42168301343917847 0.5593010187149048
vt 0.9828169941902161 0.8622959852218628
vt 0.9845830202102661 0.8617079854011536
vt 0.9857670068740845 0.16051499545574188
vt 0.9840009808540344 0.15992599725723267
vt 0.24848100543022156 0.650987982749939
vt 0.25436800718307495 0.652754008769989
vt 0.9430270195007324 0.4368419945240021
vt 0.9431229829788208 0.45362401008605957
vt 0.9819790124893188 0.2313770055770874
vt 0.9837449789047241 0.23078800737857819
vt 0.9837449789047241 0.23255400359630585
vt 0.9819790124893188 0.23255400359630585
vt 0.3226790130138397 0.5893300175666809
vt 0.5003420114517212 0.9780269861221313
vt 0.5021079778671265 0.9774370193481445
vt 0.3674370050430298 0.8276429772377014
vt 0.3674370050430298 0.8659080266952515
vt 0.9834830164909363 0.36217600107192993
vt 0.9852489829063416 0.3615880012512207
vt 0.9852489829063416 0.36335399746894836
vt 0.9834830164909363 0.36335399746894836
vt 0.7677890062332153 0.11655999720096588
vt 0.62431800365448 0.3821609914302826
vt 0.627249002456665 0.382750004529953
vt 0.9474329948425293 0.33322200179100037
vt 0.945667028427124 0.3308669924736023
vt 0.945667028427124 0.31791600584983826
vt 0.9474329948425293 0.3155609965324402
vt 0.06542599946260452 0.7670459747314453
vt 0.06829699873924255 0.7694720029830933
vt 0.06824199855327606 0.8066319823265076
vt 0.8421609997749329 0.22237500548362732
vt 0.8603180050849915 0.22159899771213531
vt 0.8635510206222534 0.244595006108284
vt 0.840703010559082 0.23514999449253082
vt 0.3138880133628845 0.20133699476718903
vt 0.31385698914527893 0.20722700655460358
vt 0.09516400098800659 0.08089900016784668
vt 0.07714299857616425 0.04007599875330925
vt 0.08877000212669373 0.051166001707315445
vt 0.09689000248908997 0.07130900025367737
vt 0.6681950092315674 0.979049026966095
vt 0.6681950092315674 0.9802259802818298
vt 0.6664289832115173 0.9808149933815002
vt 0.6664280295372009 0.9790499806404114
vt 0.8066200017929077 0.9519889950752258
vt 0.8066210150718689 0.9678810238838196
vt 0.80485600233078 0.9678810238838196
vt 0.8048539757728577 0.9519889950752258
vt 0.40039101243019104 0.20016300678253174
vt 0.39159300923347473 0.19957099854946136
vt 0.3283120095729828 0.6203969717025757
vt 0.7738519906997681 0.7348089814186096
vt 0.7685539722442627 0.7336310148239136
vt 0.7618889808654785 0.09008999913930893
vt 0.05546699836850166 0.2360749989748001
vt 0.04975200071930885 0.1932709962129593
vt 0.9902690052986145 0.5138829946517944
vt 0.9885029792785645 0.5144709944725037
vt 0.32735899090766907 0.6361690163612366
vt 0.2817470133304596 0.9785760045051575
vt 0.28351300954818726 0.9779869914054871
vt 0.3715069890022278 0.9780399799346924
vt 0.3814980089664459 0.9788730144500732
vt 0.3852440118789673 0.9826189875602722
vt 0.3715069890022278 0.9813709855079651
vt 0.2284650057554245 0.7440029978752136
vt 0.48491498827934265 0.6328110098838806
vt 0.491102010011673 0.6334419846534729
vt 0.8502179980278015 0.7147070169448853
vt 0.8502179980278015 0.7551379799842834
vt 0.8474569916725159 0.7540689706802368
vt 0.8476200103759766 0.7142040133476257
vt 0.3503729999065399 0.9118390083312988
vt 0.35429099202156067 0.9168239831924438
vt 0.700698971748352 0.18493999540805817
vt 0.6871500015258789 0.19318200647830963
vt 0.6842060089111328 0.19200399518013
vt 0.6836180090904236 0.1890610009431839
vt 0.6871500015258789 0.1890610009431839
vt 0.9817079901695251 0.9449319839477539
vt 0.9817079901695251 0.9461089968681335
vt 0.9799420237541199 0.9466990232467651
vt 0.9799410104751587 0.9449329972267151
vt 0.5952489972114563 0.41917601227760315
vt 0.5987949967384338 0.4168190062046051
vt 0.5987949967384338 0.571058988571167
vt 0.5952489972114563 0.5687059760093689
vt 0.5952720046043396 0.18493999540805817
vt 0.2732880115509033 0.9413710236549377
vt 0.2729179859161377 0.9438369870185852
vt 0.9799500107765198 0.0900840014219284
vt 0.981715977191925 0.0900840014219284
vt 0.981715977191925 0.10362400114536285
vt 0.9799500107765198 0.10362400114536285
vt 0.31208398938179016 0.589326024055481
vt 0.32444900274276733 0.5975649952888489
vt 0.3156200051307678 0.5975610017776489
vt 0.6229519844055176 0.17374800145626068
vt 0.6123539805412292 0.17373399436473846
vt 0.6111810207366943 0.16670599579811096
vt 0.6098650097846985 0.915132999420166
vt 0.6098650097846985 0.8916869759559631
vt 0.6240209937095642 0.8913130164146423
vt 0.6240209937095642 0.9147599935531616
vt 0.2558090090751648 0.09229899942874908
vt 0.2594580054283142 0.13306500017642975
vt 0.2470110058784485 0.10986699908971786
vt 0.39980199933052063 0.7324650287628174
vt 0.4023909866809845 0.736519992351532
vt 0.2343509942293167 0.6609960198402405
vt 0.4652720093727112 0.7183840274810791
vt 0.9113990068435669 0.49999600648880005
vt 0.9055110216140747 0.49999600648880005
vt 0.9055160284042358 0.4840930104255676
vt 0.9114030003547668 0.4840930104255676
vt 0.3503729999065399 0.9596319794654846
vt 0.3503749966621399 0.9425560235977173
vt 0.35214099287986755 0.9425560235977173
vt 0.3521389961242676 0.9596319794654846
vt 0.25989699363708496 0.6071919798851013
vt 0.23296500742435455 0.6058809757232666
vt 0.23787300288677216 0.6037700176239014
vt 0.2554379999637604 0.6046249866485596
vt 0.8794389963150024 0.969211995601654
vt 0.8794389963150024 0.9538570046424866
vt 0.8548210263252258 0.9418100118637085
vt 0.8551939725875854 0.9442790150642395
vt 0.6294320225715637 0.6140959858894348
vt 0.21000100672245026 0.6756110191345215
vt 0.9000139832496643 0.5433679819107056
vt 0.8999900221824646 0.5274119973182678
vt 0.6869199872016907 0.20370100438594818
vt 0.6934000253677368 0.20372800529003143
vt 0.42688998579978943 0.8313360214233398
vt 0.4317300021648407 0.830344021320343
vt 0.24141600728034973 0.7057369947433472
vt 0.49231699109077454 0.9289389848709106
vt 0.49112099409103394 0.926593005657196
vt 0.3173989951610565 0.7936139702796936
vt 0.3203420042991638 0.7942050099372864
vt 0.3203360140323639 0.8313030004501343
vt 0.3173930048942566 0.8336570262908936
vt 0.10546600073575974 0.7759929895401001
vt 0.1085209995508194 0.7841119766235352
vt 0.09920500218868256 0.7947329878807068
vt 0.09631399810314178 0.7891070246696472
vt 0.7685539722442627 0.7783730030059814
vt 0.47056999802589417 0.7395769953727722
vt 0.10848300158977509 0.9592170119285583
vt 0.10873100161552429 0.9475769996643066
vt 0.11185900121927261 0.9432610273361206
vt 0.11185900121927261 0.9598749876022339
vt 0.47057101130485535 0.7919719815254211
vt 0.6726970076560974 0.3626750111579895
vt 0.6720550060272217 0.3644370138645172
vt 0.7809159755706787 0.7353969812393188
vt 0.25436800718307495 0.7151569724082947
vt 0.9896510243415833 0.8001610040664673
vt 0.9914169907569885 0.8001620173454285
vt 0.9914169907569885 0.8019279837608337
vt 0.9896510243415833 0.8013380169868469
vt 0.19579899311065674 0.16746599972248077
vt 0.20207999646663666 0.18248799443244934
vt 0.1990250051021576 0.19041000306606293
vt 0.18861399590969086 0.167494997382164
vt 0.977279007434845 0.8125290274620056
vt 0.9713910222053528 0.8125290274620056
vt 0.9713960289955139 0.7989820241928101
vt 0.9772830009460449 0.7989820241928101
vt 0.9835820198059082 0.624288022518158
vt 0.9853479862213135 0.6236990094184875
vt 0.9853479862213135 0.6254649758338928
vt 0.9835820198059082 0.6254649758338928
vt 0.5934829711914062 0.4203529953956604
vt 0.5853009819984436 0.4262320101261139
vt 0.18610799312591553 0.7334319949150085
vt 0.12289299815893173 0.8479040265083313
vt 0.1186859980225563 0.8486739993095398
vt 0.13043400645256042 0.8311439752578735
vt 0.13036000728607178 0.8377060294151306
vt 0.7698889970779419 0.322037011384964
vt 0.7698630094528198 0.364423006772995
vt 0.320345014333725 0.7724159955978394
vt 0.2967979907989502 0.7724159955978394
vt 0.9914169907569885 0.8119419813156128
vt 0.9914169907569885 0.8131200075149536
vt 0.9896510243415833 0.8131200075149536
vt 0.9896510243415833 0.8113530278205872
vt 0.31504499912261963 0.7965559959411621
vt 0.3150379955768585 0.8348339796066284
vt 0.17546500265598297 0.479654997587204
vt 0.9279059767723083 0.3155609965324402
vt 0.9310089945793152 0.32151299715042114
vt 0.9308509826660156 0.3353070020675659
vt 0.9279059767723083 0.3356289863586426
vt 0.4366360008716583 0.6698570251464844
vt 0.43365800380706787 0.6609219908714294
vt 0.9563040137290955 0.15983200073242188
vt 0.9565010070800781 0.14875899255275726
vt 0.9598469734191895 0.14402499794960022
vt 0.9598469734191895 0.16114500164985657
vt 0.37910500168800354 0.7910289764404297
vt 0.38916701078414917 0.7724159955978394
vt 0.3913710117340088 0.780614972114563
vt 0.38352999091148376 0.7949119806289673
vt 0.9614560008049011 0.3821609914302826
vt 0.9673429727554321 0.3821609914302826
vt 0.9673429727554321 0.3980560004711151
vt 0.9614560008049011 0.3980560004711151
vt 0.3700149953365326 0.6300809979438782
vt 0.3621959984302521 0.6308259963989258
vt 0.4269779920578003 0.6297000050544739
vt 0.4340530037879944 0.6378899812698364
vt 0.46527299284935 0.7130860090255737
vt 0.9526050090789795 0.9841470122337341
vt 0.9543709754943848 0.9835590124130249
vt 0.16945099830627441 0.9865890145301819
vt 0.16768500208854675 0.9860010147094727
vt 0.30031800270080566 0.8795869946479797
vt 0.30031800270080566 0.8442639708518982
vt 0.3067939877510071 0.8442639708518982
vt 0.3067939877510071 0.8795869946479797
vt 0.061817001551389694 0.648705005645752
vt 0.991454005241394 0.5511119961738586
vt 0.989687979221344 0.5511119961738586
vt 0.989687979221344 0.5499340295791626
vt 0.991454005241394 0.5493450164794922
vt 0.905360996723175 0.28392401337623596
vt 0.9056010246276855 0.2691650092601776
vt 0.9091140031814575 0.269336998462677
vt 0.908873975276947 0.28409600257873535
vt 0.9516710042953491 0.13429099321365356
vt 0.9499130249023438 0.1342640072107315
vt 0.9499130249023438 0.11717099696397781
vt 0.9516710042953491 0.11719799786806107
vt 0.70551598072052 0.8967130184173584
vt 0.7019839882850647 0.8996559977531433
vt 0.7019839882850647 0.8761079907417297
vt 0.70551598072052 0.8790519833564758
vt 0.47053900361061096 0.7536910176277161
vt 0.004712999798357487 0.2971389889717102
vt 0.005890000145882368 0.2977280020713806
vt 0.005890000145882368 0.4519680142402649
vt 0.004712999798357487 0.4525560140609741
vt 0.5666930079460144 0.7520390152931213
vt 0.5672460198402405 0.7466719746589661
vt 0.6992970108985901 0.21204699575901031
vt 0.09537000209093094 0.46845200657844543
vt 0.0941929966211319 0.4672749936580658
vt 0.9931889772415161 0.4964590072631836
vt 0.9914849996566772 0.49705201387405396
vt 0.7304850220680237 0.20371000468730927
vt 0.7677749991416931 0.06772100180387497
vt 0.7677760124206543 0.07831600308418274
vt 0.9837549924850464 0.21724799275398254
vt 0.9855210185050964 0.21665899455547333
vt 0.9855210185050964 0.21842500567436218
vt 0.9837549924850464 0.21842500567436218
vt 0.7966480255126953 0.018848000094294548
vt 0.8019449710845947 0.017085000872612
vt 0.8342490196228027 0.014783999882638454
vt 0.8347129821777344 0.005772000178694725
vt 0.8456540107727051 0.020090999081730843
vt 0.24672099947929382 0.9236289858818054
vt 0.2496650069952011 0.9248059988021851
vt 0.2496650069952011 0.9407010078430176
vt 0.24672099947929382 0.9418780207633972
vt 0.97605299949646 0.7588000297546387
vt 0.9795849919319153 0.7588000297546387
vt 0.9795839786529541 0.7723399996757507
vt 0.9760519862174988 0.7723399996757507
vt 0.5923290252685547 0.18435099720954895
vt 0.5893849730491638 0.1831739991903305
vt 0.09799300134181976 0.1830569952726364
vt 0.11012999713420868 0.18730099499225616
vt 0.10670699924230576 0.1992959976196289
vt 0.28324899077415466 0.6385989785194397
vt 0.5646529793739319 0.8442249894142151
vt 0.6482269763946533 0.7010650038719177
vt 0.9890810251235962 0.714792013168335
vt 0.9908469915390015 0.7142040133476257
vt 0.4436410069465637 0.38954299688339233
vt 0.4401240050792694 0.38953500986099243
vt 0.4399999976158142 0.3748059868812561
vt 0.44586101174354553 0.37481799721717834
vt 0.7663859724998474 0.6655129790306091
vt 0.761696994304657 0.6659590005874634
vt 0.9147549867630005 0.837939977645874
vt 0.9124019742012024 0.8379409909248352
vt 0.5853009819984436 0.5616340041160583
vt 0.5934829711914062 0.567529022693634
vt 0.1791359931230545 0.07546699792146683
vt 0.182559996843338 0.08746200054883957
vt 0.16753700375556946 0.08149400353431702
vt 0.8336910009384155 0.9632740020751953
vt 0.5116699934005737 0.8919240236282349
vt 0.5116699934005737 0.9095489978790283
vt 0.5099130272865295 0.9096159934997559
vt 0.5099130272865295 0.8919900059700012
vt 0.9000719785690308 0.13365499675273895
vt 0.8417040109634399 0.3155609965324402
vt 0.38919100165367126 0.827642023563385
vt 0.3913710117340088 0.836601972579956
vt 0.8030880093574524 0.9790729880332947
vt 0.8030880093574524 0.9802500009536743
vt 0.8013219833374023 0.9808400273323059
vt 0.8013219833374023 0.9790740013122559
vt 0.41208699345588684 0.7525629997253418
vt 0.9002529978752136 0.9627289772033691
vt 0.8272789716720581 0.6342849731445312
vt 0.8304610252380371 0.630433976650238
vt 0.7581689953804016 0.3161500096321106
vt 0.758808970451355 0.3179199993610382
vt 0.45249900221824646 0.5693759918212891
vt 0.4433790147304535 0.5693519711494446
vt 0.4404670000076294 0.5611540079116821
vt 0.8278040289878845 0.9520890116691589
vt 0.8248609900474548 0.95974200963974
vt 0.8213279843330383 0.9526780247688293
vt 0.366456001996994 0.8081240057945251
vt 0.37577399611473083 0.7975040078163147
vt 0.3786590099334717 0.8031370043754578
vt 0.36950400471687317 0.8162500262260437
vt 0.8342490196228027 0.0749640017747879
vt 0.8342490196228027 0.06201300024986267
vt 0.8646320104598999 0.7532410025596619
vt 0.8622410297393799 0.7514560222625732
vt 0.8613200187683105 0.7143049836158752
vt 0.8637999892234802 0.7144269943237305
vt 0.7694550156593323 0.5808770060539246
vt 0.7651299834251404 0.5828310251235962
vt 0.04227500036358833 0.8391379714012146
vt 0.04227500036358833 0.8743079900741577
vt 0.5146129727363586 0.5875419974327087
vt 0.587020993232727 0.5875430107116699
vt 0.600570023059845 0.836571991443634
vt 0.6052790284156799 0.8312739729881287
vt 0.6141089797019958 0.8377500176429749
vt 0.6105780005455017 0.8442260026931763
vt 0.489996999502182 0.7383999824523926
vt 0.489996999502182 0.7460529804229736
vt 0.8883579969406128 0.19421599805355072
vt 0.8883579969406128 0.18069900572299957
vt 0.8947659730911255 0.22907599806785583
vt 0.21700599789619446 0.9166790246963501
vt 0.21700499951839447 0.9313979744911194
vt 0.44644200801849365 0.9803419709205627
vt 0.44644200801849365 0.9691569805145264
vt 0.4505630135536194 0.9691569805145264
vt 0.4505630135536194 0.9803419709205627
vt 0.6420999765396118 0.5269060134887695
vt 0.6550509929656982 0.5269060134887695
vt 0.9837449789047241 0.24727900326251984
vt 0.9819790124893188 0.24669000506401062
vt 0.9819790124893188 0.245511993765831
vt 0.9837449789047241 0.245511993765831
vt 0.14957299828529358 0.7093459963798523
vt 0.14957299828529358 0.6987490057945251
vt 0.15369300544261932 0.7093459963798523
vt 0.18497399985790253 0.8371419906616211
vt 0.18490399420261383 0.8305829763412476
vt 0.9819790124893188 0.24433499574661255
vt 0.9837449789047241 0.24374599754810333
vt 0.5769320130348206 0.7529699802398682
vt 0.5774840116500854 0.7476029992103577
vt 0.9345899820327759 0.9160789847373962
vt 0.9404770135879517 0.9160789847373962
vt 0.9404770135879517 0.9360949993133545
vt 0.9345899820327759 0.9360949993133545
vt 0.8019400238990784 0.04652800038456917
vt 0.2550719976425171 0.9901720285415649
vt 0.25683799386024475 0.9895840287208557
vt 0.25683701038360596 0.991349995136261
vt 0.2550719976425171 0.991349995136261
vt 0.4221700131893158 0.9761049747467041
vt 0.9750739932060242 0.322625994682312
vt 0.9738969802856445 0.322625994682312
vt 0.4846999943256378 0.7207390069961548
vt 0.4899980127811432 0.7183840274810791
vt 0.8372830152511597 0.8419619798660278
vt 0.7332950234413147 0.9589580297470093
vt 0.729915976524353 0.9596220254898071
vt 0.729915976524353 0.942995011806488
vt 0.7330480217933655 0.9473090171813965
vt 0.990667998790741 0.5259919762611389
vt 0.9924330115318298 0.5259919762611389
vt 0.9924330115318298 0.527758002281189
vt 0.990667998790741 0.5271689891815186
vt 0.9877910017967224 0.9678990244865417
vt 0.9895570278167725 0.9684879779815674
vt 0.9266250133514404 0.7640979886054993
vt 0.9266250133514404 0.7770500183105469
vt 0.6381880044937134 0.9804419875144958
vt 0.6364219784736633 0.9810310006141663
vt 0.29499000310897827 0.6954190135002136
vt 0.29443100094795227 0.684436023235321
vt 0.7852429747581482 0.514037013053894
vt 0.7616950273513794 0.514037013053894
vt 0.7616950273513794 0.48931199312210083
vt 0.7852429747581482 0.48931199312210083
vt 0.9771789908409119 0.7047320008277893
vt 0.9771789908409119 0.6929579973220825
vt 0.9807109832763672 0.6929579973220825
vt 0.9807109832763672 0.7047320008277893
vt 0.15958000719547272 0.467272013425827
vt 0.15840299427509308 0.4684489965438843
vt 0.6187919974327087 0.8732150197029114
vt 0.6104069948196411 0.8570050001144409
vt 0.6156370043754578 0.8543009757995605
vt 0.6240209937095642 0.870510995388031
vt 0.2108139991760254 0.8011500239372253
vt 0.9723899960517883 0.6236990094184875
vt 0.9741560220718384 0.6236990094184875
vt 0.9741550087928772 0.63782799243927
vt 0.9723889827728271 0.63782799243927
vt 0.976768970489502 0.3821609914302826
vt 0.9767709970474243 0.3956969976425171
vt 0.04389199987053871 0.948760986328125
vt 0.8272150158882141 0.8943819999694824
vt 0.8395779728889465 0.8914390206336975
vt 0.8395779728889465 0.9149870276451111
vt 0.8272150158882141 0.9120429754257202
vt 0.5646529793739319 0.762395977973938
vt 0.5746610164642334 0.770048975944519
vt 0.5699509978294373 0.7753469944000244
vt 0.5611199736595154 0.7688720226287842
vt 0.5152469873428345 0.4262320101261139
vt 0.838030993938446 0.7683640122413635
vt 0.829200029373169 0.764244019985199
vt 0.5110809803009033 0.770048975944519
vt 0.5210890173912048 0.762395977973938
vt 0.524619996547699 0.7688720226287842
vt 0.5157899856567383 0.7753469944000244
vt 0.782846987247467 0.32321399450302124
vt 0.782846987247467 0.3644239902496338
vt 0.9199010133743286 0.12201099842786789
vt 0.9240220189094543 0.12201099842786789
vt 0.9240239858627319 0.13437099754810333
vt 0.9199029803276062 0.13437099754810333
vt 0.004712999798357487 0.9674969911575317
vt 0.004712999798357487 0.9516019821166992
vt 0.010599999688565731 0.9516019821166992
vt 0.010599999688565731 0.9674969911575317
vt 0.9450579881668091 0.8584129810333252
vt 0.9421169757843018 0.8586249947547913
vt 0.990667998790741 0.5248140096664429
vt 0.9924330115318298 0.5242260098457336
vt 0.3474870026111603 0.6109020113945007
vt 0.35828399658203125 0.6079229712486267
vt 0.3588249981403351 0.6132820248603821
vt 0.34914499521255493 0.6158879995346069
vt 0.9404360055923462 0.9455209970474243
vt 0.9404360055923462 0.9619619846343994
vt 0.9345899820327759 0.9623929858207703
vt 0.9345899820327759 0.9459530115127563
vt 0.9634590148925781 0.0900840014219284
vt 0.9669910073280334 0.0900840014219284
vt 0.9669910073280334 0.10597900301218033
vt 0.9634580016136169 0.10597900301218033
vt 0.9017599821090698 0.5739629864692688
vt 0.9052929878234863 0.5739629864692688
vt 0.10699000209569931 0.09068799763917923
vt 0.10260500013828278 0.07750499993562698
vt 0.12269099801778793 0.0715079978108406
vt 0.2560279965400696 0.5715720057487488
vt 0.4009999930858612 0.5893210172653198
vt 0.9170659780502319 0.6070449948310852
vt 0.9194080233573914 0.6072099804878235
vt 0.6846799850463867 0.7142040133476257
vt 0.8941789865493774 0.27960100769996643
vt 0.8941789865493774 0.26664999127388
vt 0.21254800260066986 0.14627599716186523
vt 0.2064650058746338 0.19380399584770203
vt 0.24141600728034973 0.6409800052642822
vt 0.24141600728034973 0.6327379941940308
vt 0.24848100543022156 0.6339160203933716
vt 0.24848100543022156 0.6421579718589783
vt 0.5296419858932495 0.7068290114402771
vt 0.8943660259246826 0.8487489819526672
vt 0.896124005317688 0.8487970232963562
vt 0.9648669958114624 0.7588250041007996
vt 0.966625988483429 0.7588000297546387
vt 0.966625988483429 0.7746800184249878
vt 0.9648669958114624 0.7747060060501099
vt 0.27937498688697815 0.8066849708557129
vt 0.28196901082992554 0.806181013584137
vt 0.28213199973106384 0.8460450172424316
vt 0.27937498688697815 0.8471159934997559
vt 0.6854069828987122 0.9897940158843994
vt 0.6871110200881958 0.9903780221939087
vt 0.6871640086174011 0.9915599822998047
vt 0.6854609847068787 0.9915639758110046
vt 0.9827020168304443 0.43934598565101624
vt 0.9809359908103943 0.4387570023536682
vt 0.7932789921760559 0.7200909852981567
vt 0.6822800040245056 0.7159669995307922
vt 0.6829259991645813 0.7295539975166321
vt 0.9896510243415833 0.7989829778671265
vt 0.9914169907569885 0.7983949780464172
vt 0.9721310138702393 0.322625994682312
vt 0.5140089988708496 0.7164819836616516
vt 0.489996999502182 0.7537059783935547
vt 0.9272029995918274 0.20370100438594818
vt 0.9330909848213196 0.20370100438594818
vt 0.9330909848213196 0.2254830002784729
vt 0.9272040128707886 0.2254830002784729
vt 0.543753981590271 0.8913140296936035
vt 0.5385289788246155 0.9154809713363647
vt 0.5210959911346436 0.9153259992599487
vt 0.5210959911346436 0.8930400013923645
vt 0.8212760090827942 0.3378460109233856
vt 0.829334020614624 0.3532789945602417
vt 0.8284339904785156 0.3597880005836487
vt 0.7868099808692932 0.8757969737052917
vt 0.7868099808692932 0.8522499799728394
vt 0.522911012172699 0.9767320156097412
vt 0.5229640007019043 0.9785019755363464
vt 0.5211510062217712 0.9784979820251465
vt 0.5210970044136047 0.9773169755935669
vt 0.9853479862213135 0.627232015132904
vt 0.9835820198059082 0.6266430020332336
vt 0.5978839993476868 0.9799469709396362
vt 0.5961170196533203 0.9805369973182678
vt 0.3192720115184784 0.9913439750671387
vt 0.32103800773620605 0.9913449883460999
vt 0.32103800773620605 0.9931100010871887
vt 0.3192729949951172 0.9925209879875183
vt 0.29443100094795227 0.2378470003604889
vt 0.3008840084075928 0.24020500481128693
vt 0.3008840084075928 0.39562198519706726
vt 0.29443100094795227 0.39797401428222656
vt 0.8213840126991272 0.991549015045166
vt 0.8230879902839661 0.9915450215339661
vt 0.8230329751968384 0.9927189946174622
vt 0.8213279843330383 0.9933109879493713
vt 0.8665599822998047 0.14402499794960022
vt 0.8665599822998047 0.1827930063009262
vt 0.5887960195541382 0.19377000629901886
vt 0.19208399951457977 0.6604790091514587
vt 0.1916089951992035 0.6657429933547974
vt 0.18610799312591553 0.6633930206298828
vt 0.1865829974412918 0.6581289768218994
vt 0.025857999920845032 0.9804549813270569
vt 0.024044999852776527 0.9798619747161865
vt 0.10777000337839127 0.7440080046653748
vt 0.10775899887084961 0.7092949748039246
vt 0.7940329909324646 0.3185049891471863
vt 0.8399659991264343 0.14402499794960022
vt 0.8399659991264343 0.14638499915599823
vt 0.8406990170478821 0.26345500349998474
vt 0.863552987575531 0.2540209889411926
vt 0.8603079915046692 0.27701500058174133
vt 0.8421519994735718 0.27623000741004944
vt 0.7845810055732727 0.6951220035552979
vt 0.7820410132408142 0.699504017829895
vt 0.4783470034599304 0.6104480028152466
vt 0.5358129739761353 0.9667180180549622
vt 0.984499990940094 0.3190929889678955
vt 0.986266016960144 0.3185049891471863
vt 0.19512000679969788 0.20325300097465515
vt 0.6871089935302734 0.9927330017089844
vt 0.6854050159454346 0.9933260083198547
vt 0.919717013835907 0.29197099804878235
vt 0.9214829802513123 0.29256001114845276
vt 0.489996999502182 0.7613599896430969
vt 0.489996999502182 0.7690119743347168
vt 0.6681950092315674 0.9778710007667542
vt 0.6664289832115173 0.9772830009460449
vt 0.9911199808120728 0.11776000261306763
vt 0.9928860068321228 0.11717099696397781
vt 0.48014500737190247 0.5823190212249756
vt 0.8019459843635559 0.07477600127458572
vt 0.9036049842834473 0.2838380038738251
vt 0.9038450121879578 0.2690789997577667
vt 0.46527099609375 0.7383999824523926
vt 0.8125380277633667 0.1442440003156662
vt 0.8037070035934448 0.14012399315834045
vt 0.9047830104827881 0.12659099698066711
vt 0.9915019869804382 0.052365999668836594
vt 0.9915019869804382 0.053543999791145325
vt 0.989736020565033 0.05413199961185455
vt 0.989736020565033 0.052365999668836594
vt 0.3379940092563629 0.7555450201034546
vt 0.9746410250663757 0.5739629864692688
vt 0.9746419787406921 0.588092029094696
vt 0.9728760123252869 0.588092029094696
vt 0.9728749990463257 0.5739629864692688
vt 0.4850580096244812 0.882839024066925
vt 0.4850580096244812 0.8557590246200562
vt 0.9840009808540344 0.14461299777030945
vt 0.9857670068740845 0.14402499794960022
vt 0.43552398681640625 0.6497640013694763
vt 0.429747998714447 0.6529170274734497
vt 0.4903219938278198 0.929660975933075
vt 0.48877599835395813 0.9277899861335754
vt 0.8125410079956055 0.09184999763965607
vt 0.7772189974784851 0.09184999763965607
vt 0.6719260215759277 0.5161110162734985
vt 0.6367819905281067 0.5174800157546997
vt 0.6677119731903076 0.6428729891777039
vt 0.237295001745224 0.9248059988021851
vt 0.237295001745224 0.9407010078430176
vt 0.7010560035705566 0.20375099778175354
vt 0.5028390288352966 0.7794679999351501
vt 0.5093140006065369 0.7829999923706055
vt 0.9896510243415833 0.8148859739303589
vt 0.9914169907569885 0.8142970204353333
vt 0.5793709754943848 0.019430000334978104
vt 0.7151910066604614 0.9839760065078735
vt 0.7169569730758667 0.9833869934082031
vt 0.418956995010376 0.9154520034790039
vt 0.4191179871559143 0.9128239750862122
vt 0.422342985868454 0.9119489789009094
vt 0.42188701033592224 0.9150859713554382
vt 0.5387700200080872 0.6403390169143677
vt 0.9866999983787537 0.8254160284996033
vt 0.9866999983787537 0.8265939950942993
vt 0.9849339723587036 0.8265939950942993
vt 0.9849339723587036 0.824828028678894
vt 0.6397380232810974 0.547523021697998
vt 0.6573989987373352 0.547523021697998
vt 0.9840260148048401 0.17586299777030945
vt 0.9857919812202454 0.17586299777030945
vt 0.9857919812202454 0.1776289939880371
vt 0.9840270280838013 0.1770399957895279
vt 0.046865999698638916 0.1830579936504364
vt 0.03852099925279617 0.18246400356292725
vt 0.049779001623392105 0.9546489715576172
vt 0.07540199905633926 0.8932279944419861
vt 0.07516200095415115 0.8837339878082275
vt 0.07867500185966492 0.8839060068130493
vt 0.6157230138778687 0.9677940011024475
vt 0.6098650097846985 0.9675899744033813
vt 0.6098650097846985 0.9522349834442139
vt 0.6157230138778687 0.95243901014328
vt 0.6706560254096985 0.7111709713935852
vt 0.6706560254096985 0.752377986907959
vt 0.2284650057554245 0.47964200377464294
vt 0.23843500018119812 0.509198009967804
vt 0.9915260076522827 0.6017510294914246
vt 0.9897599816322327 0.6017510294914246
vt 0.9897599816322327 0.6005730032920837
vt 0.9915260076522827 0.5999839901924133
vt 0.24141600728034973 0.6503999829292297
vt 0.5035840272903442 0.6863240003585815
vt 0.7100710272789001 0.0047240001149475574
vt 0.3020940124988556 0.7965559959411621
vt 0.3020870089530945 0.8348339796066284
vt 0.5770159959793091 0.004712999798357487
vt 0.5793709754943848 0.005301999859511852
vt 0.9888669848442078 0.9325699806213379
vt 0.9871010184288025 0.9319810271263123
vt 0.46527099609375 0.7537059783935547
vt 0.46527099609375 0.7460529804229736
vt 0.47056999802589417 0.746641993522644
vt 0.9231839776039124 0.3821609914302826
vt 0.9231889843940735 0.4045239984989166
vt 0.9214230179786682 0.4045239984989166
vt 0.9214180111885071 0.3821609914302826
vt 0.9055579900741577 0.9872260093688965
vt 0.9073240160942078 0.9878140091896057
vt 0.04531100019812584 0.9879760146141052
vt 0.0470770001411438 0.987388014793396
vt 0.7751200199127197 0.5896959900856018
vt 0.9201099872589111 0.9364039897918701
vt 0.919297993183136 0.9160789847373962
vt 0.922029972076416 0.917153000831604
vt 0.9225450158119202 0.9314129948616028
vt 0.23975899815559387 0.9901720285415649
vt 0.24152499437332153 0.9895840287208557
vt 0.9507030248641968 0.5266780257225037
vt 0.9536550045013428 0.5242260098457336
vt 0.9536550045013428 0.5418109893798828
vt 0.9507030248641968 0.5395730137825012
vt 0.7685530185699463 0.9925910234451294
vt 0.7685530185699463 0.9908249974250793
vt 0.7703189849853516 0.9908249974250793
vt 0.7703189849853516 0.992002010345459
vt 0.2284650057554245 0.6627619862556458
vt 0.1951889991760254 0.07064300030469894
vt 0.8931400179862976 0.5029320120811462
vt 0.8907859921455383 0.5076419711112976
vt 0.8907859921455383 0.4805609881877899
vt 0.8931400179862976 0.48527100682258606
vt 0.7019839882850647 0.9231789708137512
vt 0.7021420001983643 0.9093970060348511
vt 0.7050809860229492 0.9090819954872131
vt 0.7050809860229492 0.9291329979896545
vt 0.7440239787101746 0.3655889928340912
vt 0.7346130013465881 0.36565300822257996
vt 0.7440239787101746 0.21370799839496613
vt 0.6822180151939392 0.6941810250282288
vt 0.19053900241851807 0.6903889775276184
vt 0.18490399420261383 0.6974470019340515
vt 0.18498900532722473 0.6898009777069092
vt 0.6706550121307373 0.5969690084457397
vt 0.3370620012283325 0.6149979829788208
vt 0.2496650069952011 0.967199981212616
vt 0.24377800524234772 0.967199981212616
vt 0.24377800524234772 0.951304018497467
vt 0.2496650069952011 0.951304018497467
vt 0.8641110062599182 0.44287800788879395
vt 0.8641110062599182 0.4534739851951599
vt 0.9855210185050964 0.22019100189208984
vt 0.9837549924850464 0.21960300207138062
vt 0.15899300575256348 0.6675480008125305
vt 0.7151910066604614 0.8272389769554138
vt 0.7151910066604614 0.8655049800872803
vt 0.5264829993247986 0.682781994342804
vt 0.5277860164642334 0.6900429725646973
vt 0.671222984790802 0.004712999798357487
vt 0.17545799911022186 0.0477989986538887
vt 0.35530900955200195 0.7367479801177979
vt 0.4168449938297272 0.915569007396698
vt 0.4162819981575012 0.9118419885635376
vt 0.6659500002861023 0.19318200647830963
vt 0.6659500002861023 0.1831739991903305
vt 0.6694819927215576 0.1831739991903305
vt 0.6694819927215576 0.19318200647830963
vt 0.04593300074338913 0.05617399886250496
vt 0.035436999052762985 0.03620100021362305
vt 0.04058599844574928 0.03328699991106987
vt 0.8999900221824646 0.5992850065231323
vt 0.8999919891357422 0.5845630168914795
vt 0.906548023223877 0.13365499675273895
vt 0.9059569835662842 0.13012099266052246
vt 0.44526299834251404 0.9597309827804565
vt 0.4452640116214752 0.9426559805870056
vt 0.44879698753356934 0.9426559805870056
vt 0.44879499077796936 0.9597309827804565
vt 0.07516200095415115 0.9079869985580444
vt 0.490105003118515 0.4003790020942688
vt 0.4934130012989044 0.4074710011482239
vt 0.484048992395401 0.4075149893760681
vt 0.4818579852581024 0.4004180133342743
vt 0.14957299828529358 0.7523210048675537
vt 0.14957299828529358 0.7423139810562134
vt 0.15546000003814697 0.743490993976593
vt 0.15546000003814697 0.754086971282959
vt 0.28206101059913635 0.6980730295181274
vt 0.2832390069961548 0.6968939900398254
vt 0.28500500321388245 0.7004259824752808
vt 0.00822800025343895 0.7823290228843689
vt 0.007226999849081039 0.8122810125350952
vt 0.26704901456832886 0.926954984664917
vt 0.26784399151802063 0.9300259947776794
vt 0.5706040263175964 0.7291370034217834
vt 0.9025660157203674 0.5052980184555054
vt 0.902571976184845 0.4805609881877899
vt 0.04183100163936615 0.22696499526500702
vt 0.6375929713249207 0.45170798897743225
vt 0.17547599971294403 0.7317169904708862
vt 0.16958899796009064 0.7328940033912659
vt 0.8509929776191711 0.7645639777183533
vt 0.8633040189743042 0.7652810215950012
vt 0.8627039790153503 0.7683749794960022
vt 0.9743819832801819 0.7490839958190918
vt 0.974386990070343 0.7372999787330627
vt 0.8961319923400879 0.9901689887046814
vt 0.8943660259246826 0.9907580018043518
vt 0.7289720177650452 0.19318200647830963
vt 0.3321149945259094 0.9795500040054321
vt 0.688103973865509 0.7047780156135559
vt 0.32098498940467834 0.9766200184822083
vt 0.32103800773620605 0.9783899784088135
vt 0.319225013256073 0.9783859848976135
vt 0.3191710114479065 0.9772049784660339
vt 0.9171079993247986 0.8385279774665833
vt 0.9159299731254578 0.8349949717521667
vt 0.6541420221328735 0.762395977973938
vt 0.9899280071258545 0.4657509922981262
vt 0.9899280071258545 0.46398499608039856
vt 0.9916939735412598 0.46457400918006897
vt 0.9916939735412598 0.4657509922981262
vt 0.7657870054244995 0.32085999846458435
vt 0.037870001047849655 0.09068900346755981
vt 0.04225499927997589 0.07750499993562698
vt 0.9462559819221497 0.36629098653793335
vt 0.9427239894866943 0.36393600702285767
vt 0.9427239894866943 0.35098499059677124
vt 0.9462559819221497 0.34863001108169556
vt 0.8344370126724243 0.9768210053443909
vt 0.8326240181922913 0.9774060249328613
vt 0.9938939809799194 0.438757985830307
vt 0.9921280145645142 0.4387570023536682
vt 0.23846399784088135 0.570717990398407
vt 0.5208979845046997 0.625078022480011
vt 0.528531014919281 0.6170729994773865
vt 0.9919030070304871 0.6947240233421326
vt 0.990136981010437 0.6947240233421326
vt 0.990136981010437 0.6935470104217529
vt 0.9919030070304871 0.6929579973220825
vt 0.1625239998102188 0.7340720295906067
vt 0.1625239998102188 0.7440800070762634
vt 0.9849339723587036 0.8283600211143494
vt 0.9866999983787537 0.827771008014679
vt 0.8371289968490601 0.046491000801324844
vt 0.6659150123596191 0.8236209750175476
vt 0.6723920106887817 0.8271530270576477
vt 0.7677779793739319 0.08890900015830994
vt 0.7204849720001221 0.37272199988365173
vt 0.1893569976091385 0.9838470220565796
vt 0.19112199544906616 0.9832590222358704
vt 0.5229079723358154 0.9802650213241577
vt 0.5210959911346436 0.9796720147132874
vt 0.14014700055122375 0.7345889806747437
vt 0.13753600418567657 0.7344359755516052
vt 0.1368670016527176 0.693248987197876
vt 0.13985200226306915 0.6915779709815979
vt 0.9118040204048157 0.6699920296669006
vt 0.9916939735412598 0.46692898869514465
vt 0.9899280071258545 0.4675169885158539
vt 0.8427119851112366 0.5505980253219604
vt 0.8383859992027283 0.5525509715080261
vt 0.6114529967308044 0.20370100438594818
vt 0.14957499504089355 0.7699829936027527
vt 0.14957399666309357 0.7617409825325012
vt 0.15546099841594696 0.7635070085525513
vt 0.15546099841594696 0.772337019443512
vt 0.29443100094795227 0.9230350255966187
vt 0.30031800270080566 0.9230350255966187
vt 0.30031800270080566 0.9418730139732361
vt 0.29443100094795227 0.9418730139732361
vt 0.9314410090446472 0.0712210014462471
vt 0.9314410090446472 0.05109899863600731
vt 0.05004800111055374 0.718192994594574
vt 0.05017299950122833 0.684473991394043
vt 0.05311499908566475 0.7177749872207642
vt 0.4781000018119812 0.3732469975948334
vt 0.4810439944267273 0.3732469975948334
vt 0.4810439944267273 0.38855400681495667
vt 0.4781000018119812 0.38855400681495667
vt 0.4490230083465576 0.39073899388313293
vt 0.4490230083465576 0.3701309859752655
vt 0.4901930093765259 0.9427319765090942
vt 0.49112099409103394 0.9404900074005127
vt 0.14957299828529358 0.48682498931884766
vt 0.14957299828529358 0.6387019753456116
vt 0.7752349972724915 0.3821609914302826
vt 0.7976049780845642 0.3821609914302826
vt 0.7976049780845642 0.479885995388031
vt 0.7752349972724915 0.479885995388031
vt 0.5537130236625671 0.9678580164909363
vt 0.5537109971046448 0.9519659876823425
vt 0.9383530020713806 0.5638989806175232
vt 0.9383530020713806 0.5520300269126892
vt 0.9418609738349915 0.5522860288619995
vt 0.9418609738349915 0.5641549825668335
vt 0.10128399729728699 0.5385630130767822
vt 0.10128500312566757 0.5332630276679993
vt 0.10776399821043015 0.5220720171928406
vt 0.9265279769897461 0.6699920296669006
vt 0.9265329837799072 0.6923549771308899
vt 0.08361800014972687 0.5556430220603943
vt 0.11894100159406662 0.5556430220603943
vt 0.8611279726028442 0.9362210035324097
vt 0.8640769720077515 0.9362000226974487
vt 0.14014500379562378 0.6397680044174194
vt 0.14014700055122375 0.6821519732475281
vt 0.8345069885253906 0.6418759822845459
vt 0.8383859992027283 0.6391410231590271
vt 0.5789819955825806 0.6202340126037598
vt 0.491362988948822 0.665848970413208
vt 0.4917069971561432 0.6758859753608704
vt 0.9427239894866943 0.33322298526763916
vt 0.9427239894866943 0.31556200981140137
vt 0.25683799386024475 0.993116021156311
vt 0.2550719976425171 0.9925259947776794
vt 0.5210980176925659 0.9896900057792664
vt 0.5228009819984436 0.9902750253677368
vt 0.5228549838066101 0.9914559721946716
vt 0.5211510062217712 0.9914600253105164
vt 0.989736020565033 0.050599999725818634
vt 0.9915019869804382 0.05118900164961815
vt 0.17367500066757202 0.8167420029640198
vt 0.1704850047826767 0.8245419859886169
vt 0.16179299354553223 0.8100979924201965
vt 0.16496500372886658 0.8044210076332092
vt 0.9159039855003357 0.6097570061683655
vt 0.9147189855575562 0.6133819818496704
vt 0.42641499638557434 0.8571799993515015
vt 0.42439401149749756 0.859138011932373
vt 0.411545991897583 0.8602449893951416
vt 0.40889498591423035 0.85868901014328
vt 0.46942800283432007 0.9820529818534851
vt 0.4676620066165924 0.9814649820327759
vt 0.7922670245170593 0.3644239902496338
vt 0.245510995388031 0.02522299997508526
vt 0.23071500658988953 0.0717030018568039
vt 0.09244900196790695 0.553288996219635
vt 0.08773999661207199 0.5532870292663574
vt 0.08775100111961365 0.5214790105819702
vt 0.09245900064706802 0.523248016834259
vt 0.8327869772911072 0.991549015045166
vt 0.8344910144805908 0.9915450215339661
vt 0.8344359993934631 0.992717981338501
vt 0.8327310085296631 0.9933109879493713
vt 0.9924920201301575 0.6705809831619263
vt 0.9924920201301575 0.6717579960823059
vt 0.9907259941101074 0.6717579960823059
vt 0.9907259941101074 0.6699920296669006
vt 0.7683950066566467 0.6741920113563538
vt 0.7638180255889893 0.6758099794387817
vt 0.01054100040346384 0.19284799695014954
vt 0.004712999798357487 0.14580099284648895
vt 0.27381300926208496 0.46667900681495667
vt 0.2720470130443573 0.46667900681495667
vt 0.7677800059318542 0.025326000526547432
vt 0.2568869888782501 0.9766250252723694
vt 0.25507301092147827 0.9772099852561951
vt 0.01354300044476986 0.2812440097332001
vt 0.014720999635756016 0.2824220061302185
vt 0.9802790284156799 0.6035169959068298
vt 0.9784659743309021 0.6029239892959595
vt 0.6532589793205261 0.7027090191841125
vt 0.6146860122680664 0.4616340100765228
vt 0.6117560267448425 0.4610460102558136
vt 0.9566529989242554 0.23078800737857819
vt 0.9602000117301941 0.23210200667381287
vt 0.960004985332489 0.2431659996509552
vt 0.9566529989242554 0.2478960007429123
vt 0.20974799990653992 0.6820669770240784
vt 0.4676620066165924 0.96909499168396
vt 0.46766600012779236 0.9537829756736755
vt 0.47355300188064575 0.9537829756736755
vt 0.4735490083694458 0.96909499168396
vt 0.7703189849853516 0.9896469712257385
vt 0.7685530185699463 0.9890580177307129
vt 0.9877910017967224 0.9808570146560669
vt 0.9895570278167725 0.9814460277557373
vt 0.21081599593162537 0.818219006061554
vt 0.18726800382137299 0.818219006061554
vt 0.7035470008850098 0.7366260290145874
vt 0.13451699912548065 0.7360939979553223
vt 0.13451699912548065 0.6925740242004395
vt 0.14014700055122375 0.4666840136051178
vt 0.1383810043334961 0.4666840136051178
vt 0.17574100196361542 0.14415599405765533
vt 0.09320899844169617 0.9338350296020508
vt 0.09378500282764435 0.9147400259971619
vt 0.10920000076293945 0.9127560257911682
vt 0.10774800181388855 0.933784008026123
vt 0.8145310282707214 0.8577979803085327
vt 0.8186299800872803 0.8576110005378723
vt 0.8186299800872803 0.8758190274238586
vt 0.8145310282707214 0.876006007194519
vt 0.9520189762115479 0.4805609881877899
vt 0.9520189762115479 0.4982230067253113
vt 0.9508410096168518 0.4958670139312744
vt 0.9508410096168518 0.482915997505188
vt 0.807030975818634 0.5141860246658325
vt 0.807030975818634 0.4894599914550781
vt 0.8305789828300476 0.4894599914550781
vt 0.8305789828300476 0.5141860246658325
vt 0.328685998916626 0.7499610185623169
vt 0.9812420010566711 0.5242260098457336
vt 0.9812420010566711 0.5377659797668457
vt 0.975354015827179 0.5377659797668457
vt 0.975354015827179 0.5242260098457336
vt 0.20987799763679504 0.9927319884300232
vt 0.208173006772995 0.9933249950408936
vt 0.05920499935746193 0.9906709790229797
vt 0.06097099930047989 0.9900820255279541
vt 0.9319660067558289 0.7142040133476257
vt 0.937853991985321 0.7142040133476257
vt 0.937853991985321 0.734220027923584
vt 0.9319660067558289 0.734220027923584
vt 0.017071999609470367 0.47971901297569275
vt 0.5625420212745667 0.9295880198478699
vt 0.5625420212745667 0.9407740235328674
vt 0.5566549897193909 0.9407740235328674
vt 0.5566549897193909 0.9295880198478699
vt 0.9675710201263428 0.9160789847373962
vt 0.9675719738006592 0.9319720268249512
vt 0.9616850018501282 0.9319720268249512
vt 0.961683988571167 0.9160789847373962
vt 0.8213279843330383 0.9668070077896118
vt 0.24848100543022156 0.7051489949226379
vt 0.25436800718307495 0.7051489949226379
vt 0.2278289943933487 0.0819149985909462
vt 0.22777299582958221 0.12078499794006348
vt 0.22200199961662292 0.1289609968662262
vt 0.8156139850616455 0.5308669805526733
vt 0.8172320127487183 0.526291012763977
vt 0.20674799382686615 0.08191599696874619
vt 0.2125760018825531 0.12896199524402618
vt 0.19995799660682678 0.0845469981431961
vt 0.07516200095415115 0.9638620018959045
vt 0.07516700029373169 0.9473699927330017
vt 0.08105400204658508 0.9473699927330017
vt 0.08105000108480453 0.9638620018959045
vt 0.08773099631071091 0.6557440161705017
vt 0.8196439743041992 0.027873000130057335
vt 0.8246790170669556 0.027202999219298363
vt 0.8113759756088257 0.04945800080895424
vt 0.8115590214729309 0.04290800169110298
vt 0.4007990062236786 0.9896550178527832
vt 0.40250200033187866 0.9902399778366089
vt 0.1372160017490387 0.5673649907112122
vt 0.14014700055122375 0.5673649907112122
vt 0.14011000096797943 0.6262339949607849
vt 0.13717900216579437 0.6262339949607849
vt 0.990576982498169 0.2903760075569153
vt 0.992343008518219 0.2897869944572449
vt 0.592585027217865 0.951682984828949
vt 0.5961179733276367 0.951682984828949
vt 0.5961170196533203 0.9675779938697815
vt 0.592585027217865 0.9675779938697815
vt 0.46557098627090454 0.6657689809799194
vt 0.4711030125617981 0.6663510203361511
vt 0.8423290252685547 0.4858599901199341
vt 0.84409499168396 0.4858599901199341
vt 0.8231970071792603 0.9785910248756409
vt 0.8231409788131714 0.9803529977798462
vt 0.8213279843330383 0.979761004447937
vt 0.8213840126991272 0.9785869717597961
vt 0.9715099930763245 0.4358130097389221
vt 0.9715099930763245 0.451119989156723
vt 0.9656230211257935 0.451119989156723
vt 0.9656220078468323 0.4358130097389221
vt 0.6818659901618958 0.9685940146446228
vt 0.6818659901618958 0.9803680181503296
vt 0.06322000175714493 0.7658230066299438
vt 0.4873790144920349 0.7036600112915039
vt 0.4934130012989044 0.7013360261917114
vt 0.9932000041007996 0.38510099053382874
vt 0.9914950132369995 0.3856930136680603
vt 0.9036049842834473 0.2595849931240082
vt 0.905360996723175 0.25967100262641907
vt 0.35586801171302795 0.9294040203094482
vt 0.3564330041408539 0.9331309795379639
vt 0.6058760285377502 0.18670600652694702
vt 0.6058760285377502 0.18493999540805817
vt 0.9031569957733154 0.4015960097312927
vt 0.9031620025634766 0.3856930136680603
vt 0.3192729949951172 0.9901670217514038
vt 0.32103800773620605 0.9895780086517334
vt 0.09892699867486954 0.05617399886250496
vt 0.10942299664020538 0.03620100021362305
vt 0.10732900351285934 0.05345800146460533
vt 0.7418720126152039 0.06772100180387497
vt 0.7418720126152039 0.057124000042676926
vt 0.5978839993476868 0.951682984828949
vt 0.5978829860687256 0.9675779938697815
vt 0.09125000238418579 0.4702180027961731
vt 0.09066099673509598 0.46845200657844543
vt 0.992900013923645 0.9437549710273743
vt 0.991133987903595 0.9431660175323486
vt 0.35207700729370117 0.9926080107688904
vt 0.3503729999065399 0.9932010173797607
vt 0.9721310138702393 0.3190929889678955
vt 0.9721310138702393 0.3161500096321106
vt 0.7720860242843628 0.8793299794197083
vt 0.7703199982643127 0.8793299794197083
vt 0.4256860017776489 0.20370100438594818
vt 0.4286290109157562 0.20370100438594818
vt 0.4286290109157562 0.21429799497127533
vt 0.4256860017776489 0.21429799497127533
vt 0.38455599546432495 0.5975620150566101
vt 0.3827430009841919 0.5975580215454102
vt 0.4669409990310669 0.6935489773750305
vt 0.47257599234580994 0.6959050297737122
vt 0.19875399768352509 0.6663129925727844
vt 0.6052870154380798 0.19141599535942078
vt 0.6052870154380798 0.18964900076389313
vt 0.2832390069961548 0.2794710099697113
vt 0.28500500321388245 0.2794710099697113
vt 0.09244100004434586 0.6557430028915405
vt 0.6317790150642395 0.004763000179082155
vt 0.08851499855518341 0.04233900085091591
vt 0.028674999251961708 0.10726799815893173
vt 0.02148899994790554 0.10729599744081497
vt 0.015208999626338482 0.0922740027308464
vt 0.01826399937272072 0.08435200154781342
vt 0.640887975692749 0.37271401286125183
vt 0.4178670048713684 0.7957159876823425
vt 0.425711989402771 0.8100169897079468
vt 0.4235059916973114 0.8182160258293152
vt 0.4134399890899658 0.799597978591919
vt 0.9467340111732483 0.07769100368022919
vt 0.9484379887580872 0.07768700271844864
vt 0.9837449789047241 0.2343209981918335
vt 0.9819790124893188 0.23373199999332428
vt 0.8954899907112122 0.4258129894733429
vt 0.9910969734191895 0.2601749897003174
vt 0.9928629994392395 0.2595849931240082
vt 0.9365990161895752 0.5637699961662292
vt 0.9365990161895752 0.5519009828567505
vt 0.5952720046043396 0.1831739991903305
vt 0.8943660259246826 0.9533089995384216
vt 0.06509199738502502 0.9178850054740906
vt 0.06509199738502502 0.9379010200500488
vt 0.05920499935746193 0.9379010200500488
vt 0.05920499935746193 0.9178850054740906
vt 0.15542900562286377 0.9626950025558472
vt 0.14957299828529358 0.9624469876289368
vt 0.14957299828529358 0.9458969831466675
vt 0.15542900562286377 0.9461449980735779
vt 0.5554779767990112 0.9778720140457153
vt 0.5554779767990112 0.9790499806404114
vt 0.5537109971046448 0.9790509939193726
vt 0.553712010383606 0.9772840142250061
vt 0.2284650057554245 0.8806099891662598
vt 0.26378700137138367 0.8806099891662598
vt 0.29443100094795227 0.9913449883460999
vt 0.29443100094795227 0.9895780086517334
vt 0.29619699716567993 0.9901670217514038
vt 0.29619699716567993 0.9913449883460999
vt 0.014712999574840069 0.6403819918632507
vt 0.02884400077164173 0.6486420035362244
vt 0.018252000212669373 0.6486920118331909
vt 0.5091689825057983 0.7068009972572327
vt 0.9497429728507996 0.8512359857559204
vt 0.9499170184135437 0.8487489819526672
vt 0.6828809976577759 0.8025509715080261
vt 0.6822180151939392 0.8148660063743591
vt 0.126010000705719 0.27947598695755005
vt 0.1289539933204651 0.27947598695755005
vt 0.8299810290336609 0.2920129895210266
vt 0.3089289963245392 0.6665130257606506
vt 0.2322710007429123 0.12972499430179596
vt 0.25136798620224 0.13023599982261658
vt 0.2504900097846985 0.1447480022907257
vt 0.6812630295753479 0.19200399518013
vt 0.6806740164756775 0.1890610009431839
vt 0.004712999798357487 0.7558550238609314
vt 0.004712999798357487 0.6581299901008606
vt 0.8013229966163635 0.9678810238838196
vt 0.8013219833374023 0.9519889950752258
vt 0.7825189828872681 0.018848000094294548
vt 0.7895839810371399 0.01943499967455864
vt 0.9627050161361694 0.3155609965324402
vt 0.9627050161361694 0.33200201392173767
vt 0.9568589925765991 0.33243298530578613
vt 0.9568589925765991 0.3159930109977722
vt 0.9796550273895264 0.7142040133476257
vt 0.9796550273895264 0.7277219891548157
vt 0.04826800152659416 0.47965699434280396
vt 0.7124699950218201 0.18493999540805817
vt 0.9764170050621033 0.0900840014219284
vt 0.9764180183410645 0.10362400114536285
vt 0.9613509774208069 0.7588760256767273
vt 0.9613509774208069 0.7747560143470764
vt 0.5228000283241272 0.9926300048828125
vt 0.5210959911346436 0.9932230114936829
vt 0.2727549970149994 0.038690000772476196
vt 0.2806200087070465 0.03775700181722641
vt 0.26409798860549927 0.06932800263166428
vt 0.6706560254096985 0.7088099718093872
vt 0.978797972202301 0.46575498580932617
vt 0.9805020093917847 0.4657509922981262
vt 0.980446994304657 0.4669249951839447
vt 0.9787430167198181 0.4675169885158539
vt 0.992343008518219 0.3027459979057312
vt 0.990576982498169 0.30333399772644043
vt 0.4797210097312927 0.5693519711494446
vt 0.9064980149269104 0.6941419839859009
vt 0.27269598841667175 0.6409540176391602
vt 0.417138010263443 0.7081289887428284
vt 0.41993001103401184 0.7016130089759827
vt 0.25436800718307495 0.6939629912376404
vt 0.6486049890518188 0.7129470109939575
vt 0.5063719749450684 0.861303985118866
vt 0.5087270140647888 0.8666030168533325
vt 0.5028390288352966 0.8666030168533325
vt 0.5046060085296631 0.861303985118866
vt 0.8299850225448608 0.3043690025806427
vt 0.206169992685318 0.7363520264625549
vt 0.1501619964838028 0.6404740214347839
vt 0.03284899890422821 0.8210989832878113
vt 0.13929599523544312 0.9422969818115234
vt 0.13929599523544312 0.9594200253486633
vt 0.13594099879264832 0.9546909928321838
vt 0.1357470005750656 0.9436169862747192
vt 0.8999940156936646 0.5739629864692688
vt 0.8278560042381287 0.8308990001678467
vt 0.8273900151252747 0.839917004108429
vt 0.8331620097160339 0.8725820183753967
vt 0.8349279761314392 0.8725820183753967
vt 0.006525999866425991 0.9804549813270569
vt 0.004712999798357487 0.9798619747161865
vt 0.5063719749450684 0.882498025894165
vt 0.5046060085296631 0.882498025894165
vt 0.8943660259246826 0.8873350024223328
vt 0.9082549810409546 0.8876960277557373
vt 0.907895028591156 0.9082970023155212
vt 0.8944709897041321 0.9082970023155212
vt 0.5923280119895935 0.8271530270576477
vt 0.5988029837608337 0.8236209750175476
vt 0.7641440033912659 0.17700700461864471
vt 0.7651330232620239 0.19251799583435059
vt 0.7442420125007629 0.18971699476242065
vt 0.7451260089874268 0.17520500719547272
vt 0.6117560267448425 0.47106000781059265
vt 0.6147000193595886 0.4716489911079407
vt 0.991454005241394 0.5528780221939087
vt 0.989687979221344 0.5522890090942383
vt 0.6313999891281128 0.37270599603652954
vt 0.16182300448417664 0.038690999150276184
vt 0.8647410273551941 0.9104980230331421
vt 0.852275013923645 0.9109619855880737
vt 0.8496519923210144 0.893517017364502
vt 0.8643670082092285 0.8937469720840454
vt 0.4068570137023926 0.9330210089683533
vt 0.5163159966468811 0.22960999608039856
vt 0.31503498554229736 0.41916701197624207
vt 0.31501299142837524 0.41328299045562744
vt 0.8611050248146057 0.9332780241966248
vt 0.8635799884796143 0.932906985282898
vt 0.577269971370697 0.8913140296936035
vt 0.5999289751052856 0.8930410146713257
vt 0.5999289751052856 0.9153259992599487
vt 0.5824959874153137 0.9154809713363647
vt 0.4878759980201721 0.8463330268859863
vt 0.2784999907016754 0.9375280141830444
vt 0.28097298741340637 0.9378989934921265
vt 0.1063390001654625 0.18246300518512726
vt 0.25436800718307495 0.6362709999084473
vt 0.25436800718307495 0.6439239978790283
vt 0.8387879729270935 0.1875859946012497
vt 0.8370220065116882 0.18759199976921082
vt 0.8245800137519836 0.13294599950313568
vt 0.8252490162849426 0.09175900369882584
vt 0.8275970220565796 0.0910789966583252
vt 0.8275970220565796 0.1345990002155304
vt 0.28213199973106384 0.8836219906806946
vt 0.28213199973106384 0.8565419912338257
vt 0.7685539722442627 0.7560020089149475
vt 0.7584189772605896 0.8148660063743591
vt 0.9840270280838013 0.17468500137329102
vt 0.9857919812202454 0.1740970015525818
vt 0.9590610265731812 0.7142040133476257
vt 0.9649479985237122 0.7142040133476257
vt 0.9649559855461121 0.7306740283966064
vt 0.959069013595581 0.7306740283966064
vt 0.7289159893989563 0.004712999798357487
vt 0.7194920182228088 0.004720000084489584
vt 0.6476699709892273 0.17368799448013306
vt 0.42177799344062805 0.40741899609565735
vt 0.4256120026111603 0.40033501386642456
vt 0.4221709966659546 0.9796350002288818
vt 0.4192259907722473 0.9802259802818298
vt 0.187266007065773 0.8011500239372253
vt 0.1872600018978119 0.7711380124092102
vt 0.42168301343917847 0.5958989858627319
vt 0.42168301343917847 0.5900369882583618
vt 0.43806299567222595 0.591467022895813
vt 0.43806299567222595 0.5973290205001831
vt 0.7480940222740173 0.9430789947509766
vt 0.7480940222740173 0.9601519703865051
vt 0.6582859754562378 0.6708750128746033
vt 0.6335269808769226 0.6874390244483948
vt 0.6517040133476257 0.9519619941711426
vt 0.6517040133476257 0.9678570032119751
vt 0.75901198387146 0.15503700077533722
vt 0.7670980095863342 0.17007100582122803
vt 0.7672770023345947 0.17662400007247925
vt 0.908873975276947 0.25984299182891846
vt 0.6565240025520325 0.1831739991903305
vt 0.6565240025520325 0.19318200647830963
vt 0.1893569976091385 0.9428669810295105
vt 0.1893559992313385 0.9599390029907227
vt 0.18490399420261383 0.7623090147972107
vt 0.13403600454330444 0.08095700293779373
vt 0.14011900126934052 0.12848499417304993
vt 0.9809359908103943 0.4493600130081177
vt 0.9827020168304443 0.44877099990844727
vt 0.4491809904575348 0.9282450079917908
vt 0.44526299834251404 0.9332299828529358
vt 0.7685539722442627 0.9252880215644836
vt 0.7685539722442627 0.9381840229034424
vt 0.24002300202846527 0.10853700339794159
vt 0.2639009952545166 0.611519992351532
vt 0.22877199947834015 0.609811007976532
vt 0.7187240123748779 0.942995011806488
vt 0.7204899787902832 0.942995011806488
vt 0.7204899787902832 0.9600679874420166
vt 0.7187240123748779 0.9600679874420166
vt 0.25534701347351074 0.060290999710559845
vt 0.26043900847435 0.07757599651813507
vt 0.05634399875998497 0.04233900085091591
vt 0.0670659989118576 0.034049998968839645
vt 0.23023100197315216 0.993116021156311
vt 0.2284650057554245 0.9925259947776794
vt 0.8913769721984863 0.40453198552131653
vt 0.8913769721984863 0.38687101006507874
vt 0.8937320113182068 0.3821609914302826
vt 0.8937320113182068 0.40924200415611267
vt 0.4418720006942749 0.7209150195121765
vt 0.9655609726905823 0.6982600092887878
vt 0.9637479782104492 0.6982560157775879
vt 0.46551400423049927 0.6227779984474182
vt 0.9185400009155273 0.29256001114845276
vt 0.9790210127830505 0.5144709944725037
vt 0.9772089719772339 0.5138790011405945
vt 0.010599999688565731 0.9368780255317688
vt 0.004712999798357487 0.9368780255317688
vt 0.004712999798357487 0.9256920218467712
vt 0.010599999688565731 0.9256920218467712
vt 0.4781000018119812 0.2190070003271103
vt 0.4810439944267273 0.2190070003271103
vt 0.5337430238723755 0.7038189768791199
vt 0.5875430107116699 0.752784013748169
vt 0.3503729999065399 0.8765109777450562
vt 0.3503740131855011 0.902413010597229
vt 0.583158016204834 0.951682984828949
vt 0.5831590294837952 0.9675760269165039
vt 0.5772719979286194 0.9675760269165039
vt 0.577269971370697 0.951682984828949
vt 0.6417999863624573 0.1831739991903305
vt 0.6417999863624573 0.19318200647830963
vt 0.2343509942293167 0.6339160203933716
vt 0.5893849730491638 0.012950999662280083
vt 0.9345999956130981 0.11010000109672546
vt 0.9345999956130981 0.0900840014219284
vt 0.9404870271682739 0.0900840014219284
vt 0.9404870271682739 0.11010000109672546
vt 0.9332979917526245 0.34863001108169556
vt 0.9332979917526245 0.3686850070953369
vt 0.9303510189056396 0.36836400628089905
vt 0.9301919937133789 0.35457998514175415
vt 0.4358370006084442 0.827642023563385
vt 0.4358370006084442 0.8628749847412109
vt 0.032012999057769775 0.7652810215950012
vt 0.008566999807953835 0.7652810215950012
vt 0.9103459715843201 0.1941870003938675
vt 0.9103459715843201 0.1770929992198944
vt 0.7799199819564819 0.5392959713935852
vt 0.7434350252151489 0.21193799376487732
vt 0.9812999963760376 0.6835319995880127
vt 0.9754130244255066 0.6835319995880127
vt 0.9754130244255066 0.6699920296669006
vt 0.9812999963760376 0.6699920296669006
vt 0.6812630295753479 0.1861169934272766
vt 0.6842060089111328 0.1861169934272766
vt 0.8617849946022034 0.929390013217926
vt 0.8599079847335815 0.9309319853782654
vt 0.26378700137138367 0.7646139860153198
vt 0.2531900107860565 0.7822759747505188
vt 0.23906099796295166 0.7822759747505188
vt 0.2284650057554245 0.7646139860153198
vt 0.6697739958763123 0.5269060134887695
vt 0.9289309978485107 0.8190590143203735
vt 0.9289309978485107 0.7990210056304932
vt 0.994937002658844 0.23373299837112427
vt 0.993170976638794 0.23373199999332428
vt 0.8954669833183289 0.8859140276908875
vt 0.9098719954490662 0.8836939930915833
vt 0.6603299975395203 0.5869879722595215
vt 0.6573860049247742 0.5864009857177734
vt 0.657397985458374 0.5510579943656921
vt 0.6603410243988037 0.5534129738807678
vt 0.11010599881410599 0.5697789788246155
vt 0.11012600362300873 0.5085200071334839
vt 0.11014100164175034 0.48259100317955017
vt 0.11897300183773041 0.4796440005302429
vt 0.2626200020313263 0.46667900681495667
vt 0.26085400581359863 0.46667900681495667
vt 0.8639780282974243 0.9170359969139099
vt 0.8496519923210144 0.9175419807434082
vt 0.9908769726753235 0.7408329844474792
vt 0.9891110062599182 0.7402439713478088
vt 0.9602530002593994 0.6138569712638855
vt 0.9600690007209778 0.6002560257911682
vt 0.9659280180931091 0.6004549860954285
vt 0.9661110043525696 0.6140570044517517
vt 0.5343019962310791 0.6462950110435486
vt 0.3880090117454529 0.22254399955272675
vt 0.3880319893360138 0.2166540026664734
vt 0.400395005941391 0.22371900081634521
vt 0.3921299874782562 0.2243099957704544
vt 0.24564599990844727 0.9783949851989746
vt 0.2455900013446808 0.9801579713821411
vt 0.24377800524234772 0.9795650243759155
vt 0.2438330054283142 0.9783909916877747
vt 0.5892199873924255 0.5969690084457397
vt 0.4652720093727112 0.7890290021896362
vt 0.9907259941101074 0.673524022102356
vt 0.9924920201301575 0.6729360222816467
vt 0.9491009712219238 0.004712999798357487
vt 0.9491009712219238 0.022374000400304794
vt 0.9461569786071777 0.02001900039613247
vt 0.9461569786071777 0.007067999802529812
vt 0.2284650057554245 0.6362709999084473
vt 0.8495550155639648 0.18495400249958038
vt 0.8493919968605042 0.14508900046348572
vt 0.8521460294723511 0.14402499794960022
vt 0.8521460294723511 0.184456005692482
vt 0.14014700055122375 0.6362550258636475
vt 0.7316650152206421 0.37268099188804626
vt 0.272053986787796 0.7016040086746216
vt 0.3321149945259094 0.8659080266952515
vt 0.3321149945259094 0.8276429772377014
vt 0.028857000172138214 0.9292250275611877
vt 0.028857000172138214 0.9404100179672241
vt 0.022969000041484833 0.9404100179672241
vt 0.022969000041484833 0.9292250275611877
vt 0.24763000011444092 0.5345190167427063
vt 0.2540769875049591 0.5235940217971802
vt 0.247422993183136 0.5398169755935669
vt 0.9104750156402588 0.0900840014219284
vt 0.898751974105835 0.45523500442504883
vt 0.889631986618042 0.43943798542022705
vt 0.8932009935379028 0.43737900257110596
vt 0.9023209810256958 0.45317599177360535
vt 0.5210890173912048 0.8442249894142151
vt 0.13043400645256042 0.8579789996147156
vt 0.12825800478458405 0.8669300079345703
vt 0.3097440004348755 0.9230350255966187
vt 0.3156319856643677 0.9230350255966187
vt 0.3156319856643677 0.9418730139732361
vt 0.3097440004348755 0.9418730139732361
vt 0.24589699506759644 0.8900359869003296
vt 0.25112199783325195 0.9142029881477356
vt 0.2284650057554245 0.9124760031700134
vt 0.2284650057554245 0.8901910185813904
vt 0.7998189926147461 0.6097890138626099
vt 0.8003209829330444 0.604515016078949
vt 0.3026689887046814 0.5893200039863586
vt 0.49331799149513245 0.5593529939651489
vt 0.7891160249710083 0.9507269859313965
vt 0.7891160249710083 0.9666069746017456
vt 0.5678449869155884 0.865028977394104
vt 0.5594599843025208 0.8812389969825745
vt 0.5542309880256653 0.8785340189933777
vt 0.5626159906387329 0.8623239994049072
vt 0.7056270241737366 0.9795809984207153
vt 0.6997399926185608 0.9795809984207153
vt 0.6997439861297607 0.9660339951515198
vt 0.7056319713592529 0.9660339951515198
vt 0.6871500015258789 0.18493999540805817
vt 0.8996400237083435 0.8488929867744446
vt 0.942857027053833 0.2595849931240082
vt 0.9423679709434509 0.27741798758506775
vt 0.04635699838399887 0.004712999798357487
vt 0.3556729853153229 0.9425560235977173
vt 0.3556720018386841 0.9596319794654846
vt 0.5303919911384583 0.6971169710159302
vt 0.8626099824905396 0.9819989800453186
vt 0.8608440160751343 0.9814109802246094
vt 0.3103030025959015 0.4115169942378998
vt 0.3014959990978241 0.41210299730300903
vt 0.83024001121521 0.3821609914302826
vt 0.8311309814453125 0.3886690139770508
vt 0.8230829834938049 0.40410301089286804
vt 0.8143060207366943 0.08010999858379364
vt 0.8142750263214111 0.06302600353956223
vt 0.8201360106468201 0.0630669966340065
vt 0.8201680183410645 0.0801519975066185
vt 0.9433460235595703 0.1616860032081604
vt 0.9433460235595703 0.14402499794960022
vt 0.9468780159950256 0.1463800072669983
vt 0.9468780159950256 0.15933099389076233
vt 0.7772189974784851 0.017085000872612
vt 0.5899649858474731 0.401513010263443
vt 0.28500500321388245 0.46667900681495667
vt 0.2832390069961548 0.46667900681495667
vt 0.2674170136451721 0.9168409705162048
vt 0.28213199973106384 0.9170759916305542
vt 0.2387779951095581 0.1674650013446808
vt 0.24596400558948517 0.16749300062656403
vt 0.17975899577140808 0.22130300104618073
vt 0.18185199797153473 0.2385610044002533
vt 0.1713559925556183 0.2185879945755005
vt 0.40079599618911743 0.8306609988212585
vt 0.40079599618911743 0.8658940196037292
vt 0.19917599856853485 0.6616340279579163
vt 0.395112007856369 0.5198469758033752
vt 0.3980560004711151 0.5198469758033752
vt 0.3980560004711151 0.5787180066108704
vt 0.395112007856369 0.5787180066108704
vt 0.9748430252075195 0.04098200052976608
vt 0.9748430252075195 0.029113000258803368
vt 0.976597011089325 0.02924099937081337
vt 0.976597011089325 0.041110001504421234
vt 0.8578289747238159 0.5743550062179565
vt 0.857545018196106 0.6141489744186401
vt 0.8549280166625977 0.6142730116844177
vt 0.8549280166625977 0.5739629864692688
vt 0.6082209944725037 0.5704089999198914
vt 0.6116849780082703 0.5682100057601929
vt 0.6207330226898193 0.584011971950531
vt 0.6172680258750916 0.5862110257148743
vt 0.4926770031452179 0.561115026473999
vt 0.3068009912967682 0.9931110143661499
vt 0.3068009912967682 0.9913449883460999
vt 0.30856698751449585 0.9913449883460999
vt 0.30856698751449585 0.9925220012664795
vt 0.2393909990787506 0.07064399868249893
vt 0.8174200057983398 0.9152389764785767
vt 0.8027049899101257 0.9154729843139648
vt 0.8053240180015564 0.8980270028114319
vt 0.8177890181541443 0.8984889984130859
vt 0.9740570187568665 0.34863001108169556
vt 0.9740539789199829 0.3639419972896576
vt 0.9147189855575562 0.6307640075683594
vt 0.9147189855575562 0.6248769760131836
vt 0.9182509779930115 0.6248769760131836
vt 0.9206060171127319 0.6307640075683594
vt 0.9279059767723083 0.3693059980869293
vt 0.9279379844665527 0.35008299350738525
vt 0.9817079901695251 0.9437540173530579
vt 0.9799420237541199 0.9431660175323486
vt 0.6364219784736633 0.9527999758720398
vt 0.6422780156135559 0.9525449872016907
vt 0.6422780156135559 0.967818021774292
vt 0.6364219784736633 0.9680730104446411
vt 0.2832390069961548 0.4761050045490265
vt 0.28500500321388245 0.4761050045490265
vt 0.28500398993492126 0.4808160066604614
vt 0.2832379937171936 0.4808160066604614
vt 0.8707780241966248 0.5242260098457336
vt 0.8707780241966248 0.5560629963874817
vt 0.8676869869232178 0.5596780180931091
vt 0.8672620058059692 0.5248690247535706
vt 0.3321149945259094 0.8829900026321411
vt 0.3321149945259094 0.9012389779090881
vt 0.925163984298706 0.9165809750556946
vt 0.925163984298706 0.9367190003395081
vt 0.5058180093765259 0.6535599827766418
vt 0.7685530185699463 0.9507910013198853
vt 0.7744150161743164 0.9507269859313965
vt 0.7744150161743164 0.9666100144386292
vt 0.7685530185699463 0.9666739702224731
vt 0.8084200024604797 0.0900840014219284
vt 0.7813400030136108 0.0900840014219284
vt 0.027018999680876732 0.8345990180969238
vt 0.00943399965763092 0.8345990180969238
vt 0.7505139708518982 0.8272389769554138
vt 0.7505139708518982 0.8655049800872803
vt 0.4781000018119812 0.20370100438594818
vt 0.4810439944267273 0.20370100438594818
vt 0.9852489829063416 0.3521620035171509
vt 0.9834830164909363 0.35157299041748047
vt 0.0804319977760315 0.8839920163154602
vt 0.7477689981460571 0.0052999998442828655
vt 0.7418839931488037 0.007652999833226204
vt 0.906548023223877 0.12658999860286713
vt 0.004712999798357487 0.6386979818344116
vt 0.005301999859511852 0.640470027923584
vt 0.5870190262794495 0.20370200276374817
vt 0.5146129727363586 0.20370100438594818
vt 0.7593399882316589 0.3196820020675659
vt 0.8522480130195618 0.8393229842185974
vt 0.8496519923210144 0.8388270139694214
vt 0.8496519923210144 0.7983949780464172
vt 0.8524109721183777 0.7994580268859863
vt 0.4210219979286194 0.7458609938621521
vt 0.20366400480270386 0.20514899492263794
vt 0.18267300724983215 0.25095200538635254
vt 0.8849400281906128 0.8840720057487488
vt 0.8496519923210144 0.8840910196304321
vt 0.8825880289077759 0.8799520134925842
vt 0.19489599764347076 0.648639976978302
vt 0.9919030070304871 0.6964899897575378
vt 0.990136981010437 0.6959019899368286
vt 0.04389199987053871 0.9628900289535522
vt 0.04389199987053871 0.960536003112793
vt 0.046835001558065414 0.9640679955482483
vt 0.9425169825553894 0.24844899773597717
vt 0.9425169825553894 0.23078800737857819
vt 0.30856698751449585 0.9901670217514038
vt 0.3068009912967682 0.9895780086517334
vt 0.8402259945869446 0.7983949780464172
vt 0.9267169833183289 0.3821609914302826
vt 0.9267209768295288 0.4045239984989166
vt 0.9077069759368896 0.2935220003128052
vt 0.9077069759368896 0.30587100982666016
vt 0.9036049842834473 0.3059459924697876
vt 0.9036049842834473 0.293597012758255
vt 0.9423959851264954 0.2868439853191376
vt 0.942857027053833 0.3046630024909973
vt 0.8794530034065247 0.23902300000190735
vt 0.8729770183563232 0.23902300000190735
vt 0.8729770183563232 0.20370100438594818
vt 0.8794530034065247 0.20370100438594818
vt 0.5999810099601746 0.7800570130348206
vt 0.5940939784049988 0.7759360074996948
vt 0.8568480014801025 0.004712999798357487
vt 0.269894003868103 0.7551869750022888
vt 0.26808100938796997 0.7551829814910889
vt 0.012125000357627869 0.12975899875164032
vt 0.004741000011563301 0.12848599255084991
vt 0.010824000462889671 0.08095800131559372
vt 0.6147000193595886 0.5499460101127625
vt 0.6117560267448425 0.5505350232124329
vt 0.8249760270118713 0.7991920113563538
vt 0.09497500211000443 0.984175980091095
vt 0.09320899844169617 0.9835870265960693
vt 0.6712480187416077 0.1831739991903305
vt 0.6712480187416077 0.19318200647830963
vt 0.7312279939651489 0.9833869934082031
vt 0.732994019985199 0.9839760065078735
vt 0.8395689725875854 0.0900840014219284
vt 0.9355270266532898 0.5005769729614258
vt 0.9355270266532898 0.4805609881877899
vt 0.941415011882782 0.4805609881877899
vt 0.941415011882782 0.5005769729614258
vt 0.5210959911346436 0.865028977394104
vt 0.526324987411499 0.8623239994049072
vt 0.5347089767456055 0.8785340189933777
vt 0.52947998046875 0.8812389969825745
vt 0.6272000074386597 0.4610460102558136
vt 0.6242690086364746 0.4616340100765228
vt 0.9501550197601318 0.7588000297546387
vt 0.9519209861755371 0.7588000297546387
vt 0.9519249796867371 0.776453971862793
vt 0.9501590132713318 0.776453971862793
vt 0.1576240062713623 0.8037049770355225
vt 0.14957299828529358 0.7882760167121887
vt 0.15046599507331848 0.7817630171775818
vt 0.29619699716567993 0.9925220012664795
vt 0.29443100094795227 0.9931100010871887
vt 0.8240699768066406 0.6192150115966797
vt 0.834227979183197 0.6265270113945007
vt 0.4005430042743683 0.6118299961090088
vt 0.4184280037879944 0.9281280040740967
vt 0.422342985868454 0.9331160187721252
vt 0.6397250294685364 0.5864009857177734
vt 0.6367819905281067 0.5869879722595215
vt 0.6367930173873901 0.5534129738807678
vt 0.639735996723175 0.5510579943656921
vt 0.8820019960403442 0.8752440214157104
vt 0.17354199290275574 0.962680995464325
vt 0.16768500208854675 0.9624329805374146
vt 0.16768500208854675 0.9458829760551453
vt 0.17354199290275574 0.9461309909820557
vt 0.124549999833107 0.8828319907188416
vt 0.12457200139760971 0.9010769724845886
vt 0.12137400358915329 0.9022499918937683
vt 0.12137400358915329 0.876354992389679
vt 0.9826539754867554 0.42573100328445435
vt 0.9808880090713501 0.42514199018478394
vt 0.7899460196495056 0.8188409805297852
vt 0.7914029955863953 0.8316149711608887
vt 0.7685530185699463 0.8410580158233643
vt 0.7717900276184082 0.8180630207061768
vt 0.5899649858474731 0.5863659977912903
vt 0.049779001623392105 0.9628900289535522
vt 0.5056319832801819 0.6969349980354309
vt 0.8019469976425171 0.010604999959468842
vt 0.4063180088996887 0.7278109788894653
vt 0.8360459804534912 0.9562100172042847
vt 0.8342800140380859 0.95974200963974
vt 0.28500500321388245 0.742812991142273
vt 0.39159300923347473 0.012364000082015991
vt 0.40039101243019104 0.011777999810874462
vt 0.6316660046577454 0.6948850154876709
vt 0.6052870154380798 0.19377000629901886
vt 0.7685539722442627 0.8887559771537781
vt 0.7829579710960388 0.8909760117530823
vt 0.004712999798357487 0.4868209958076477
vt 0.7616950273513794 0.39570099115371704
vt 0.7616950273513794 0.46634599566459656
vt 0.9713360071182251 0.04072500020265579
vt 0.9713360071182251 0.028855999931693077
vt 0.9066529870033264 0.7142090201377869
vt 0.9190080165863037 0.7142040133476257
vt 0.8125370144844055 0.16484899818897247
vt 0.7772150039672852 0.16484899818897247
vt 0.09246499836444855 0.5085200071334839
vt 0.08365099877119064 0.4796440005302429
vt 0.09247999638319016 0.48259100317955017
vt 0.18021099269390106 0.1525299996137619
vt 0.17721199989318848 0.17482300102710724
vt 0.7418850064277649 0.11655999720096588
vt 0.4505630135536194 0.9426559805870056
vt 0.450560986995697 0.9597309827804565
vt 0.7260289788246155 0.18493999540805817
vt 0.9915260076522827 0.6035169959068298
vt 0.9897599816322327 0.6029279828071594
vt 0.02002600021660328 0.9674969911575317
vt 0.02002600021660328 0.9516019821166992
vt 0.025913000106811523 0.9516019821166992
vt 0.025913000106811523 0.9674969911575317
vt 0.8093760013580322 0.2260800004005432
vt 0.10710299760103226 0.9853529930114746
vt 0.10886900126934052 0.9853529930114746
vt 0.10886900126934052 0.9871190190315247
vt 0.10710299760103226 0.9865310192108154
vt 0.3827430009841919 0.4285939931869507
vt 0.3856860101222992 0.4285939931869507
vt 0.8664029836654663 0.36855098605155945
vt 0.8664029836654663 0.3703170120716095
vt 0.864637017250061 0.36972901225090027
vt 0.435575008392334 0.9559850096702576
vt 0.4324440062046051 0.956417977809906
vt 0.43262699246406555 0.9435349702835083
vt 0.435575008392334 0.9391720294952393
vt 0.8030880093574524 0.9778950214385986
vt 0.8013219833374023 0.9773070216178894
vt 0.06829699873924255 0.8284649848937988
vt 0.04485800117254257 0.8278939723968506
vt 0.8231430053710938 0.9768210053443909
vt 0.8213300108909607 0.9774060249328613
vt 0.29640400409698486 0.8890119791030884
vt 0.3098280131816864 0.8890119791030884
vt 0.24905799329280853 0.45255500078201294
vt 0.2478799968957901 0.4519670009613037
vt 0.8327339887619019 0.989778995513916
vt 0.8344370126724243 0.9903640151023865
vt 0.9837549924850464 0.2042900025844574
vt 0.9855210185050964 0.20370100438594818
vt 0.955187976360321 0.13434499502182007
vt 0.955187976360321 0.11725199967622757
vt 0.33798301219940186 0.9695429801940918
vt 0.31501299142837524 0.22254399955272675
vt 0.31503498554229736 0.2166530042886734
vt 0.9388620257377625 0.5739629864692688
vt 0.9388620257377625 0.593979001045227
vt 0.9329749941825867 0.593979001045227
vt 0.9329749941825867 0.5739629864692688
vt 0.950643002986908 0.6236990094184875
vt 0.950643002986908 0.6413599848747253
vt 0.9482880234718323 0.6390060186386108
vt 0.9482880234718323 0.6260539889335632
vt 0.5028390288352966 0.374424010515213
vt 0.9332659840583801 0.3170180022716522
vt 0.9332979917526245 0.3362540006637573
vt 0.9591019749641418 0.050599999725818634
vt 0.9649890065193176 0.050599999725818634
vt 0.9649969935417175 0.06706999987363815
vt 0.9591090083122253 0.06706999987363815
vt 0.38399600982666016 0.9688820242881775
vt 0.38066500425338745 0.9688820242881775
vt 0.5554779767990112 0.980226993560791
vt 0.553712010383606 0.9808160066604614
vt 0.9457690119743347 0.8601329922676086
vt 0.9439859986305237 0.8616799712181091
vt 0.27911800146102905 0.6980710029602051
vt 0.2785240113735199 0.9345849752426147
vt 0.28147101402282715 0.9346060156822205
vt 0.9860230088233948 0.028855999931693077
vt 0.9877889752388 0.029444999992847443
vt 0.7311859726905823 0.9335690140724182
vt 0.7166460156440735 0.9335209727287292
vt 0.7151910066604614 0.9124929904937744
vt 0.7306060194969177 0.9144750237464905
vt 0.46728000044822693 0.3901509940624237
vt 0.46139299869537354 0.3901509940624237
vt 0.4613949954509735 0.3701309859752655
vt 0.4672819972038269 0.3701309859752655
vt 0.46527299284935 0.7943270206451416
vt 0.3014949858188629 0.22371800243854523
vt 0.3103030025959015 0.2243099957704544
vt 0.08360599726438522 0.6210110187530518
vt 0.11892800033092499 0.6210110187530518
vt 0.2832379937171936 0.5538150072097778
vt 0.28500398993492126 0.5538150072097778
vt 0.28500598669052124 0.5579339861869812
vt 0.2832399904727936 0.5579339861869812
vt 0.5116689801216125 0.3897309899330139
vt 0.6517040133476257 0.9790499806404114
vt 0.6534690260887146 0.9790509939193726
vt 0.653469979763031 0.9808160066604614
vt 0.6517040133476257 0.980226993560791
vt 0.44609400629997253 0.8664559721946716
vt 0.44526299834251404 0.827642023563385
vt 0.1383810043334961 0.27947598695755005
vt 0.14014700055122375 0.27947598695755005
vt 0.2808839976787567 0.6992490291595459
vt 0.9210349917411804 0.986549973487854
vt 0.9192690253257751 0.9859610199928284
vt 0.9476929903030396 0.8623620271682739
vt 0.9462990164756775 0.8643490076065063
vt 0.9646279811859131 0.9431660175323486
vt 0.97051602602005 0.9431660175323486
vt 0.9705150127410889 0.9584730267524719
vt 0.9646279811859131 0.9584730267524719
vt 0.4899980127811432 0.7943270206451416
vt 0.27028700709342957 0.7428140044212341
vt 0.2685210108757019 0.742812991142273
vt 0.42168301343917847 0.3901729881763458
vt 0.42168301343917847 0.3701309859752655
vt 0.4275439977645874 0.3702229857444763
vt 0.4275439977645874 0.39026498794555664
vt 0.10170599818229675 0.19719000160694122
vt 0.1304119974374771 0.8828030228614807
vt 0.13043400645256042 0.9010480046272278
vt 0.8027049899101257 0.8914390206336975
vt 0.817031979560852 0.891942024230957
vt 0.5899630188941956 0.3897320032119751
vt 0.8213310241699219 0.989778995513916
vt 0.8230339884757996 0.9903640151023865
vt 0.09144899994134903 0.7973269820213318
vt 0.09587500244379044 0.8012080192565918
vt 0.08581099659204483 0.819828987121582
vt 0.08360599726438522 0.8116300106048584
vt 0.9787449836730957 0.46398499608039856
vt 0.9804490208625793 0.4639810025691986
vt 0.5829030275344849 0.7794679999351501
vt 0.5764260292053223 0.7829999923706055
vt 0.9756669998168945 0.8836939930915833
vt 0.9756659865379333 0.8972340226173401
vt 0.9519209861755371 0.7888240218162537
vt 0.9501550197601318 0.7888240218162537
vt 0.7427949905395508 0.9840599894523621
vt 0.7445610165596008 0.9834719896316528
vt 0.6223350167274475 0.3726870119571686
vt 0.8898559808731079 0.1171640008687973
vt 0.8898559808731079 0.0900840014219284
vt 0.09705899655818939 0.08944299817085266
vt 0.8405629992485046 0.44287800788879395
vt 0.8405629992485046 0.4534739851951599
vt 0.8999940156936646 0.6236990094184875
vt 0.17093199491500854 0.27004799246788025
vt 0.1312350034713745 0.06961199641227722
vt 0.489996999502182 0.7760769724845886
vt 0.0741799995303154 0.48682698607444763
vt 0.1893559992313385 0.9116590023040771
vt 0.1952430009841919 0.9116590023040771
vt 0.19524399936199188 0.9334409832954407
vt 0.1893569976091385 0.9334409832954407
vt 0.7549819946289062 0.16121500730514526
vt 0.7151920199394226 0.942995011806488
vt 0.7151910066604614 0.9600679874420166
vt 0.7318570017814636 0.16543200612068176
vt 0.9552010297775269 0.9431660175323486
vt 0.9552019834518433 0.9602389931678772
vt 0.20785999298095703 0.7670230269432068
vt 0.19019900262355804 0.7670230269432068
vt 0.9522659778594971 0.10774499922990799
vt 0.9499130249023438 0.1053910031914711
vt 0.9499130249023438 0.09243900328874588
vt 0.9522659778594971 0.0900840014219284
vt 0.4401960074901581 0.6470119953155518
vt 0.15899300575256348 0.7629179954528809
vt 0.8399659991264343 0.18759199976921082
vt 0.2705549895763397 0.9788159728050232
vt 0.2723209857940674 0.978227972984314
vt 0.2555519938468933 0.9407010078430176
vt 0.2555519938468933 0.9248059988021851
vt 0.18656300008296967 0.7393490076065063
vt 0.9367309808731079 0.004712999798357487
vt 0.9367309808731079 0.024848999455571175
vt 0.9914870262145996 0.4805609881877899
vt 0.9931899905204773 0.4811460077762604
vt 0.8496519923210144 0.9790549874305725
vt 0.8514180183410645 0.9784669876098633
vt 0.2736319899559021 0.23241999745368958
vt 0.8549280166625977 0.564536988735199
vt 0.8549280166625977 0.5242260098457336
vt 0.8575519919395447 0.5243459939956665
vt 0.8578360080718994 0.5641409754753113
vt 0.4484420120716095 0.7946720123291016
vt 0.44340500235557556 0.7940120100975037
vt 0.4353199899196625 0.7789760231971741
vt 0.4351379871368408 0.7724159955978394
vt 0.15825900435447693 0.9353039860725403
vt 0.15813399851322174 0.9205740094184875
vt 0.5356490015983582 0.9926300048828125
vt 0.5339450240135193 0.9932230114936829
vt 0.7932789921760559 0.7142040133476257
vt 0.004712999798357487 0.8210989832878113
vt 0.7433810234069824 0.9305469989776611
vt 0.7427949905395508 0.9114519953727722
vt 0.7573339939117432 0.9114959836006165
vt 0.758795976638794 0.9325230121612549
vt 0.047846000641584396 0.766618013381958
vt 0.050328999757766724 0.7655090093612671
vt 0.9754130244255066 0.7047320008277893
vt 0.9754130244255066 0.6929579973220825
vt 0.23091299831867218 0.20514699816703796
vt 0.24119700491428375 0.5229679942131042
vt 0.2542249858379364 0.004712999798357487
vt 0.28500500321388245 0.026441000401973724
vt 0.9147189855575562 0.6063479781150818
vt 0.6011630296707153 0.1736930012702942
vt 0.9171079993247986 0.8314629793167114
vt 0.9932000041007996 0.39805901050567627
vt 0.9914950132369995 0.39865198731422424
vt 0.9895240068435669 0.07415500283241272
vt 0.9877579808235168 0.0735659971833229
vt 0.2820749878883362 0.567359983921051
vt 0.28500500321388245 0.567359983921051
vt 0.28496798872947693 0.6262289881706238
vt 0.28203800320625305 0.6262289881706238
vt 0.6422770023345947 0.9260470271110535
vt 0.6422780156135559 0.9419419765472412
vt 0.272053986787796 0.742812991142273
vt 0.3521200120449066 0.5975610017776489
vt 0.8219670057296753 0.13309399783611298
vt 0.8222609758377075 0.0900840014219284
vt 0.9813510179519653 0.7588000297546387
vt 0.9813500046730042 0.7723399996757507
vt 0.1360979974269867 0.9833679795265198
vt 0.13786399364471436 0.9827790260314941
vt 0.4162839949131012 0.9796350002288818
vt 0.8634589910507202 0.3703170120716095
vt 0.10478299856185913 0.0999390035867691
vt 0.10778199881315231 0.12223199754953384
vt 0.09905699640512466 0.9602670073509216
vt 0.09320899844169617 0.9598659873008728
vt 0.09320899844169617 0.9432610273361206
vt 0.09905699640512466 0.9436619877815247
vt 0.8019490242004395 0.08065800368785858
vt 0.8596439957618713 0.7529730200767517
vt 0.8596439957618713 0.7142040133476257
vt 0.044801998883485794 0.8060610294342041
vt 0.04485800117254257 0.7688999772071838
vt 0.9852489829063416 0.365119993686676
vt 0.9834830164909363 0.364531010389328
vt 0.9592829942703247 0.1899150013923645
vt 0.9557369947433472 0.19123299419879913
vt 0.9557369947433472 0.1740970015525818
vt 0.9590870141983032 0.17882899940013885
vt 0.8019499778747559 0.004712999798357487
vt 0.3868829905986786 0.20133699476718903
vt 0.3868519961833954 0.20722800493240356
vt 0.10710299760103226 0.984175980091095
vt 0.10886900126934052 0.9835870265960693
vt 0.24559199810028076 0.9766250252723694
vt 0.2437790036201477 0.9772099852561951
vt 0.3209820091724396 0.9801530241966248
vt 0.3191699981689453 0.9795600175857544
vt 0.20549799501895905 0.6486899852752686
vt 0.26359298825263977 0.6233130097389221
vt 0.2284650057554245 0.6216030120849609
vt 0.9840260148048401 0.18764400482177734
vt 0.9857919812202454 0.18705500662326813
vt 0.8360459804534912 0.9632750153541565
vt 0.9616929888725281 0.0900840014219284
vt 0.9616919755935669 0.10597900301218033
vt 0.6822180151939392 0.8596180081367493
vt 0.6822180151939392 0.8490210175514221
vt 0.09481299668550491 0.5220720171928406
vt 0.9512720108032227 0.6723899841308594
vt 0.9536299705505371 0.6699920296669006
vt 0.9536299705505371 0.6875770092010498
vt 0.9512720108032227 0.6852849721908569
vt 0.6058760285377502 0.1831739991903305
vt 0.8978520035743713 0.42570599913597107
vt 0.4324440062046051 0.9876310229301453
vt 0.43421000242233276 0.9870420098304749
vt 0.6517040133476257 0.9772830009460449
vt 0.653469979763031 0.9772840142250061
vt 0.838030993938446 0.7889689803123474
vt 0.8027089834213257 0.7889689803123474
vt 0.9206050038337708 0.6466590166091919
vt 0.914717972278595 0.6466590166091919
vt 0.5694950222969055 0.9931190013885498
vt 0.5687050223350525 0.9920660257339478
vt 0.5702790021896362 0.9915369749069214
vt 0.5708109736442566 0.9931190013885498
vt 0.9604129791259766 0.03653400018811226
vt 0.9586520195007324 0.03653400018811226
vt 0.9586520195007324 0.03535600006580353
vt 0.9604179859161377 0.0347680002450943
vt 0.9439949989318848 0.660552978515625
vt 0.9436219930648804 0.6560850143432617
vt 0.9454839825630188 0.6560850143432617
vt 0.945855975151062 0.660552978515625
vt 0.9744219779968262 0.07505600154399872
vt 0.9755390286445618 0.0735659971833229
vt 0.9774010181427002 0.0735659971833229
vt 0.9744219779968262 0.07691700011491776
vt 0.15403999388217926 0.973609983921051
vt 0.14957299828529358 0.9750990271568298
vt 0.14957299828529358 0.9732379913330078
vt 0.15292300283908844 0.972121000289917
vt 0.9615960121154785 0.03653400018811226
vt 0.9615960121154785 0.037710998207330704
vt 0.9604179859161377 0.03830000013113022
vt 0.5545009970664978 0.9902420043945312
vt 0.5558180212974548 0.9902420043945312
vt 0.555296003818512 0.9918180108070374
vt 0.5537109971046448 0.9912949800491333
vt 0.47082099318504333 0.992268979549408
vt 0.47082099318504333 0.993586003780365
vt 0.4692470133304596 0.9930559992790222
vt 0.4697679877281189 0.9914789795875549
vt 0.049779001623392105 0.9749829769134521
vt 0.04828999936580658 0.9779620170593262
vt 0.04642900079488754 0.9779620170593262
vt 0.04531100019812584 0.9764729738235474
vt 0.3409450054168701 0.9189050197601318
vt 0.3409450054168701 0.9330340027809143
vt 0.489331990480423 0.9920089840888977
vt 0.4888100028038025 0.993586003780365
vt 0.48775699734687805 0.992796003818512
vt 0.48775699734687805 0.9914799928665161
vt 0.29619300365448 0.9783869981765747
vt 0.29443100094795227 0.9783869981765747
vt 0.29443100094795227 0.9772089719772339
vt 0.29619699716567993 0.9766200184822083
vt 0.7720860242843628 0.9790440201759338
vt 0.7703189849853516 0.9796329736709595
vt 0.7703260183334351 0.977865993976593
vt 0.7720860242843628 0.9778670072555542
vt 0.5034270286560059 0.8036050200462341
vt 0.5069590210914612 0.8200880289077759
vt 0.952771008014679 0.5142850279808044
vt 0.9514679908752441 0.5144709944725037
vt 0.9529579877853394 0.5100029706954956
vt 0.953889012336731 0.5127959847450256
vt 0.9752449989318848 0.7856709957122803
vt 0.9763619899749756 0.7841820120811462
vt 0.9782230257987976 0.7841820120811462
vt 0.9752449989318848 0.7875329852104187
vt 0.9944970011711121 0.44877099990844727
vt 0.9952870011329651 0.4498240053653717
vt 0.9937019944190979 0.45034900307655334
vt 0.9931809902191162 0.44877099990844727
vt 0.8113759756088257 0.08008900284767151
vt 0.8114849925041199 0.06596100330352783
vt 0.5929160118103027 0.8030160069465637
vt 0.5964480042457581 0.786532998085022
vt 0.3788850009441376 0.852778971195221
vt 0.3892799913883209 0.8663719892501831
vt 0.9662100076675415 0.9926459789276123
vt 0.966733992099762 0.9910619854927063
vt 0.9677870273590088 0.9918519854545593
vt 0.9677870273590088 0.9931679964065552
vt 0.0272039994597435 0.9922500252723694
vt 0.02615099959075451 0.9930400252342224
vt 0.02561900019645691 0.991457998752594
vt 0.0272039994597435 0.9909340143203735
vt 0.29737499356269836 0.9783869981765747
vt 0.29737499356269836 0.9795640110969543
vt 0.29619699716567993 0.9801530241966248
vt 0.6524930000305176 0.9934009909629822
vt 0.6517040133476257 0.9923480153083801
vt 0.6532769799232483 0.9918199777603149
vt 0.6538100242614746 0.9934009909629822
vt 0.1918099969625473 0.15875299274921417
vt 0.8417029976844788 0.369143009185791
vt 0.8417029976844788 0.37031999230384827
vt 0.8399440050125122 0.37031999230384827
vt 0.8399369716644287 0.3685539960861206
vt 0.7300159931182861 0.9739609956741333
vt 0.7290850281715393 0.9730309844017029
vt 0.7315049767494202 0.9694939851760864
vt 0.7318779826164246 0.9739609956741333
vt 0.9543200135231018 0.6999319791793823
vt 0.9543200135231018 0.7017930150032043
vt 0.951898992061615 0.6982560157775879
vt 0.9532020092010498 0.6984419822692871
vt 0.0785129964351654 0.9732879996299744
vt 0.07963000237941742 0.9747769832611084
vt 0.07516299933195114 0.9762660264968872
vt 0.07665199786424637 0.9732879996299744
vt 0.8068090081214905 0.37079501152038574
vt 0.8052250146865845 0.3713200092315674
vt 0.8052250146865845 0.37000399827957153
vt 0.8062779903411865 0.3692130148410797
vt 0.11938100308179855 0.11600899696350098
vt 0.12137400358915329 0.9908760190010071
vt 0.12242700159549713 0.990086019039154
vt 0.12294799834489822 0.9916629791259766
vt 0.12137400358915329 0.9921919703483582
vt 0.9936559796333313 0.42378100752830505
vt 0.9941859841346741 0.422199010848999
vt 0.9952390193939209 0.42298901081085205
vt 0.9952390193939209 0.4243049919605255
vt 0.9802250266075134 0.7983949780464172
vt 0.9802219867706299 0.8125290274620056
vt 0.6364219784736633 0.9912469983100891
vt 0.6374750137329102 0.9904569983482361
vt 0.6379950046539307 0.9920340180397034
vt 0.6364219784736633 0.992563009262085
vt 0.6106550097465515 0.9901790022850037
vt 0.6119710206985474 0.9901790022850037
vt 0.6114500164985657 0.991756021976471
vt 0.6098650097846985 0.9912319779396057
vt 0.9791539907455444 0.7851129770278931
vt 0.9791539907455444 0.7869750261306763
vt 0.9780369997024536 0.7884640097618103
vt 0.9390580058097839 0.9733089804649353
vt 0.9375690221786499 0.9762870073318481
vt 0.9357069730758667 0.9762870073318481
vt 0.9345899820327759 0.9747980237007141
vt 0.9366440176963806 0.5144709944725037
vt 0.9355270266532898 0.5129820108413696
vt 0.937017023563385 0.5100029706954956
vt 0.938506007194519 0.5144709944725037
vt 0.19382399320602417 0.9708549976348877
vt 0.19233499467372894 0.9738330245018005
vt 0.19047300517559052 0.9738330245018005
vt 0.1893559992313385 0.9723439812660217
vt 0.8528109788894653 0.9937949776649475
vt 0.8517580032348633 0.9945849776268005
vt 0.8512250185012817 0.9930030107498169
vt 0.8528109788894653 0.9924780130386353
vt 0.11794699728488922 0.8015279769897461
vt 0.13139599561691284 0.8187829852104187
vt 0.9920799732208252 0.4100309908390045
vt 0.993133008480072 0.4092409908771515
vt 0.9936529994010925 0.4108180105686188
vt 0.9920799732208252 0.41134700179100037
vt 0.934486985206604 0.6093260049819946
vt 0.9300199747085571 0.6078370213508606
vt 0.9311360120773315 0.6063479781150818
vt 0.93299800157547 0.6063479781150818
vt 0.8193939924240112 0.37079501152038574
vt 0.8178099989891052 0.3713200092315674
vt 0.8178099989891052 0.37000301480293274
vt 0.8188629746437073 0.3692130148410797
vt 0.8073310256004333 0.3723730146884918
vt 0.8060150146484375 0.3723730146884918
vt 0.4676620066165924 0.993848979473114
vt 0.4676620066165924 0.9925320148468018
vt 0.46871501207351685 0.994638979434967
vt 0.9608629941940308 0.07826299965381622
vt 0.9608680009841919 0.08002900332212448
vt 0.9591010212898254 0.07943999767303467
vt 0.9591010212898254 0.07826200127601624
vt 0.5710750222206116 0.9899600148200989
vt 0.5718640089035034 0.9910129904747009
vt 0.5697579979896545 0.9899600148200989
vt 0.11794699728488922 0.8418030142784119
vt 0.12834200263023376 0.8282089829444885
vt 0.7838410139083862 0.9778749942779541
vt 0.7844300270080566 0.9766970276832581
vt 0.7856130003929138 0.9778739809989929
vt 0.7844300270080566 0.9790520071983337
vt 0.639581024646759 0.992825984954834
vt 0.6385279893875122 0.993615984916687
vt 0.639581024646759 0.9915099740028381
vt 0.4700309932231903 0.994638979434967
vt 0.11887200176715851 0.1596039980649948
vt 0.14000700414180756 0.9718639850616455
vt 0.13888999819755554 0.9733539819717407
vt 0.13851800560951233 0.9688860177993774
vt 0.14000700414180756 0.9700019955635071
vt 0.8101419806480408 0.942562997341156
vt 0.8177890181541443 0.9337289929389954
vt 0.9447590112686157 0.036256998777389526
vt 0.9477369785308838 0.0347680002450943
vt 0.9492260217666626 0.03588499873876572
vt 0.9492260217666626 0.03774600103497505
vt 0.951885998249054 0.4675169885158539
vt 0.9533759951591492 0.4630489945411682
vt 0.9548649787902832 0.4641669988632202
vt 0.9537479877471924 0.4675169885158539
vt 0.27074599266052246 0.9927679896354675
vt 0.2723209857940674 0.9922400116920471
vt 0.2723209857940674 0.993556022644043
vt 0.27126801013946533 0.994346022605896
vt 0.5828750133514404 0.9915410280227661
vt 0.5823439955711365 0.9899600148200989
vt 0.5836600065231323 0.9899600148200989
vt 0.5844500064849854 0.9910129904747009
vt 0.8646979928016663 0.4055030047893524
vt 0.8593649864196777 0.42304500937461853
vt 0.8557940125465393 0.4177519977092743
vt 0.6540729999542236 0.9902420043945312
vt 0.6548629999160767 0.9912949800491333
vt 0.6527569890022278 0.9902420043945312
vt 0.9613509774208069 0.7852990031242371
vt 0.9628400206565857 0.7841820120811462
vt 0.9658190011978149 0.7856709957122803
vt 0.9613509774208069 0.7871609926223755
vt 0.8029059767723083 0.9918469786643982
vt 0.8023750185966492 0.9902660250663757
vt 0.803691029548645 0.9902650117874146
vt 0.804481029510498 0.9913190007209778
vt 0.5959330201148987 0.872871994972229
vt 0.5851140022277832 0.8745669722557068
vt 0.5812900066375732 0.9920660257339478
vt 0.5812910199165344 0.9907490015029907
vt 0.3097440004348755 0.9795640110969543
vt 0.3079780042171478 0.9801530241966248
vt 0.30798399448394775 0.9783859848976135
vt 0.3097440004348755 0.9783869981765747
vt 0.5491830110549927 0.8626660108566284
vt 0.560001015663147 0.860971987247467
vt 0.66879802942276 0.9934009909629822
vt 0.6674820184707642 0.9934009909629822
vt 0.6680139899253845 0.9918180108070374
vt 0.669588029384613 0.9923480153083801
vt 0.8201799988746643 0.3692139983177185
vt 0.8209699988365173 0.37026700377464294
vt 0.744284987449646 0.974045991897583
vt 0.74577397108078 0.9695780277252197
vt 0.7472630143165588 0.9706950187683105
vt 0.746146023273468 0.974045991897583
vt 0.3746669888496399 0.9928349852561951
vt 0.3746669888496399 0.9941520094871521
vt 0.37309199571609497 0.9936220049858093
vt 0.37361299991607666 0.992044985294342
vt 0.026921000331640244 0.10274100303649902
vt 0.4885460138320923 0.9904270172119141
vt 0.48986300826072693 0.9904270172119141
vt 0.9235100150108337 0.4687879979610443
vt 0.9217479825019836 0.4687870144844055
vt 0.9217479825019836 0.4676100015640259
vt 0.9235140085220337 0.46702098846435547
vt 0.8417029976844788 0.3714979887008667
vt 0.8399369716644287 0.3720859885215759
vt 0.948108971118927 0.039236001670360565
vt 0.9447590112686157 0.03811899945139885
vt 0.9458600282669067 0.7469969987869263
vt 0.9458600282669067 0.745136022567749
vt 0.95032799243927 0.7466250061988831
vt 0.9473490118980408 0.7481139898300171
vt 0.9588199853897095 0.660552978515625
vt 0.9575170278549194 0.6603670120239258
vt 0.9563990235328674 0.6588770151138306
vt 0.9563990235328674 0.6570159792900085
vt 0.9393090009689331 0.7027239799499512
vt 0.9374480247497559 0.7027239799499512
vt 0.9359580278396606 0.6997460126876831
vt 0.9404259920120239 0.7012349963188171
vt 0.6098650097846985 0.9925490021705627
vt 0.6109179854393005 0.9933390021324158
vt 0.25648799538612366 0.2138330042362213
vt 0.8751429915428162 0.9947559833526611
vt 0.8738269805908203 0.9947559833526611
vt 0.8743500113487244 0.9931700229644775
vt 0.8759329915046692 0.9937030076980591
vt 0.07963000237941742 0.9766389727592468
vt 0.07627899944782257 0.9777560234069824
vt 0.8520209789276123 0.9914249777793884
vt 0.8507050275802612 0.9914249777793884
vt 0.006297000218182802 0.991461992263794
vt 0.007872000336647034 0.9909340143203735
vt 0.007872000336647034 0.9922500252723694
vt 0.006819000001996756 0.9930400252342224
vt 0.9106600284576416 0.039267998188734055
vt 0.9111819863319397 0.040846001356840134
vt 0.9098659753799438 0.040846001356840134
vt 0.9090759754180908 0.039792999625205994
vt 0.7501260042190552 0.12245000153779984
vt 0.7471839785575867 0.12185800075531006
vt 0.7507140040397644 0.12009599804878235
vt 0.5976930260658264 0.9915450215339661
vt 0.5971699953079224 0.9931219816207886
vt 0.5961170196533203 0.9923319816589355
vt 0.5961170196533203 0.9910159707069397
vt 0.8735629916191101 0.991595983505249
vt 0.874879002571106 0.991595983505249
vt 0.8727729916572571 0.9926490187644958
vt 0.5687050223350525 0.9907500147819519
vt 0.060694001615047455 0.9732450246810913
vt 0.0636729970574379 0.9747340083122253
vt 0.0636729970574379 0.9765949845314026
vt 0.06218300014734268 0.9777129888534546
vt 0.8272150158882141 0.9426630139350891
vt 0.8272150158882141 0.9244130253791809
vt 0.9333710074424744 0.6108160018920898
vt 0.9300199747085571 0.609699010848999
vt 0.6672189831733704 0.9902409911155701
vt 0.6685349941253662 0.9902409911155701
vt 0.6664289832115173 0.9912949800491333
vt 0.005503000225871801 0.9930400252342224
vt 0.004712999798357487 0.9919869899749756
vt 0.9767339825630188 0.7886499762535095
vt 0.7720860242843628 0.9766889810562134
vt 0.7703189849853516 0.9761000275611877
vt 0.9615960121154785 0.03535600006580353
vt 0.9624680280685425 0.7886499762535095
vt 0.9658190011978149 0.7875329852104187
vt 0.29443100094795227 0.9795640110969543
vt 0.5019260048866272 0.9919760227203369
vt 0.5013949871063232 0.9903950095176697
vt 0.5027109980583191 0.9903950095176697
vt 0.5035009980201721 0.9914479851722717
vt 0.6605240106582642 0.9248690009117126
vt 0.6681709885597229 0.933696985244751
vt 0.2699509859085083 0.994346022605896
vt 0.26916199922561646 0.9932929873466492
vt 0.7873730063438416 0.9766970276832581
vt 0.7873730063438416 0.9778749942779541
vt 0.7856069803237915 0.9761090278625488
vt 0.9952390193939209 0.4116100072860718
vt 0.9941859841346741 0.4124000072479248
vt 0.9952390193939209 0.4102939963340759
vt 0.5982229709625244 0.9899629950523376
vt 0.5992760062217712 0.9907529950141907
vt 0.5992760062217712 0.9920690059661865
vt 0.10565999895334244 0.06092600151896477
vt 0.9226199984550476 0.9720669984817505
vt 0.9237369894981384 0.9735569953918457
vt 0.9192690253257751 0.9750459790229797
vt 0.9207590222358704 0.9720669984817505
vt 0.5844500064849854 0.9923290014266968
vt 0.5833969712257385 0.9931190013885498
vt 0.1360979974269867 0.9724230170249939
vt 0.1360979974269867 0.9705610275268555
vt 0.1372150033712387 0.9690719842910767
vt 0.03180000185966492 0.9239259958267212
vt 0.03180000185966492 0.9421759843826294
vt 0.9237369894981384 0.975417971611023
vt 0.920386016368866 0.9765350222587585
vt 0.1893559992313385 0.9704819917678833
vt 0.19270700216293335 0.9693650007247925
vt 0.9603090286254883 0.659434974193573
vt 0.9573299884796143 0.6560850143432617
vt 0.9591910243034363 0.6560850143432617
vt 0.9608669877052307 0.6573870182037354
vt 0.8075940012931824 0.3692139983177185
vt 0.8083840012550354 0.37026700377464294
vt 0.8387600183486938 0.369143009185791
vt 0.8387600183486938 0.37031999230384827
vt 0.5718640089035034 0.9923290014266968
vt 0.24421000480651855 0.17202000319957733
vt 0.9345899820327759 0.9729359745979309
vt 0.9379410147666931 0.9718189835548401
vt 0.7685539722442627 0.9778670072555542
vt 0.7691419720649719 0.9766889810562134
vt 0.7691419720649719 0.9790440201759338
vt 0.8394110202789307 0.2773649990558624
vt 0.8483120203018188 0.28960898518562317
vt 0.8447420001029968 0.29490798711776733
vt 0.03920000046491623 0.060926999896764755
vt 0.1710360050201416 0.9721069931983948
vt 0.17215299606323242 0.975458025932312
vt 0.1706639975309372 0.9765750169754028
vt 0.16917400062084198 0.9721069931983948
vt 0.09432599693536758 0.9741610288619995
vt 0.09320899844169617 0.9726719856262207
vt 0.09767699986696243 0.9711819887161255
vt 0.09767699986696243 0.9730439782142639
vt 0.9353330135345459 0.03588499873876572
vt 0.9353330135345459 0.03774600103497505
vt 0.9308649897575378 0.036256998777389526
vt 0.9319819808006287 0.0347680002450943
vt 0.12453299760818481 0.992455005645752
vt 0.12347999960184097 0.993245005607605
vt 0.12453299760818481 0.9911389946937561
vt 0.38567599654197693 0.9936259984970093
vt 0.38514500856399536 0.992044985294342
vt 0.38646200299263 0.992044985294342
vt 0.38725098967552185 0.9930980205535889
vt 0.9663379788398743 0.4630489945411682
vt 0.9682000279426575 0.4630489945411682
vt 0.9693170189857483 0.46639999747276306
vt 0.9678270220756531 0.4675169885158539
vt 0.16768500208854675 0.9732239842414856
vt 0.16768500208854675 0.975085973739624
vt 0.9286119937896729 0.6575739979743958
vt 0.9297289848327637 0.6560850143432617
vt 0.9315900206565857 0.6560850143432617
vt 0.9286119937896729 0.6594359874725342
vt 0.965965986251831 0.4675169885158539
vt 0.9648489952087402 0.46602800488471985
vt 0.24327600002288818 0.11515700072050095
vt 0.42168301343917847 0.5871059894561768
vt 0.4293000102043152 0.5788099765777588
vt 0.8034279942512512 0.9934250116348267
vt 0.8021119832992554 0.9934250116348267
vt 0.8013219833374023 0.9923719763755798
vt 0.951528012752533 0.7027239799499512
vt 0.9498519897460938 0.7014210224151611
vt 0.950410008430481 0.6993730068206787
vt 0.9533889889717102 0.7027239799499512
vt 0.5003420114517212 0.9925010204315186
vt 0.5003420114517212 0.9911850094795227
vt 0.9510200023651123 0.969664990901947
vt 0.9543709754943848 0.9707819819450378
vt 0.9543709754943848 0.9726439714431763
vt 0.9499030113220215 0.971153974533081
vt 0.9011070132255554 0.6131790280342102
vt 0.8999900221824646 0.6116899847984314
vt 0.9014790058135986 0.6087110042572021
vt 0.9029690027236938 0.6131790280342102
vt 0.7439119815826416 0.9695780277252197
vt 0.7427949905395508 0.9710670113563538
vt 0.9415299892425537 0.46602800488471985
vt 0.9370620250701904 0.4645389914512634
vt 0.9381780028343201 0.4630489945411682
vt 0.9400399923324585 0.4630489945411682
vt 0.9499030113220215 0.9730150103569031
vt 0.9513919949531555 0.9741330146789551
vt 0.3722969889640808 0.992044985294342
vt 0.3715069890022278 0.9930980205535889
vt 0.9646279811859131 0.9921150207519531
vt 0.9654179811477661 0.9910619854927063
vt 0.2833310067653656 0.9925259947776794
vt 0.28279998898506165 0.9909449815750122
vt 0.2841159999370575 0.9909449815750122
vt 0.2849059998989105 0.991998016834259
vt 0.9690399765968323 0.5999839901924133
vt 0.9690399765968323 0.6141570210456848
vt 0.5820800065994263 0.9931190013885498
vt 0.6053590178489685 0.872871994972229
vt 0.6161779761314392 0.8745669722557068
vt 0.669588029384613 0.9910320043563843
vt 0.18698899447917938 0.8276450037956238
vt 0.1973869949579239 0.8412370085716248
vt 0.9944490194320679 0.42535799741744995
vt 0.993133008480072 0.42535799741744995
vt 0.29737499356269836 0.9772089719772339
vt 0.19036699831485748 0.17202100157737732
vt 0.9586520195007324 0.037710998207330704
vt 0.9944490194320679 0.4092409908771515
vt 0.9319630265235901 0.660552978515625
vt 0.9301009774208069 0.660552978515625
vt 0.9330790042877197 0.6572009921073914
vt 0.9330800175666809 0.6590629816055298
vt 0.8209689855575562 0.3715830147266388
vt 0.8199160099029541 0.3723730146884918
vt 0.5984860062599182 0.9931219816207886
vt 0.04531100019812584 0.9746109843254089
vt 0.04866199940443039 0.9734939932823181
vt 0.1780889928340912 0.2138350009918213
vt 0.9388779997825623 0.5100029706954956
vt 0.9399949908256531 0.5133540034294128
vt 0.484252005815506 0.5811539888381958
vt 0.4849559962749481 0.5788099765777588
vt 0.4881579875946045 0.5794280171394348
vt 0.3840920031070709 0.9941509962081909
vt 0.3840920031070709 0.9928349852561951
vt 0.9591010212898254 0.07708500325679779
vt 0.9608680009841919 0.07649599760770798
vt 0.004712999798357487 0.9906709790229797
vt 0.005766000133007765 0.9898809790611267
vt 0.060322001576423645 0.9777119755744934
vt 0.05920499935746193 0.9743620157241821
vt 0.9633150100708008 0.5129820108413696
vt 0.9633150100708008 0.5111200213432312
vt 0.9666659832000732 0.5100029706954956
vt 0.9677829742431641 0.5114930272102356
vt 0.3715069890022278 0.9944149851799011
vt 0.3725610077381134 0.9952049851417542
vt 0.19130100309848785 0.11515799909830093
vt 0.9580739736557007 0.8518019914627075
vt 0.9573959708213806 0.8555049896240234
vt 0.8185999989509583 0.3723730146884918
vt 0.49091601371765137 0.9912160038948059
vt 0.49091601371765137 0.9925330281257629
vt 0.024834999814629555 0.9930400252342224
vt 0.024044999852776527 0.9919869899749756
vt 0.9044579863548279 0.6120619773864746
vt 0.9033409953117371 0.6087110042572021
vt 0.9404129981994629 0.4675169885158539
vt 0.9370620250701904 0.46639999747276306
vt 0.46845200657844543 0.9914789795875549
vt 0.8944349884986877 0.8387290239334106
vt 0.8929460048675537 0.8342599868774414
vt 0.8948079943656921 0.8342610001564026
vt 0.895924985408783 0.8357499837875366
vt 0.49012601375579834 0.993586003780365
vt 0.8943660259246826 0.9763110280036926
vt 0.8988339900970459 0.9748209714889526
vt 0.8988339900970459 0.9766820073127747
vt 0.8973450064659119 0.9778000116348267
vt 0.5035009980201721 0.9927639961242676
vt 0.5024480223655701 0.9935539960861206
vt 0.9044579863548279 0.5614449977874756
vt 0.9033420085906982 0.5629349946975708
vt 0.899990975856781 0.56181800365448
vt 0.899990975856781 0.5599560141563416
vt 0.9090759754180908 0.03847600147128105
vt 0.9101290106773376 0.03768699988722801
vt 0.2702150046825409 0.9911860227584839
vt 0.27153098583221436 0.9911860227584839
vt 0.2838529944419861 0.9941049814224243
vt 0.2825370132923126 0.9941049814224243
vt 0.2817470133304596 0.9930509924888611
vt 0.9620450139045715 0.07708500325679779
vt 0.9626340270042419 0.07826200127601624
vt 0.9620450139045715 0.07943999767303467
vt 0.501130998134613 0.9935550093650818
vt 0.5969070196151733 0.9899629950523376
vt 0.9114459753036499 0.03768699988722801
vt 0.9122350215911865 0.03874000161886215
vt 0.914717972278595 0.6575739979743958
vt 0.919185996055603 0.6590629816055298
vt 0.9180690050125122 0.660552978515625
vt 0.914717972278595 0.6594359874725342
vt 0.9952870011329651 0.45114099979400635
vt 0.994234025478363 0.4519309997558594
vt 0.6967999935150146 0.9654470086097717
vt 0.6967970132827759 0.9795809984207153
vt 0.9342160224914551 0.039236001670360565
vt 0.9323539733886719 0.039236001670360565
vt 0.09320899844169617 0.9708110094070435
vt 0.0946979969739914 0.9696930050849915
vt 0.7538310289382935 0.14913299679756165
vt 0.7672770023345947 0.13187600672245026
vt 0.2817470133304596 0.9917349815368652
vt 0.15255099534988403 0.976589024066925
vt 0.1506900042295456 0.976589024066925
vt 0.24276700615882874 0.15875199437141418
vt 0.5864310264587402 0.9422569870948792
vt 0.5780349969863892 0.9336659908294678
vt 0.11157000064849854 0.9730439782142639
vt 0.11008100211620331 0.9741610288619995
vt 0.10859200358390808 0.9696930050849915
vt 0.11157000064849854 0.9711819887161255
vt 0.013543999753892422 0.9421759843826294
vt 0.013543999753892422 0.9239259958267212
vt 0.9469730257987976 0.6590629816055298
vt 0.9469730257987976 0.6572020053863525
vt 0.9920799732208252 0.4245679974555969
vt 0.9920799732208252 0.4232519865036011
vt 0.732994019985199 0.9724720120429993
vt 0.732994019985199 0.9706100225448608
vt 0.9406890273094177 0.5242289900779724
vt 0.941277027130127 0.5377690196037292
vt 0.9365990161895752 0.5424749851226807
vt 0.9365990161895752 0.5242260098457336
vt 0.9404259920120239 0.6993730068206787
vt 0.9370750188827515 0.6982560157775879
vt 0.3068009912967682 0.9772089719772339
vt 0.3079780042171478 0.9766200184822083
vt 0.3068009912967682 0.9783869981765747
vt 0.978331983089447 0.07449699938297272
vt 0.978331983089447 0.07635899633169174
vt 0.9772149920463562 0.07784800231456757
vt 0.804481029510498 0.9926350116729736
vt 0.024044999852776527 0.9906709790229797
vt 0.025097999721765518 0.9898809790611267
vt 0.8483269810676575 0.20899899303913116
vt 0.8394110202789307 0.22124099731445312
vt 0.8447510004043579 0.20370100438594818
vt 0.3097440004348755 0.9772089719772339
vt 0.6122350096702576 0.9933379888534546
vt 0.6130239963531494 0.9922850131988525
vt 0.8727729916572571 0.9939659833908081
vt 0.8925740122795105 0.8387280106544495
vt 0.8914570212364197 0.8353779911994934
vt 0.7624899744987488 0.12185800075531006
vt 0.7595450282096863 0.12245000153779984
vt 0.7589560151100159 0.12009599804878235
vt 0.7873730063438416 0.9790520071983337
vt 0.7856069803237915 0.9796410202980042
vt 0.9921280145645142 0.4495609998703003
vt 0.9921280145645142 0.45087799429893494
vt 0.6372110247612 0.993615984916687
vt 0.9401400089263916 0.7770529985427856
vt 0.9360510110855103 0.7770500183105469
vt 0.9360510110855103 0.7588000297546387
vt 0.940729022026062 0.7635130286216736
vt 0.9246910214424133 0.4676100015640259
vt 0.925279974937439 0.4687870144844055
vt 0.9246910214424133 0.46996501088142395
vt 0.5537109971046448 0.9425399899482727
vt 0.5537109971046448 0.9242900013923645
vt 0.9928690195083618 0.4124000072479248
vt 0.9469770193099976 0.7436460256576538
vt 0.95032799243927 0.7447630167007446
vt 0.8387600183486938 0.3714979887008667
vt 0.5568709969520569 0.9910320043563843
vt 0.5568709969520569 0.9923490285873413
vt 0.026413999497890472 0.9898809790611267
vt 0.6548629999160767 0.9926109910011292
vt 0.9928699731826782 0.422199010848999
vt 0.9929180145263672 0.4519309997558594
vt 0.007083000149577856 0.9898809790611267
vt 0.44858500361442566 0.7999160289764404
vt 0.4351379871368408 0.8171730041503906
vt 0.6130239963531494 0.9909690022468567
vt 0.9499790072441101 0.5133540034294128
vt 0.9510970115661621 0.5100029706954956
vt 0.6517040133476257 0.9910320043563843
vt 0.9011070132255554 0.5584669709205627
vt 0.9029690027236938 0.5584669709205627
vt 0.3068009912967682 0.9795640110969543
vt 0.6682699918746948 0.786532998085022
vt 0.6718019843101501 0.8030160069465637
vt 0.9509549736976624 0.46472498774528503
vt 0.9520729780197144 0.4632349908351898
vt 0.12216400355100632 0.993245005607605
vt 0.917697012424469 0.6560850143432617
vt 0.919185996055603 0.6572020053863525
vt 0.38725098967552185 0.9944149851799011
vt 0.3861980140209198 0.995203971862793
vt 0.8943660259246826 0.9744489789009094
vt 0.8977169990539551 0.9733319878578186
vt 0.11793799698352814 0.10273999720811844
vt 0.975911021232605 0.07803399860858917
vt 0.025479000061750412 0.11600899696350098
vt 0.8496519923210144 0.9922149777412415
vt 0.8496519923210144 0.9935320019721985
vt 0.8013219833374023 0.9910550117492676
vt 0.8504409790039062 0.9945849776268005
vt 0.10822000354528427 0.9741610288619995
vt 0.10710299760103226 0.9708099961280823
vt 0.1370290070772171 0.9733539819717407
vt 0.2849059998989105 0.9933149814605713
vt 0.5560809969902039 0.9934020042419434
vt 0.554764986038208 0.9934020042419434
vt 0.9425050020217896 0.6594359874725342
vt 0.9425050020217896 0.6575739979743958
vt 0.5289390087127686 0.860971987247467
vt 0.5397570133209229 0.8626670241355896
vt 0.7196589708328247 0.9709830284118652
vt 0.7181699872016907 0.9739609956741333
vt 0.7163079977035522 0.9739609956741333
vt 0.7151910066604614 0.9724720120429993
vt 0.9597539901733398 0.7466250061988831
vt 0.9642220139503479 0.745136022567749
vt 0.9642220139503479 0.7469969987869263
vt 0.9627320170402527 0.7481139898300171
vt 0.02598699927330017 0.1596059948205948
vt 0.6664289832115173 0.9926109910011292
vt 0.9669970273971558 0.9942209720611572
vt 0.9656810164451599 0.9942209720611572
vt 0.37387698888778687 0.9952049851417542
vt 0.8248230218887329 0.02196899987757206
vt 0.8113759756088257 0.004712999798357487
vt 0.9646279811859131 0.9934319853782654
vt 0.7151910066604614 0.9706100225448608
vt 0.7185419797897339 0.9694939851760864
vt 0.5537109971046448 0.9926120042800903
vt 0.2691609859466553 0.9919760227203369
vt 0.38488200306892395 0.995203971862793
vt 0.7290850281715393 0.9711689949035645
vt 0.7302020192146301 0.9696800112724304
vt 0.7837809920310974 0.8054640293121338
vt 0.7873560190200806 0.8001610040664673
vt 0.7926939725875854 0.8177019953727722
vt 0.9235140085220337 0.4705530107021332
vt 0.9217479825019836 0.46996501088142395
vt 0.9122350215911865 0.040056001394987106
vt 0.93196702003479 0.7466250061988831
vt 0.9364339709281921 0.745136022567749
vt 0.9364339709281921 0.7469969987869263
vt 0.9349449872970581 0.7481139898300171
vt 0.12374299764633179 0.990086019039154
vt 0.9677829742431641 0.5133540034294128
vt 0.9662929773330688 0.5144709944725037
vt 0.5823130011558533 0.8036050200462341
vt 0.578781008720398 0.8200880289077759
vt 0.9561169743537903 0.8389999866485596
vt 0.9561169743537903 0.824828028678894
vt 0.8083840012550354 0.3715830147266388
vt 0.8759329915046692 0.992385983467102
vt 0.638791024684906 0.9904569983482361
vt 0.9597539901733398 0.7447630167007446
vt 0.9631050229072571 0.7436460256576538
vt 0.93196702003479 0.7447630167007446
vt 0.9353179931640625 0.7436460256576538
vt 0.9355270266532898 0.5111200213432312
vt 0.5605310201644897 0.7865319848060608
vt 0.7952439785003662 0.512814998626709
vt 0.794668972492218 0.5066959857940674
vt 0.7952439785003662 0.48931199312210083
vt 0.8758280277252197 0.3723529875278473
vt 0.8758280277252197 0.35444799065589905
vt 0.8787320256233215 0.3718689978122711
vt 0.9593300223350525 0.36287999153137207
vt 0.9556819796562195 0.358258992433548
vt 0.9593300223350525 0.34863001108169556
vt 0.7166810035705566 0.9694929718971252
vt 0.2385610044002533 0.5210440158843994
vt 0.1055779978632927 0.8663430213928223
vt 0.1055779978632927 0.8292549848556519
vt 0.1085209995508194 0.8351420164108276
vt 0.6360440254211426 0.8818510174751282
vt 0.633446991443634 0.866998016834259
vt 0.6438080072402954 0.8659330010414124
vt 0.237295001745224 0.8058239817619324
vt 0.4730350077152252 0.8839579820632935
vt 0.46527099609375 0.8680400252342224
vt 0.4756320118904114 0.8691049814224243
vt 0.9561960101127625 0.45327499508857727
vt 0.9525489807128906 0.4436439871788025
vt 0.9561960101127625 0.4390240013599396
vt 0.07516299933195114 0.9744049906730652
vt 0.9482880234718323 0.6128399968147278
vt 0.9482880234718323 0.6010500192642212
vt 0.9494640231132507 0.6011070013046265
vt 0.2549560070037842 0.7940499782562256
vt 0.39048999547958374 0.8182169795036316
vt 0.9123219847679138 0.4358130097389221
vt 0.9123219847679138 0.4593159854412079
vt 0.9117469787597656 0.44193199276924133
vt 0.7427949905395508 0.9729290008544922
vt 0.5637879967689514 0.8536509871482849
vt 0.4248430132865906 0.7724159955978394
vt 0.47355300188064575 0.9443569779396057
vt 0.47064998745918274 0.9269359707832336
vt 0.47355300188064575 0.9264519810676575
vt 0.8511300086975098 0.37244099378585815
vt 0.8517259955406189 0.36529800295829773
vt 0.8523070216178894 0.37244200706481934
vt 0.4330190122127533 0.9658439755439758
vt 0.43362098932266235 0.9776170253753662
vt 0.4324440062046051 0.9776170253753662
vt 0.8611680269241333 0.47643399238586426
vt 0.8706799745559692 0.5739629864692688
vt 0.45844900608062744 0.3907400071620941
vt 0.8747149705886841 0.4711360037326813
vt 0.873537003993988 0.4623050093650818
vt 0.873537003993988 0.4446440041065216
vt 0.9581140279769897 0.36608999967575073
vt 0.6925579905509949 0.8893960118293762
vt 0.6827620267868042 0.9025470018386841
vt 0.6822180151939392 0.8913909792900085
vt 0.10710299760103226 0.9726719856262207
vt 0.873537003993988 0.4984239935874939
vt 0.8813599944114685 0.4805620014667511
vt 0.8813599944114685 0.512703001499176
vt 0.16768500208854675 0.9364569783210754
vt 0.9643290042877197 0.7886499762535095
vt 0.566402018070221 0.8550040125846863
vt 0.5428699851036072 0.7647510170936584
vt 0.9007729887962341 0.3426569998264313
vt 0.8882099986076355 0.3306269943714142
vt 0.9007729887962341 0.3270150125026703
vt 0.3890889883041382 0.9328680038452148
vt 0.3892250061035156 0.9187399744987488
vt 0.05004800111055374 0.7553070187568665
vt 0.05004800111055374 0.7400239706039429
vt 0.060387998819351196 0.7420200109481812
vt 0.9017969965934753 0.8115469813346863
vt 0.8914570212364197 0.8095510005950928
vt 0.8920009732246399 0.7983949780464172
vt 0.18869900703430176 0.10330399870872498
vt 0.14967000484466553 0.8722860217094421
vt 0.8435069918632507 0.47643399238586426
vt 0.8898569941520691 0.1344889998435974
vt 0.8898569941520691 0.12658999860286713
vt 0.8906459808349609 0.13080300390720367
vt 0.5940939784049988 0.8130239844322205
vt 0.12895500659942627 0.5035470128059387
vt 0.12855899333953857 0.4861670136451721
vt 0.12895500659942627 0.47375500202178955
vt 0.9195190072059631 0.5636759996414185
vt 0.9183419942855835 0.5636759996414185
vt 0.9189299941062927 0.5566110014915466
vt 0.29678601026535034 0.8348379731178284
vt 0.29443100094795227 0.8348379731178284
vt 0.9090960025787354 0.8723919987678528
vt 0.9090960025787354 0.8487489819526672
vt 0.9173780083656311 0.8609150052070618
vt 0.8493940234184265 0.5082299709320068
vt 0.5959330201148987 0.8536509871482849
vt 0.9360790252685547 0.9718189835548401
vt 0.6706249713897705 0.8130239844322205
vt 0.47355300188064575 0.9170269966125488
vt 0.46527099609375 0.9055500030517578
vt 0.47355300188064575 0.8933830261230469
vt 0.38912901282310486 0.9116629958152771
vt 0.5813270211219788 0.8818879723548889
vt 0.5787129998207092 0.8805360198020935
vt 0.5334510207176208 0.7659279704093933
vt 0.8883579969406128 0.1560550034046173
vt 0.9009199738502502 0.1596660017967224
vt 0.8969100117683411 0.17112000286579132
vt 0.2612690031528473 0.22441400587558746
vt 0.8776620030403137 0.04117399826645851
vt 0.8688259720802307 0.019683999940752983
vt 0.8776620030403137 0.004712999798357487
vt 0.8759859800338745 0.14932799339294434
vt 0.878931999206543 0.14402499794960022
vt 0.8789169788360596 0.17348599433898926
vt 0.8819509744644165 0.4143010079860687
vt 0.8741239905357361 0.39643800258636475
vt 0.8819509744644165 0.3821609914302826
vt 0.5817239880561829 0.8124359846115112
vt 0.9072780013084412 0.4257560074329376
vt 0.9072780013084412 0.4186680018901825
vt 0.9084519743919373 0.41876500844955444
vt 0.8802030086517334 0.635981023311615
vt 0.8905630111694336 0.6236990094184875
vt 0.8905630111694336 0.6370459794998169
vt 0.896763026714325 0.3155609965324402
vt 0.9014800190925598 0.5629349946975708
vt 0.7057650089263916 0.8666819930076599
vt 0.9408339858055115 0.3821609914302826
vt 0.9408339858055115 0.4004110097885132
vt 0.936735987663269 0.400407999753952
vt 0.8750839829444885 0.6878589987754822
vt 0.8672590255737305 0.7021369934082031
vt 0.8672590255737305 0.6699920296669006
vt 0.6323590278625488 0.8418710231781006
vt 0.5252090096473694 0.7865319848060608
vt 0.976997971534729 0.9160789847373962
vt 0.9776750206947327 0.9197829961776733
vt 0.976997971534729 0.9277650117874146
vt 0.9235489964485168 0.6236990094184875
vt 0.12137400358915329 0.9187420010566711
vt 0.12137500196695328 0.9116759896278381
vt 0.3892250061035156 0.8757979869842529
vt 0.3892250061035156 0.8910809755325317
vt 0.3788850009441376 0.8890860080718994
vt 0.8578100204467773 0.6790050268173218
vt 0.8549280166625977 0.7031319737434387
vt 0.8549280166625977 0.6734359860420227
vt 0.9648489952087402 0.46416598558425903
vt 0.41335898637771606 0.8873509764671326
vt 0.4048070013523102 0.9024159908294678
vt 0.40079599618911743 0.8909620046615601
vt 0.10354900360107422 0.9022079706192017
vt 0.09320899844169617 0.8889210224151611
vt 0.10354900360107422 0.8869249820709229
vt 0.6146979928016663 0.8200889825820923
vt 0.6500200033187866 0.8200889825820923
vt 0.046799998730421066 0.9734939932823181
vt 0.5397570133209229 0.8818879723548889
vt 0.4556030035018921 0.876105010509491
vt 0.4556030035018921 0.8913879990577698
vt 0.44526299834251404 0.8893929719924927
vt 0.2561259865760803 0.5218979716300964
vt 0.9554229974746704 0.46621501445770264
vt 0.8879669904708862 0.6518980264663696
vt 0.8747149705886841 0.4358130097389221
vt 0.38868099451065063 0.9022369980812073
vt 0.6417790055274963 0.8406929969787598
vt 0.7196589708328247 0.9728450179100037
vt 0.948839008808136 0.7436460256576538
vt 0.8954839706420898 0.9778000116348267
vt 0.8879669904708862 0.5739629864692688
vt 0.8905640244483948 0.5888149738311768
vt 0.8802030086517334 0.5898799896240234
vt 0.5935050249099731 0.794185996055603
vt 0.19382399320602417 0.9727159738540649
vt 0.1104540005326271 0.9696930050849915
vt 0.4550589919090271 0.9025440216064453
vt 0.8759859800338745 0.19081099331378937
vt 0.8759859800338745 0.18291200697422028
vt 0.8767759799957275 0.186598002910614
vt 0.7151910066604614 0.8842719793319702
vt 0.7307800054550171 0.8749309778213501
vt 0.40079599618911743 0.8753200173377991
vt 0.8972269892692566 0.7292699813842773
vt 0.8846650123596191 0.7256590127944946
vt 0.8886749744415283 0.7142040133476257
vt 0.9658380150794983 0.2868439853191376
vt 0.9628959894180298 0.30273500084877014
vt 0.9628940224647522 0.2868439853191376
vt 0.17215299606323242 0.9735959768295288
vt 0.8744530081748962 0.7588000297546387
vt 0.8744530081748962 0.7885910272598267
vt 0.8740569949150085 0.7761790156364441
vt 0.7810379862785339 0.19058500230312347
vt 0.777213990688324 0.1937820017337799
vt 0.777213990688324 0.1742749959230423
vt 0.5428699851036072 0.8424590229988098
vt 0.19084599614143372 0.9693650007247925
vt 0.8474569916725159 0.7675470113754272
vt 0.17330799996852875 0.22441600263118744
vt 0.3852440118789673 0.9594569802284241
vt 0.3802970051765442 0.9448180198669434
vt 0.3852440118789673 0.9422940015792847
vt 0.2549560070037842 0.8058239817619324
vt 0.050592001527547836 0.7288680076599121
vt 0.919094979763031 0.07374700158834457
vt 0.919094979763031 0.050599999725818634
vt 0.9220150113105774 0.05097400024533272
vt 0.09320899844169617 0.9116340279579163
vt 0.5522890090942383 0.7659279704093933
vt 0.8647800087928772 0.829596996307373
vt 0.8618360161781311 0.8354830145835876
vt 0.8618360161781311 0.7983949780464172
vt 0.9192690253257751 0.9731839895248413
vt 0.9532529711723328 0.9741330146789551
vt 0.5087270140647888 0.882498025894165
vt 0.9492110013961792 0.7481139898300171
vt 0.14957299828529358 0.8259950280189514
vt 0.208173006772995 0.9566429853439331
vt 0.2131199985742569 0.94200199842453
vt 0.2131199985742569 0.9591670036315918
vt 0.910198986530304 0.34863001108169556
vt 0.9184799790382385 0.3601059913635254
vt 0.910198986530304 0.3722720146179199
vt 0.909496009349823 0.22734400629997253
vt 0.909496009349823 0.20370100438594818
vt 0.9177780151367188 0.21586699783802032
vt 0.9338430166244507 0.0347680002450943
vt 0.9225410223007202 0.7348089814186096
vt 0.9580739736557007 0.8634880185127258
vt 0.6712139844894409 0.794185996055603
vt 0.9644320011138916 0.5144709944725037
vt 0.12137400358915329 0.9594600200653076
vt 0.12137400358915329 0.9422969818115234
vt 0.1263210028409958 0.9448210000991821
vt 0.8841410279273987 0.4534730017185211
vt 0.910198986530304 0.3155609965324402
vt 0.9184799790382385 0.3270379900932312
vt 0.910198986530304 0.33920401334762573
vt 0.9696260094642639 0.23093700408935547
vt 0.972553014755249 0.23078800737857819
vt 0.972553014755249 0.24605900049209595
vt 0.626118004322052 0.5694890022277832
vt 0.626118004322052 0.5875430107116699
vt 0.9225410223007202 0.7171480059623718
vt 0.871599018573761 0.11157099902629852
vt 0.8804309964179993 0.0900840014219284
vt 0.8804309964179993 0.12654399871826172
vt 0.8970400094985962 0.3726930022239685
vt 0.8405629992485046 0.4358130097389221
vt 0.9467329978942871 0.050599999725818634
vt 0.949675977230072 0.06826099753379822
vt 0.9467319846153259 0.06826099753379822
vt 0.1008789986371994 0.050345998257398605
vt 0.9385510087013245 0.4675169885158539
vt 0.37054601311683655 0.9118419885635376
vt 0.37054601311683655 0.9300919771194458
vt 0.36644798517227173 0.9118390083312988
vt 0.5040159821510315 0.8124359846115112
vt 0.6635940074920654 0.8659330010414124
vt 0.6532340049743652 0.866998016834259
vt 0.6532340049743652 0.8536509871482849
vt 0.7019839882850647 0.941769003868103
vt 0.703199028968811 0.9385589957237244
vt 0.7056319713592529 0.9463899731636047
vt 0.09245999902486801 0.5203019976615906
vt 0.1101209968328476 0.5203019976615906
vt 0.028589999303221703 0.17145900428295135
vt 0.15840399265289307 0.6646050214767456
vt 0.19524399936199188 0.9022330045700073
vt 0.18490399420261383 0.8889449834823608
vt 0.19524399936199188 0.8869500160217285
vt 0.6229400038719177 0.7653390169143677
vt 0.6323590278625488 0.764162003993988
vt 0.3658590018749237 0.9537680149078369
vt 0.3658590018749237 0.9395179748535156
vt 0.3695070147514343 0.9491479992866516
vt 0.8706799745559692 0.5610920190811157
vt 0.3162199854850769 0.8442639708518982
vt 0.3166149854660034 0.8616440296173096
vt 0.3162199854850769 0.874055027961731
vt 0.8970720171928406 0.6850569844245911
vt 0.8845099806785583 0.6814460158348083
vt 0.8885200023651123 0.6699920296669006
vt 0.33298999071121216 0.8182169795036316
vt 0.3226889967918396 0.8348379731178284
vt 0.32033398747444153 0.8348379731178284
vt 0.21851399540901184 0.889394998550415
vt 0.20871800184249878 0.9025459885597229
vt 0.208173006772995 0.8913900256156921
vt 0.4353469908237457 0.8873509764671326
vt 0.42679500579833984 0.9024159908294678
vt 0.4227850139141083 0.8909620046615601
vt 0.8838099837303162 0.050599999725818634
vt 0.8915740251541138 0.06651800125837326
vt 0.8812140226364136 0.06545300036668777
vt 0.8905640244483948 0.6021620035171509
vt 0.8634589910507202 0.3155609965324402
vt 0.8664029836654663 0.3467620015144348
vt 0.8634589910507202 0.3526490032672882
vt 0.7744410037994385 0.8793299794197083
vt 0.9185400009155273 0.2825450003147125
vt 0.8405629992485046 0.514706015586853
vt 0.0961880013346672 0.9741610288619995
vt 0.9391720294952393 0.8836939930915833
vt 0.9391720294952393 0.903967022895813
vt 0.9316669702529907 0.8937960267066956
vt 0.8999900221824646 0.609827995300293
vt 0.8812140226364136 0.07879900187253952
vt 0.8864759802818298 0.7588000297546387
vt 0.8942390084266663 0.7747179865837097
vt 0.8838790059089661 0.773652970790863
vt 0.8673570156097412 0.6236990094184875
vt 0.6684499979019165 0.9144240021705627
vt 0.6655309796333313 0.9140499830245972
vt 0.6684499979019165 0.891277015209198
vt 0.5251529812812805 0.8536509871482849
vt 0.9235489964485168 0.596921980381012
vt 0.9186279773712158 0.14402499794960022
vt 0.9186279773712158 0.16766700148582458
vt 0.9103459715843201 0.15550099313259125
vt 0.8635510206222534 0.22293899953365326
vt 0.7685530185699463 0.81939697265625
vt 0.8464499711990356 0.4858599901199341
vt 0.8311309814453125 0.4263870120048523
vt 0.9361469745635986 0.3868680000305176
vt 0.9524639844894409 0.5519009828567505
vt 0.9518939852714539 0.5636739730834961
vt 0.9512860178947449 0.5519009828567505
vt 0.8802040219306946 0.5401430130004883
vt 0.8905649781227112 0.5390779972076416
vt 0.8905649781227112 0.5524240136146545
vt 0.8474569916725159 0.7851319909095764
vt 0.7685530185699463 0.8504840135574341
vt 0.0781409963965416 0.9777560234069824
vt 0.4227850139141083 0.8753200173377991
vt 0.9509549736976624 0.46658599376678467
vt 0.10130199790000916 0.4955570101737976
vt 0.7472630143165588 0.9725559949874878
vt 0.7908750176429749 0.930761992931366
vt 0.7915530204772949 0.9227809906005859
vt 0.7915530204772949 0.9344670176506042
vt 0.04461900144815445 0.7653380036354065
vt 0.16664600372314453 0.6646050214767456
vt 0.8914570212364197 0.8372390270233154
vt 0.7028220295906067 0.826062023639679
vt 0.5028390288352966 0.8536509871482849
vt 0.9648039937019348 0.5100029706954956
vt 0.829334020614624 0.3155609965324402
vt 0.11626899987459183 0.17145800590515137
vt 0.6822180151939392 0.8761079907417297
vt 0.36862900853157043 0.9000149965286255
vt 0.36862900853157043 0.8765109777450562
vt 0.36920401453971863 0.8938959836959839
vt 0.4353469908237457 0.9297459721565247
vt 0.4324440062046051 0.9292619824409485
vt 0.4353469908237457 0.9118419885635376
vt 0.7427949905395508 0.8869619965553284
vt 0.7553579807281494 0.8905720114707947
vt 0.751347005367279 0.9020259976387024
vt 0.8870880007743835 0.019778000190854073
vt 0.8956400156021118 0.004712999798357487
vt 0.899649977684021 0.01616699993610382
vt 0.5491830110549927 0.8818879723548889
vt 0.633446991443634 0.8536509871482849
vt 0.15403999388217926 0.9754719734191895
vt 0.208173006772995 0.8761069774627686
vt 0.7427949905395508 0.9336529970169067
vt 0.8838790059089661 0.786998987197876
vt 0.6229400038719177 0.8406929969787598
vt 0.043981000781059265 0.050345998257398605
vt 0.9044579863548279 0.6101999878883362
vt 0.8841410279273987 0.4358130097389221
vt 0.934486985206604 0.6074650287628174
vt 0.5334510207176208 0.8412820100784302
vt 0.5441439747810364 0.9328879714012146
vt 0.5434640049934387 0.9365919828414917
vt 0.5434640049934387 0.9249070286750793
vt 0.5522890090942383 0.8412820100784302
vt 0.7311859726905823 0.9113630056381226
vt 0.9630810022354126 0.5249170064926147
vt 0.9659289717674255 0.5242260098457336
vt 0.9659289717674255 0.5399199724197388
vt 0.004712999798357487 0.8804810047149658
vt 0.004712999798357487 0.8440250158309937
vt 0.013546999543905258 0.8589969873428345
vt 0.9330840110778809 0.7481139898300171
vt 0.9608709812164307 0.7481139898300171
vt 0.9361469745635986 0.410427987575531
vt 0.9390169978141785 0.409837007522583
vt 0.9390169978141785 0.42604100704193115
vt 0.9612429738044739 0.7436460256576538
vt 0.6417790055274963 0.7653390169143677
vt 0.9399949908256531 0.5114920139312744
vt 0.4756320118904114 0.8557590246200562
vt 0.1510619968175888 0.972121000289917
vt 0.3409459888935089 0.9118390083312988
vt 0.9528819918632507 0.969664990901947
vt 0.9222480058670044 0.9765350222587585
vt 0.9271309971809387 0.838388979434967
vt 0.9265339970588684 0.8314639925956726
vt 0.9277120232582092 0.8314639925956726
vt 0.8997330069541931 0.4628179967403412
vt 0.6822180151939392 0.8666819930076599
vt 0.8758280277252197 0.3450230062007904
vt 0.8758440017700195 0.3155609965324402
vt 0.8787840008735657 0.3208639919757843
vt 0.08448000252246857 0.774029016494751
vt 0.5225380063056946 0.8550040125846863
vt 0.12137400358915329 0.9328709840774536
vt 0.06255599856376648 0.9732450246810913
vt 0.8641110062599182 0.4358130097389221
vt 0.6721090078353882 0.5836309790611267
vt 0.6697739958763123 0.5869879722595215
vt 0.6697739958763123 0.5834169983863831
vt 0.953889012336731 0.5109339952468872
vt 0.425711989402771 0.7778760194778442
vt 0.6053590178489685 0.8536520004272461
vt 0.16880199313163757 0.9765750169754028
vt 0.5046049952507019 0.7935969829559326
vt 0.9183419942855835 0.5242260098457336
vt 0.24587899446487427 0.10330300033092499
vt 0.7773839831352234 0.8569589853286743
vt 0.04227500036358833 0.9178850054740906
vt 0.049779001623392105 0.9279869794845581
vt 0.04227500036358833 0.9381579756736755
vt 0.15840399265289307 0.765861988067627
vt 0.049779001623392105 0.9768440127372742
vt 0.12855899333953857 0.5427640080451965
vt 0.12855899333953857 0.5129719972610474
vt 0.12895500659942627 0.5253840088844299
vt 0.19470000267028809 0.875793993473053
vt 0.5811359882354736 0.7935969829559326
vt 0.032274000346660614 0.8887730240821838
vt 0.03284899890422821 0.8948919773101807
vt 0.032274000346660614 0.912276029586792
vt 0.6871640086174011 0.9566439986228943
vt 0.6822180151939392 0.959168016910553
vt 0.6822180151939392 0.9420040249824524
vt 0.8740569949150085 0.7493739724159241
vt 0.8740569949150085 0.7142040133476257
vt 0.8752390146255493 0.7229430079460144
vt 0.08266700059175491 0.9379439949989319
vt 0.07516200095415115 0.9278420209884644
vt 0.08266700059175491 0.9176710247993469
vt 0.9389370083808899 0.6982560157775879
vt 0.9458749890327454 0.0347680002450943
vt 0.807532012462616 0.1742749959230423
vt 0.807532012462616 0.1937820017337799
vt 0.8037130236625671 0.19058099389076233
vt 0.47604599595069885 0.5811290144920349
vt 0.5116699934005737 0.8601269721984863
vt 0.16664600372314453 0.765861988067627
vt 0.3913710117340088 0.8127549886703491
vt 0.8846650123596191 0.7412999868392944
vt 0.9629629850387573 0.624235987663269
vt 0.9600690007209778 0.639860987663269
vt 0.9600690007209778 0.6236990094184875
vt 0.9647020101547241 0.7841820120811462
vt 0.9415289759635925 0.46416598558425903
vt 0.6199640035629272 0.8818879723548889
vt 0.6225780248641968 0.8805360198020935
vt 0.9044579863548279 0.5595840215682983
vt 0.09655900299549103 0.9696930050849915
vt 0.9308649897575378 0.03811899945139885
vt 0.9390580058097839 0.9751700162887573
vt 0.3193579912185669 0.9121599793434143
vt 0.3193579912185669 0.8890129923820496
vt 0.3222779929637909 0.9117860198020935
vt 0.9315090179443359 0.6108160018920898
vt 0.758696973323822 0.9572089910507202
vt 0.7575200200080872 0.9501439929008484
vt 0.758696973323822 0.9430789947509766
vt 0.4305739998817444 0.39090898633003235
vt 0.7942870259284973 0.17747600376605988
vt 0.7904639840126038 0.1937820017337799
vt 0.7904639840126038 0.1742749959230423
vt 0.9359580278396606 0.7016069889068604
vt 0.17135199904441833 0.8569129705429077
vt 0.16251899302005768 0.8718860149383545
vt 0.16251899302005768 0.8354200124740601
vt 0.3658590018749237 0.9253789782524109
vt 0.8115940093994141 0.8820130228996277
vt 0.9494209885597229 0.5113059878349304
vt 0.8717880249023438 0.08029700070619583
vt 0.8688259720802307 0.055709999054670334
vt 0.8717880249023438 0.050599999725818634
vt 0.8908479809761047 0.3039900064468384
vt 0.8900579810142517 0.30030399560928345
vt 0.8908479809761047 0.2960920035839081
vt 0.9158350229263306 0.6560850143432617
vt 0.10300499945878983 0.8757690191268921
vt 0.9462479948997498 0.039236001670360565
vt 0.9222409725189209 0.8836939930915833
vt 0.9222419857978821 0.9066529870033264
vt 0.919297993183136 0.9066529870033264
vt 0.06981399655342102 0.7524160146713257
vt 0.3321149945259094 0.812749981880188
vt 0.9693170189857483 0.4645389914512634
vt 0.966946005821228 0.2601419985294342
vt 0.9640560150146484 0.27516499161720276
vt 0.9640560150146484 0.2595849931240082
vt 0.655830979347229 0.8818510174751282
vt 0.8943660259246826 0.937995970249176
vt 0.8943660259246826 0.9177230000495911
vt 0.9018700122833252 0.9278939962387085
vt 0.7019839882850647 0.9560210108757019
vt 0.8113759756088257 0.05888399854302406
vt 0.9549810290336609 0.4358130097389221
vt 0.04227500036358833 0.7652810215950012
vt 0.9009199738502502 0.14402499794960022
vt 0.08360599726438522 0.7794849872589111
vt 0.09615200012922287 0.8351420164108276
vt 0.09320899844169617 0.8663430213928223
vt 0.09320899844169617 0.8292549848556519
vt 0.05920499935746193 0.9762229919433594
vt 0.9659870266914368 0.6858630180358887
vt 0.9630560278892517 0.6858630180358887
vt 0.9633939862251282 0.6699920296669006
vt 0.9334560036659241 0.7436460256576538
vt 0.895924985408783 0.8376110196113586
vt 0.8845099806785583 0.6970880031585693
vt 0.807030975818634 0.4358130097389221
vt 0.8313949704170227 0.8802350163459778
vt 0.7151910066604614 0.9019380211830139
vt 0.4118039906024933 0.5960419774055481
vt 0.41101399064064026 0.5918300151824951
vt 0.4118039906024933 0.5881440043449402
vt 0.8752390146255493 0.7405279874801636
vt 0.944923996925354 0.8372129797935486
vt 0.9437479972839355 0.8372740149497986
vt 0.9437479972839355 0.8254820108413696
vt 0.36707499623298645 0.9569780230522156
vt 0.8879680037498474 0.5242260098457336
vt 0.7553579807281494 0.8749309778213501
vt 0.863552987575531 0.27567800879478455
vt 0.237295001745224 0.7940499782562256
vt 0.9743310213088989 0.8389570116996765
vt 0.9743310213088989 0.824828028678894
vt 0.9755079746246338 0.8318920135498047
vt 0.9195050001144409 0.7983949780464172
vt 0.9195050001144409 0.8220379948616028
vt 0.9112229943275452 0.8098719716072083
vt 0.8402259945869446 0.8737589716911316
vt 0.8824489712715149 0.9171599745750427
vt 0.8741670250892639 0.9056829810142517
vt 0.8824489712715149 0.893517017364502
vt 0.8405560255050659 0.4038139879703522
vt 0.8914570212364197 0.8248350024223328
vt 0.6108599901199341 0.5604140162467957
vt 0.9162070155143738 0.660552978515625
vt 0.8958550095558167 0.9733319878578186
vt 0.899649977684021 0.0318089984357357
vt 0.8372820019721985 0.8513879776000977
vt 0.2846899926662445 0.953262984752655
vt 0.28175199031829834 0.9685609936714172
vt 0.2817470133304596 0.953262984752655
vt 0.874206006526947 0.8305310010910034
vt 0.874206006526947 0.7983949780464172
vt 0.8820310235023499 0.8126739859580994
vt 0.6851609945297241 0.826062023639679
o mesh_input
f 1217/1 1227/2 1081/3 1075/4
f 1727/5 1729/6 1626/7 1618/8
f 1270/9 1272/10 1535/11 1525/12
f 1519/13 1521/14 1834/15 1832/16
f 302/17 306/18 501/19 497/20
f 2053/21 2007/22 2716/23 2922/24
f 848/25 806/26 810/27 852/28
f 669/29 671/30 352/31 350/32
f 12/33 104/34 106/35 14/36
f 570/37 1016/38 884/39 572/40
f 1434/41 1436/42 1416/43 1414/44
f 1280/45 1284/46 927/47 925/48
f 1385/49 1337/50 1341/51 1389/52
f 1976/53 1982/54 1206/55 1200/56
f 2256/57 2014/58 2018/59 2260/60
f 3051/61 3071/62 3075/63 3053/64
f 1256/65 1263/66 1516/67 1512/68
f 1336/69 1384/70 1388/71 1340/72
f 1583/73 1584/74 1887/75 1886/76
f 1945/77 1963/78 2095/79 2087/80
f 2391/81 2393/82 2708/83 2706/84
f 587/85 595/86 599/87 589/88
f 1990/89 1804/90 1374/91 1214/92
f 1847/93 1851/94 1550/95 1546/96
f 2325/97 2329/98 2291/99 2287/100
f 1564/101 1570/102 1869/103 1865/104
f 1124/105 874/106 876/107 1126/108
f 2167/109 2169/110 2359/111 2357/112
f 1783/113 1353/114 1161/115 1937/116
f 1187/117 1963/118 2103/119 1043/120
f 3015/121 3053/122 3055/123 3017/124
f 2675/125 643/126 657/127 2689/128
f 1474/129 1471/130 1735/131 1714/132
f 1805/133 1375/134 1219/135 1995/136
f 464/137 468/138 273/139 268/140
f 3081/141 3079/142 3083/143 3085/144
f 193/145 212/146 199/147 158/148
f 1530/149 1093/150 1097/151 1534/152
f 2751/153 2432/154 2434/155 2753/156
f 985/157 987/158 797/159 795/160
f 3067/161 3069/162 3073/163 3071/164
f 605/165 613/166 1047/167 1041/168
f 47/169 109/170 111/171 49/172
f 22/173 46/174 122/175 114/176
f 2639/177 2641/178 2105/179 2103/180
f 1/181 23/182 25/183 3/184
f 141/185 151/186 153/187 143/188
f 1201/189 1202/190 1053/191 1055/192
f 110/193 112/194 188/195 186/196
f 1939/197 1592/198 1588/199 1785/200
f 1712/201 1734/202 1810/203 1762/204
f 371/205 373/206 692/207 690/208
f 1768/209 1906/210 1910/211 1772/212
f 863/213 867/214 825/215 821/216
f 2528/217 2847/218 2851/219 2532/220
f 2021/221 2027/222 2269/223 2263/224
f 1631/225 1635/226 1703/227 1697/228
f 1598/229 1175/230 1359/231 1606/232
f 2605/233 2613/234 2619/235 2599/236
f 2187/237 2189/238 2379/239 2377/240
f 1182/241 1197/242 619/243 595/244
f 1593/245 1589/246 1744/247 1682/248
f 1384/249 1400/250 1402/251 1388/252
f 3035/253 2989/254 2991/255 3037/256
f 2542/257 2861/258 2865/259 2546/260
f 3022/261 2984/262 2983/263 3021/264
f 1406/265 1440/266 1444/267 1420/268
f 2636/269 2626/270 2650/271 2644/272
f 3120/273 3102/274 3026/275 3032/276
f 2345/277 2347/278 2709/279 2707/280
f 3018/281 2980/282 2982/283 3020/284
f 437/285 439/286 756/287 754/288
f 2660/289 2678/290 2666/291 2656/292
f 2630/293 2098/294 2102/295 2638/296
f 2155/297 2157/298 2347/278 2345/277
f 1471/130 1475/299 1715/300 1735/131
f 2341/301 2339/302 2149/303 2151/304
f 723/305 725/306 404/307 402/308
f 1005/309 1007/310 1009/311 1001/312
f 2270/313 2028/314 2032/315 2274/316
f 601/317 617/318 2649/319 2633/320
f 2339/302 2337/321 2147/322 2149/303
f 895/323 899/324 587/325 567/326
f 393/327 394/328 713/329 712/330
f 682/331 683/332 364/333 363/334
f 448/335 452/336 257/337 252/338
f 586/339 588/340 598/341 594/342
f 313/343 316/344 511/345 508/346
f 1529/347 2050/348 2054/349 1533/350
f 2737/351 2739/352 2420/353 2418/354
f 2228/355 2230/356 1894/357 1892/358
f 615/359 635/360 633/361 621/362
f 2524/363 2843/364 2845/365 2526/366
f 739/367 741/368 424/369 422/370
f 2296/371 2258/372 2264/373 2302/374
f 2662/375 2658/376 2676/377 2668/378
f 764/379 766/380 956/381 954/382
f 963/383 965/384 775/385 773/386
f 1435/387 1405/388 1393/389 1415/390
f 1980/391 1800/392 1663/393 1665/394
f 2408/395 2410/396 2218/397 2216/398
f 556/399 836/400 838/401 558/402
f 316/403 320/404 515/405 511/406
f 2366/407 2368/408 2178/409 2176/410
f 2916/411 2920/412 2954/413 2952/414
f 2478/415 2795/416 2801/417 2482/418
f 1553/419 1555/420 1856/421 1854/422
f 2377/240 2379/239 2745/423 2743/424
f 2297/425 2259/426 2263/427 2301/428
f 405/429 407/430 728/431 726/432
f 116/433 80/434 24/435 48/436
f 1509/437 1511/438 1255/439 1253/440
f 2220/441 2222/442 1882/443 1874/444
f 2469/445 2788/446 2790/447 2471/448
f 164/449 126/450 128/451 166/452
f 1146/453 886/454 890/455 1154/456
f 73/457 75/458 76/459 74/460
f 205/461 213/462 215/463 207/464
f 598/465 1038/466 1044/467 608/468
f 2973/469 3011/470 3013/471 2975/472
f 1937/473 1161/474 893/475 2243/476
f 2986/477 2998/478 3066/479 3048/480
f 1317/481 1319/482 995/483 993/484
f 2337/321 2336/485 2146/486 2147/322
f 2974/487 162/488 164/489 2976/490
f 130/491 90/492 92/493 132/494
f 1548/495 1552/496 1853/497 1849/498
f 2415/499 2417/500 2736/501 2734/502
f 2631/503 2639/504 2103/505 2099/506
f 2763/507 2444/508 2446/509 2765/510
f 909/511 911/512 721/513 719/514
f 2157/298 2159/515 2349/516 2347/278
f 1324/517 1326/518 945/519 943/520
f 1167/521 1943/522 1787/523 1357/524
f 2250/525 2634/526 602/527 900/528
f 270/529 274/530 469/531 465/532
f 2915/533 2919/534 2050/348 2046/535
f 1332/536 1380/537 1336/69 1230/538
f 1921/539 1145/540 1345/541 1775/542
f 1255/543 1262/544 919/545 917/546
f 406/547 408/548 774/549 772/550
f 1095/551 1133/552 1540/553 1532/554
f 1745/555 1683/556 1719/557 1757/558
f 2070/559 2074/560 2078/561 2076/562
f 2118/563 2662/564 2668/565 2124/566
f 2184/567 2182/568 2372/569 2374/570
f 2690/571 2683/572 2696/573 2694/574
f 1039/575 1043/576 607/577 599/578
f 111/171 119/579 77/580 49/172
f 777/581 779/582 417/583 411/584
f 2755/585 2436/586 2438/587 2757/588
f 1726/589 1728/590 1698/591 1690/592
f 3071/164 3073/163 3076/593 3075/594
f 1151/595 1927/596 2239/597 889/598
f 2151/599 2149/600 1826/601 1828/602
f 1792/603 2250/525 900/528 1362/604
f 2422/605 2424/606 2232/607 2230/608
f 929/609 931/610 741/368 739/367
f 1380/537 1396/611 1384/70 1336/69
f 888/612 1150/613 1160/614 892/615
f 726/432 728/431 918/616 916/617
f 2969/618 3043/619 3097/620 3047/621
f 436/622 434/623 751/624 753/625
f 1633/626 1634/627 1702/628 1732/629
f 2649/630 617/631 162/488 2974/487
f 2834/632 2515/633 2519/634 2838/635
f 138/636 144/637 142/638 140/639
f 886/454 546/640 560/641 890/455
f 1578/642 1580/643 1313/644 1311/645
f 1107/646 1111/647 861/648 857/649
f 636/650 1064/651 1067/652 640/653
f 733/654 735/655 418/656 416/657
f 1038/658 598/659 606/660 1042/661
f 2397/662 2399/663 2714/664 2712/665
f 2757/666 2438/667 2440/668 2759/669
f 2822/670 2503/671 2506/672 2825/673
f 2637/674 2647/675 2109/676 2101/677
f 561/678 2593/679 2599/680 567/326
f 976/681 978/682 1294/683 1292/684
f 1722/685 1726/589 1690/592 1686/686
f 261/687 260/688 458/689 455/690
f 3117/691 3101/692 3063/693 3093/694
f 3019/695 3057/696 3059/697 3021/698
f 3111/699 3135/700 3139/701 3113/702
f 24/435 26/703 50/704 48/436
f 1569/705 1572/706 1305/707 1303/708
f 182/709 223/710 227/711 190/712
f 1819/713 1821/714 1509/437 1507/715
f 1407/716 1441/717 1617/718 1611/719
f 56/720 34/721 36/722 60/723
f 3131/724 3037/725 3039/726 3133/727
f 1477/728 1481/729 1675/730 1679/731
f 1765/732 1761/733 1769/734 1907/735
f 468/138 472/736 277/737 273/139
f 417/583 419/738 736/739 734/740
f 2540/741 2859/742 2861/743 2542/744
f 1258/745 1260/746 1517/747 1513/748
f 2577/749 2585/750 2579/751 2576/752
f 1418/753 1422/754 1615/755 1613/756
f 2258/372 2016/757 2022/758 2264/373
f 884/759 1164/760 1168/761 1022/762
f 2243/476 893/475 569/763 2601/764
f 1784/765 1940/766 1595/767 1587/768
f 2200/769 2202/770 1823/771 1821/714
f 679/772 681/773 362/774 360/775
f 1238/776 1392/777 1599/778 1603/779
f 1182/780 1958/781 1795/782 1365/783
f 2052/784 2006/785 1539/786 1531/787
f 2093/788 2097/789 2629/790 2621/791
f 1884/792 1886/76 2189/793 2187/794
f 2149/600 2147/795 1901/796 1826/601
f 2115/797 2123/798 2667/799 2657/800
f 552/801 565/802 569/803 553/804
f 1552/496 1558/805 1859/806 1853/497
f 1370/807 1204/808 1665/394 1663/393
f 2364/809 2366/407 2176/410 2174/810
f 149/811 103/812 105/813 151/814
f 981/815 983/816 793/817 791/818
f 1315/819 1321/820 1590/821 1586/822
f 1483/823 1485/824 1673/825 1677/826
f 1211/827 1987/828 1997/829 1221/830
f 1583/73 1581/831 1316/832 1318/833
f 1404/834 1434/41 1414/44 1392/835
f 3115/836 3121/837 3123/838 3117/691
f 2196/839 2198/840 1819/713 1817/841
f 629/842 642/843 1069/844 1057/845
f 1626/846 1632/847 1427/848 1425/849
f 2135/850 2141/851 2003/852 1993/853
f 1479/854 1483/855 1677/856 1681/857
f 2820/858 2501/859 2505/860 2824/861
f 2115/862 2117/863 2131/864 2123/865
f 1371/866 1664/867 1666/868 1205/869
f 1266/870 1270/871 1525/872 1521/14
f 88/873 64/874 68/875 90/876
f 1305/877 1309/878 987/879 985/880
f 1593/245 1596/881 1436/882 1434/883
f 727/884 729/885 408/548 406/547
f 1586/822 1590/821 1889/886 1883/887
f 1442/888 1450/889 1424/890 1422/891
f 213/462 651/892 664/893 215/463
f 1976/894 2114/895 2116/896 1982/897
f 1674/898 1672/899 1484/900 1480/901
f 58/902 60/903 63/904 64/905
f 906/906 907/907 717/908 716/909
f 1291/910 1297/911 1564/101 1558/805
f 1916/912 2010/913 1492/914 1488/915
f 1099/916 1103/917 853/918 849/919
f 2418/354 2420/353 2228/920 2226/921
f 2332/922 2084/923 2088/924 2334/925
f 67/926 89/927 91/928 71/929
f 2342/930 2344/931 2154/932 2152/933
f 789/934 791/818 429/935 427/936
f 580/937 582/938 592/939 596/940
f 1032/941 1176/942 1185/943 1038/944
f 2428/945 2747/946 2748/947 2429/948
f 2288/949 2326/950 2594/951 2070/952
f 2185/953 2187/237 2377/240 2375/954
f 3002/955 3004/956 3006/957 3000/958
f 3043/619 2957/959 2959/960 3045/961
f 349/962 351/963 670/964 668/965
f 3038/966 3132/967 3134/968 3040/969
f 2581/970 2584/971 2063/972 2061/973
f 1057/974 1069/975 1217/976 1209/977
f 2700/978 2702/979 2340/980 2338/981
f 3128/982 3036/983 3035/253 3127/984
f 3098/985 3100/986 3046/987 3044/988
f 1760/989 1738/990 1676/991 1680/992
f 1002/993 1004/994 1006/995 1012/996
f 196/997 120/998 184/999 204/1000
f 958/1001 960/1002 1266/870 1264/1003
f 1020/1004 1025/1005 845/1006 843/1007
f 1393/1008 1239/1009 1604/1010 1600/1011
f 2090/1012 2616/1013 2620/1014 2092/1015
f 454/1016 458/689 260/688 259/1017
f 1167/1018 1183/1019 1035/1020 1021/1021
f 3040/969 3134/968 3138/1022 3042/1023
f 225/1024 412/1025 203/1026 195/1027
f 1165/1028 1169/1029 1025/1030 1020/1031
f 1168/1032 1024/1033 1028/1034 1172/1035
f 281/1036 284/1037 479/1038 476/1039
f 2745/423 2746/1040 2427/1041 2426/1042
f 1946/1043 1788/1044 1790/1045 1949/1046
f 3119/1047 3031/1048 3025/1049 3101/692
f 1844/1050 1846/1051 2163/1052 2161/1053
f 1257/1054 1258/745 1513/748 1671/1055
f 1814/1056 1816/1057 2195/1058 2193/1059
f 1275/1060 1281/1061 1548/495 1538/1062
f 2935/1063 2977/1064 2979/1065 2937/1066
f 1527/1067 1531/787 1094/1068 1090/1069
f 1779/1070 1781/1071 1933/1072 1929/1073
f 284/1074 288/1075 483/1076 479/1077
f 2510/1078 2829/1079 2833/1080 2514/1081
f 1810/1082 1763/1083 1905/1084 1912/1085
f 1316/832 1312/1086 990/1087 992/1088
f 2710/1089 2712/665 2350/1090 2348/1091
f 969/1092 971/1093 781/1094 779/582
f 1930/1095 1780/1096 1350/1097 1154/1098
f 2728/1099 2730/1100 2364/809 2362/1101
f 3050/1102 3068/1103 3067/1104 3049/1105
f 399/1106 397/1107 763/1108 765/1109
f 1688/1110 1694/1111 1624/1112 1616/1113
f 1102/1114 852/1115 858/1116 1108/1117
f 854/1118 1104/1119 1110/1120 860/1121
f 2259/426 2017/1122 2021/1123 2263/427
f 889/1124 893/475 1161/474 1151/1125
f 3130/1126 3108/1127 3110/1128 3136/1129
f 62/1130 61/1131 67/1132 65/1133
f 837/1134 841/1135 565/802 557/1136
f 30/1137 98/1138 100/1139 46/174
f 346/1140 1130/1141 1088/1142 219/1143
f 1621/1144 1639/1145 1893/1146 1725/1147
f 176/1148 146/1149 80/1150 116/1151
f 1917/1152 2011/1153 2891/1154 2381/1155
f 2413/1156 2415/499 2734/502 2732/1157
f 2271/1158 2029/1159 2031/1160 2273/1161
f 830/1162 872/1163 876/1164 834/1165
f 2227/1166 2229/1167 2421/1168 2419/1169
f 278/1170 280/1171 475/1172 473/1173
f 1525/12 1535/11 1840/1174 1838/1175
f 1711/1176 1707/1177 1646/1178 1650/1179
f 902/1180 1194/1181 1212/1182 904/1183
f 760/1184 759/1185 949/1186 950/1187
f 2944/1188 2912/1189 2916/411 2952/414
f 2278/1190 2036/1191 2040/1192 2282/1193
f 2212/1194 2214/1195 1858/1196 1852/1197
f 512/1198 516/1199 321/1200 317/1201
f 1481/1202 1484/900 1672/899 1675/1203
f 1504/1204 1506/1205 1818/1206 1816/1057
f 2840/1207 2521/1208 2523/1209 2842/1210
f 1756/1211 1902/1212 1603/779 1599/778
f 711/1213 713/329 394/328 392/1214
f 886/454 1146/453 1922/1215 2236/1216
f 948/1217 950/1218 1179/1219 1329/1220
f 1923/1221 1931/1222 1779/1223 1775/1224
f 2252/1225 1970/1226 1194/1227 902/1228
f 1377/1229 1379/1230 1227/1231 1221/1232
f 2892/1233 2943/1234 2958/1235 2915/533
f 106/1236 152/1237 154/1238 108/1239
f 1456/1240 1461/1241 1648/1242 1644/1243
f 188/1244 112/1245 120/1246 196/1247
f 1929/1073 1933/1072 2289/1248 2069/1249
f 86/1250 58/1251 64/874 88/873
f 2180/1252 2182/1253 1877/1254 1873/1255
f 1799/1256 1369/1257 1201/1258 1977/1259
f 1676/1260 1673/825 1485/824 1482/1261
f 322/1262 326/1263 521/1264 517/1265
f 1703/1266 1733/1267 1711/1268 1710/1269
f 1466/1270 1469/1271 1413/1272 1398/1273
f 3000/958 3006/957 3005/1274 2999/1275
f 1364/1276 1181/1277 1657/1278 1655/1279
f 725/306 727/884 406/547 404/307
f 1339/1280 1233/1281 1237/1282 1343/1283
f 403/1284 401/1285 767/1286 769/1287
f 412/1025 2715/1288 2574/1289 542/1290
f 338/1291 342/1292 537/1293 533/1294
f 185/1295 217/1296 221/1297 187/1298
f 1243/1299 1257/1054 1671/1055 1487/1300
f 1791/1301 1361/1302 1177/1303 1953/1304
f 6/1305 8/1306 12/33 10/1307
f 34/1308 6/1305 10/1307 36/1309
f 993/1310 995/1311 805/1312 803/1313
f 1304/1314 1308/1315 1573/1316 1571/1317
f 2246/1318 2608/1319 2634/526 2250/525
f 724/1320 726/432 916/617 914/1321
f 1169/1029 1175/1322 1029/1323 1025/1030
f 575/1324 593/1325 603/1326 577/1327
f 715/1328 1142/1329 1130/1330 346/1331
f 982/1332 984/1333 1304/1334 1302/1335
f 1411/1336 1395/1337 1241/1338 1335/1339
f 1366/1340 1194/1227 1970/1226 1796/1341
f 1072/1342 648/1343 650/1344 1074/1345
f 1724/1346 1692/1347 1688/1348 1746/1349
f 850/1350 1100/1351 1104/1352 854/1353
f 941/1354 943/1355 753/625 751/624
f 1907/735 1769/734 1773/1356 1911/1357
f 37/1358 62/1359 65/1360 39/1361
f 1440/266 1446/1362 1451/1363 1444/267
f 1437/1364 1439/1365 1612/1366 1597/1367
f 2177/1368 2179/1369 2369/1370 2367/1371
f 1516/67 1524/1372 1837/1373 1831/1374
f 2238/1375 2582/1376 2600/1377 2242/1378
f 1377/1379 1807/1380 2001/1381 1225/1382
f 318/1383 322/1262 517/1265 513/1384
f 186/196 188/195 224/1385 220/1386
f 2452/1387 2771/1388 2772/1389 2453/1390
f 2387/1391 2389/1392 2704/1393 2702/979
f 1942/1394 1786/1395 1792/1396 1956/1397
f 1763/1398 1759/1399 1767/1400 1905/1401
f 137/1402 147/1403 149/1404 139/1405
f 1815/1406 1817/841 1505/1407 1503/1408
f 1978/1409 1977/1410 2115/1411 2113/1412
f 979/1413 981/815 791/818 789/934
f 10/1307 12/33 14/36 16/1414
f 2918/1415 2922/24 2955/1416 2959/1417
f 1623/1418 1627/1419 1730/1420 1728/1421
f 1371/1422 1801/1423 1983/1424 1207/1425
f 1269/1426 1275/1060 1538/1062 1524/1372
f 75/1427 93/1428 94/1429 76/1430
f 797/159 799/1431 437/285 435/1432
f 2643/1433 611/1434 903/1435 2253/1436
f 729/885 731/1437 410/1438 408/548
f 5/1439 7/1440 8/1306 6/1305
f 2047/1441 2051/1442 2920/412 2916/411
f 970/1443 972/1444 1286/1445 1282/1446
f 2779/1447 2460/1448 2462/1449 2781/1450
f 2965/1451 3023/1452 2967/1453 2945/1454
f 1985/1455 1993/1456 2129/1457 2117/1458
f 735/655 737/1459 420/1460 418/656
f 1922/1461 1774/1462 1778/1463 1930/1464
f 418/656 420/1460 782/1465 780/1466
f 1359/231 1361/1467 1174/1468 1171/1469
f 785/1470 787/1471 425/1472 423/1473
f 2354/1474 2356/1475 2166/1476 2164/1477
f 2138/1478 2132/1479 2140/1480 2144/1481
f 2994/1482 3040/1483 3042/1484 2996/1485
f 1554/1486 1556/1487 1289/1488 1287/1489
f 2222/442 2224/1490 1888/1491 1882/443
f 8/1306 102/1492 104/34 12/33
f 3060/1493 3022/1494 3021/698 3059/697
f 1087/1495 218/1496 222/1497 1091/1498
f 1714/1499 1680/992 1478/1500 1474/1501
f 937/1502 939/1503 749/1504 747/1505
f 2577/1506 545/1507 553/1508 2585/1509
f 35/1510 59/1511 62/1359 37/1358
f 1774/1512 1920/1513 1928/1514 1778/1515
f 1697/1516 1703/1266 1710/1269 1705/1517
f 1610/1518 1616/1113 1440/1519 1406/1520
f 158/148 199/147 180/1521 96/1522
f 2769/1523 2450/1524 2451/1525 2770/1526
f 1920/1513 2060/1527 2068/1528 1928/1514
f 102/1529 148/1530 150/1531 104/1532
f 2966/1533 2948/1534 2968/1535 3024/1536
f 63/1537 38/1538 40/1539 66/1540
f 1098/1541 848/25 852/28 1102/1542
f 1030/1543 584/1544 596/1545 1036/1546
f 1826/601 1901/796 1671/1055 1513/748
f 1841/1547 1845/1548 1544/1549 1536/1550
f 2159/515 2161/1551 2351/1552 2349/516
f 2767/1553 2448/1554 2450/1555 2769/1556
f 1273/1557 1277/1558 967/1559 965/1560
f 1682/1561 1744/1562 1756/1563 1718/1564
f 1658/1565 1973/1566 1799/1567 1662/1568
f 1720/1569 1718/1570 1602/1571 1607/1572
f 398/1573 400/1574 766/380 764/379
f 589/88 599/87 607/1575 597/1576
f 1232/1577 1338/1578 1342/1579 1236/1580
f 3076/1581 3107/1582 3109/1583 3079/1584
f 3/184 21/1585 45/1586 29/1587
f 90/876 68/875 72/1588 92/1589
f 2707/280 2709/279 2394/1590 2392/1591
f 1355/1592 1588/1593 1592/1594 1163/1595
f 1364/1596 1185/1597 1961/1598 1794/1599
f 1681/857 1677/856 1739/1600 1761/733
f 783/1601 785/1470 423/1473 421/1602
f 1159/1603 1935/1604 2075/1605 1015/1606
f 2355/1607 2357/112 2723/1608 2721/1609
f 1677/826 1673/825 1717/1610 1739/1611
f 1183/1019 1959/1612 1963/118 1187/117
f 2316/1613 2278/1190 2282/1193 2320/1614
f 1056/1615 1208/1616 1216/1617 1066/1618
f 2176/1619 2178/1620 1871/1621 1867/1622
f 2011/1623 2045/1624 2914/1625 2891/1626
f 1172/1627 1358/1628 1360/1629 1176/1630
f 484/1631 488/1632 293/1633 289/1634
f 156/1635 193/145 158/148 82/1636
f 752/1637 754/288 944/1638 942/1639
f 1053/1640 1063/1641 635/1642 623/1643
f 792/1644 794/1645 984/1646 982/1647
f 1031/1648 1037/1649 597/1650 585/1651
f 1977/1259 1201/1258 1207/1652 1983/1653
f 2230/356 2232/1654 1896/1655 1894/357
f 363/334 365/1656 684/1657 682/331
f 65/1133 67/1132 71/1658 69/1659
f 836/1660 878/1661 880/1662 838/1663
f 1597/1367 1612/1366 1687/1664 1685/1665
f 2917/1666 2921/1667 2052/784 2048/1668
f 162/488 124/1669 126/1670 164/489
f 267/1671 272/1672 467/1673 463/1674
f 180/1675 182/1676 98/1138 96/1677
f 997/1678 1000/1679 1002/1680 996/1681
f 428/1682 430/1683 792/1644 790/1684
f 2221/1685 2223/1686 2415/499 2413/1156
f 1672/899 1674/898 1736/1687 1716/1688
f 2417/500 2419/1169 2738/1689 2736/501
f 1957/1690 1794/1691 1655/1279 1657/1278
f 1419/1692 1423/1693 1443/1694 1439/1695
f 2080/1696 2085/1697 1945/1698 1941/1699
f 2013/1700 1495/1701 1499/1702 2047/1441
f 1410/1703 1432/1704 1382/1705 1334/1706
f 1039/1707 1045/1708 1193/1709 1189/1710
f 157/1711 95/1712 179/1713 198/1714
f 2526/1715 2845/1716 2849/1717 2530/1718
f 1636/1719 1632/847 1731/1720 1733/1721
f 1612/1366 1622/1722 1691/1723 1687/1664
f 1164/1724 1354/1725 1587/1726 1595/1727
f 1973/1728 1197/1729 1369/1730 1799/1731
f 728/431 730/1732 920/1733 918/616
f 1024/1734 844/1735 846/1736 1028/1737
f 518/1738 522/1739 327/1740 323/1741
f 1376/1742 1220/1743 1226/1744 1378/1745
f 2868/1746 2549/1747 2553/1748 2872/1749
f 2498/1750 2817/1751 2821/1752 2502/1753
f 3132/967 3130/1126 3136/1129 3134/968
f 778/1754 780/1466 970/1755 968/1756
f 1357/524 1787/523 2247/1757 897/1758
f 1230/538 1336/69 1340/72 1234/1759
f 1130/1141 1494/1760 1498/1761 1088/1142
f 1629/1762 1641/1763 1699/1764 1692/1765
f 2439/1766 2758/1767 2760/1768 2441/1769
f 1474/1501 1478/1500 1432/1704 1410/1703
f 1395/1337 1410/1770 1334/1771 1241/1338
f 3028/1772 3030/1773 3094/1774 3092/1775
f 2636/1776 2100/1777 2108/1778 2646/1779
f 1576/1780 1586/822 1883/887 1875/1781
f 1485/824 1483/823 1467/1782 1469/1271
f 3110/1783 3080/1784 3084/1785 3112/1786
f 3048/1787 3066/1788 3122/1789 3098/985
f 675/1790 677/1791 358/1792 356/1793
f 400/1574 402/308 768/1794 766/380
f 1033/1795 1039/1796 1186/1797 1177/1303
f 2321/1798 2323/1799 2285/1800 2283/1801
f 1344/1802 1146/1803 1154/1804 1348/1805
f 2594/1806 2592/1807 2598/1808 2602/1809
f 383/1810 385/1811 704/1812 702/1813
f 1276/1814 1278/1815 1545/1816 1543/1817
f 1941/1818 1945/1819 2083/1820 2293/1821
f 1366/1822 1190/1823 1210/1824 1372/1825
f 306/18 310/1826 505/1827 501/19
f 2077/1828 2293/1829 2605/1830 2603/1831
f 504/1832 507/1833 312/1834 309/1835
f 2255/1836 905/1837 643/126 2675/125
f 1555/420 1559/1838 1860/1839 1856/421
f 1667/1840 1669/1841 1374/1842 1218/1843
f 2791/1844 2472/1845 2474/1846 2793/1847
f 408/548 410/1438 776/1848 774/549
f 804/1849 802/1850 440/1851 442/1852
f 2274/316 2032/315 2034/1853 2276/1854
f 1195/1855 1213/1856 1373/1857 1367/1858
f 3135/700 3133/727 3137/1859 3139/701
f 1113/1860 863/1861 865/1862 1115/1863
f 2585/750 2601/1864 2597/1865 2584/1866
f 1566/1867 1569/705 1303/708 1299/1868
f 1289/1488 1293/1869 977/1870 975/1871
f 1737/1872 1716/1873 1740/1874 1749/1875
f 1562/1876 1566/1867 1299/1868 1295/1877
f 41/1878 69/1879 73/1880 43/1881
f 1932/1882 2070/559 2076/562 1940/1883
f 70/1884 42/1885 44/1886 74/1887
f 822/1888 864/1889 868/1890 826/1891
f 2713/1892 2719/1893 2400/1894 2398/1895
f 342/1896 344/1897 539/1898 537/1899
f 2175/1900 2177/1368 2367/1371 2365/1901
f 587/325 2619/1902 2627/1903 595/244
f 762/1904 764/379 954/382 952/1905
f 206/1906 166/452 168/1907 208/1908
f 540/1909 241/1910 197/1911 209/1912
f 1596/1913 1609/1914 1438/1915 1436/1916
f 977/1917 979/1413 789/934 787/1471
f 1414/1918 1416/1919 1607/1572 1602/1571
f 2320/1920 2282/1921 2284/1922 2322/1923
f 2210/1924 2212/1194 1852/1197 1848/1925
f 741/368 743/1926 426/1927 424/369
f 161/1928 162/488 617/631 616/1929
f 2399/663 2401/1930 2720/1931 2714/664
f 1906/1932 1913/1933 1915/1934 1910/1935
f 1885/1936 1881/1937 2186/1938 2188/1939
f 146/1149 136/1940 52/1941 80/1150
f 1347/1942 1777/1943 1927/596 1151/595
f 1140/1944 1128/1945 241/1910 540/1909
f 3100/986 3124/1946 3120/273 3096/1947
f 274/530 278/1948 473/1949 469/531
f 1511/1950 1515/1951 1262/544 1255/543
f 3049/1105 3067/1104 3071/1952 3051/1953
f 1933/1072 1157/1954 1165/1955 1941/1956
f 2431/1957 2750/1958 2752/1959 2433/1960
f 2343/1961 2341/301 2151/304 2153/1962
f 2101/1963 2107/1964 2645/1965 2637/1966
f 1764/1967 1811/1968 1913/1933 1906/1932
f 387/1969 389/1970 708/1971 706/1972
f 732/1973 734/740 924/1974 922/1975
f 848/1976 1098/1977 1108/1978 858/1979
f 1857/1980 1861/1981 1560/1982 1556/1487
f 1678/1983 1674/1984 1480/1985 1476/1986
f 514/1987 518/1988 323/1989 319/1990
f 855/1991 861/1992 1111/1993 1105/1994
f 1433/1995 1467/1996 1483/855 1479/854
f 1194/1997 1366/1822 1372/1825 1212/1998
f 799/1431 801/1999 439/286 437/285
f 2623/2000 2633/2001 2632/2002 2622/2003
f 2534/2004 2853/2005 2857/2006 2538/2007
f 1788/1044 1948/2008 1952/2009 1790/1045
f 1059/2010 1068/2011 641/2012 631/2013
f 1686/2014 1690/2015 1619/2016 1609/1914
f 1395/1337 1411/1336 1475/299 1471/130
f 1989/2017 1213/2018 905/2019 2255/2020
f 7/2021 101/2022 102/1529 8/2023
f 1445/2024 1452/2025 1447/2026 1441/2027
f 775/385 777/581 411/584 409/2028
f 3077/2029 3078/2030 3082/2031 3080/2032
f 2365/1901 2367/1371 2733/2033 2731/2034
f 914/2035 916/2036 1254/2037 1252/2038
f 2942/2039 2957/2040 3043/2041 2969/2042
f 1120/2043 870/2044 874/2045 1124/2046
f 1073/2047 1075/2048 653/2049 649/2050
f 1016/38 570/37 574/2051 1018/2052
f 83/2053 53/2054 54/2055 84/2056
f 2358/2057 2360/2058 2170/2059 2168/2060
f 3030/1773 2954/2061 2950/2062 3008/2063
f 1678/1983 1712/2064 1762/2065 1758/2066
f 695/2067 697/2068 378/2069 376/2070
f 1628/2071 1624/2072 1694/2073 1696/2074
f 926/2075 928/2076 1285/2077 1281/1061
f 93/2078 133/2079 134/2080 94/2081
f 787/1471 789/934 427/936 425/1472
f 2985/2082 3047/2083 3065/2084 2997/2085
f 397/1107 395/2086 761/2087 763/1108
f 1584/74 1582/2088 1885/1936 1887/75
f 1748/2089 1766/2090 1770/2091 1752/2092
f 253/2093 254/2094 449/2095 445/2096
f 1473/2097 1477/728 1679/731 1713/2098
f 2977/1064 2935/1063 205/461 165/2099
f 1892/358 1894/357 1651/2100 1638/2101
f 685/2102 687/2103 368/2104 366/2105
f 1222/2106 1216/1617 1226/2107 1082/2108
f 347/2109 349/2110 668/2111 666/2112
f 594/342 604/2113 612/2114 618/2115
f 2872/2116 2553/2117 2555/2118 2874/2119
f 120/1246 78/2120 160/2121 184/2122
f 2138/2123 2144/2124 1084/2125 1078/2126
f 359/2127 361/2128 680/2129 678/2130
f 2980/282 168/1907 170/2131 2982/283
f 589/2132 597/2133 1037/2134 1033/2135
f 547/2136 561/2137 559/2138 549/2139
f 1300/2140 1306/2141 935/2142 933/2143
f 1367/2144 1797/2145 1971/2146 1195/2147
f 3024/2148 2968/2149 3028/1772 3092/1775
f 266/2150 267/2151 463/2152 460/2153
f 2615/2154 2625/2155 2629/2156 2613/234
f 1014/2157 1018/2158 2078/2159 2074/2160
f 1988/2161 2254/2162 904/1183 1212/1182
f 2725/2163 2727/2164 2408/395 2406/2165
f 1461/1241 1460/2166 1647/2167 1648/1242
f 2564/2168 2883/2169 2887/2170 2568/2171
f 2170/2172 2172/2173 1861/1981 1857/1980
f 27/2174 1/181 3/184 29/1587
f 2386/2175 2384/2176 2699/2177 2701/2178
f 1780/1096 1932/2179 1156/2180 1350/1097
f 1964/2181 2098/2182 2104/2183 1968/2184
f 170/2185 132/2186 134/2187 172/2188
f 2203/2189 2205/2190 2397/662 2395/2191
f 2392/1591 2394/1590 2202/2192 2200/2193
f 50/704 26/703 32/2194 78/2120
f 1272/10 1276/1814 1543/1817 1535/11
f 730/1732 732/1973 922/1975 920/1733
f 983/816 985/157 795/160 793/817
f 2117/2195 2129/2196 2674/2197 2661/2198
f 536/2199 539/1898 344/1897 341/2200
f 33/2201 55/2202 59/2203 35/2204
f 2771/1388 2452/1387 2454/2205 2773/2206
f 1972/2207 1798/2208 1368/2209 1196/2210
f 1292/684 1294/683 1561/2211 1559/1838
f 3114/2212 3088/2213 3087/2214 3113/2215
f 2465/2216 2784/2217 2786/2218 2467/2219
f 2827/2220 2508/2221 2511/2222 2830/2223
f 1846/1051 1850/2224 2165/2225 2163/1052
f 549/2139 559/2138 557/1136 555/2226
f 79/2227 23/182 1/181 51/2228
f 1141/2229 1129/2230 1493/2231 1489/2232
f 2721/1609 2723/1608 2404/2233 2402/2234
f 2676/2235 2935/1063 2925/2236 2683/2237
f 55/2202 33/2201 34/721 56/720
f 737/1459 739/367 422/370 420/1460
f 2854/2238 2535/2239 2538/2007 2857/2006
f 3055/2240 3081/2241 3085/2242 3057/2243
f 966/2244 968/2245 1278/1815 1276/1814
f 1513/748 1517/747 1828/602 1826/601
f 297/2246 300/2247 495/2248 492/2249
f 1616/1113 1624/1112 1446/2250 1440/1519
f 1575/2251 1585/2252 1314/2253 1306/2141
f 191/2254 173/2255 115/2256 175/2257
f 2578/2258 2236/1216 2240/2259 2592/2260
f 988/2261 990/1087 1312/1086 1310/2262
f 1093/150 224/1385 228/2263 1097/151
f 885/2264 1023/2265 1169/2266 1165/2267
f 218/1496 179/2268 181/2269 222/1497
f 2602/2270 2076/2271 2078/2272 2606/2273
f 649/2274 659/2275 1081/2276 1073/2277
f 1453/2278 1459/2279 1646/1178 1640/2280
f 2583/2281 2586/2282 2588/2283 2596/2284
f 2245/2285 2249/2286 1947/2287 1939/2288
f 1975/2289 2112/2290 2114/2291 1976/2292
f 3058/2293 3020/2294 3022/1494 3060/1493
f 3059/2295 3089/2296 3090/2297 3060/2298
f 1643/2299 1647/2167 1460/2166 1458/2300
f 874/106 832/2301 834/2302 876/107
f 2238/2303 1926/2304 1150/2305 888/2306
f 1934/2307 1782/2308 1352/2309 1158/2310
f 9/2311 37/2312 39/2313 15/2314
f 2657/2315 2661/2316 2659/2317 2651/2318
f 624/2319 1054/2320 1062/2321 634/2322
f 577/2323 603/2324 901/2325 897/2326
f 1376/2327 1224/2328 2000/2329 1806/2330
f 967/2331 969/1092 779/582 777/581
f 1489/2232 1493/2231 2011/1153 1917/1152
f 1490/2332 1918/2333 2012/2334 1494/2335
f 1320/2336 1322/2337 941/2338 939/2339
f 1723/2340 1727/5 1618/8 1614/2341
f 525/2342 528/2343 333/2344 330/2345
f 1949/2346 1790/2347 1360/2348 1173/2349
f 407/430 409/2028 730/1732 728/431
f 2375/954 2377/240 2743/424 2741/2350
f 147/2351 101/2022 103/2352 149/2353
f 2363/2354 2365/1901 2731/2034 2729/2355
f 2163/2356 2165/2357 2355/1607 2353/2358
f 2297/2359 2303/2360 2265/2361 2259/2362
f 1224/2363 1376/1742 1378/1745 1228/2364
f 1620/2365 1724/2366 1892/358 1638/2101
f 2482/418 2801/417 2805/2367 2486/2368
f 3036/2369 3128/2370 3132/967 3038/966
f 2060/2371 2580/2372 2586/2373 2064/2374
f 1831/1374 1837/1373 2207/2375 2205/2376
f 2704/1393 2706/84 2344/931 2342/930
f 2926/2377 2684/2378 2697/2379 2928/2380
f 2351/1552 2353/2358 2719/1893 2713/1892
f 379/2381 381/2382 700/2383 698/2384
f 2260/2385 2018/2386 2024/2387 2266/2388
f 2981/2389 3019/2390 3021/264 2983/263
f 103/2391 11/2392 13/2393 105/2394
f 1056/2395 1070/2396 1062/2397 1054/2398
f 1716/1873 1736/2399 1748/2400 1740/1874
f 241/2401 217/1296 185/1295 197/2402
f 740/2403 742/2404 932/2405 930/2406
f 3104/2407 3126/2408 3125/2409 3103/2410
f 2698/2411 2700/978 2338/981 2336/485
f 771/2412 773/386 407/430 405/429
f 292/2413 295/2414 490/2415 487/2416
f 2171/2417 2173/2418 2363/2354 2361/2419
f 2761/2420 2442/2421 2443/2422 2762/2423
f 1112/2424 862/2425 866/2426 1116/2427
f 1685/2428 1687/2429 1723/2430 1721/2431
f 701/2432 703/2433 384/2434 382/2435
f 1641/2436 1644/1243 1704/2437 1699/2438
f 3088/2439 3090/2440 3089/2441 3087/2442
f 652/2443 214/2444 216/2445 665/2446
f 2112/2290 2654/2447 2656/2448 2114/2291
f 332/2449 336/2450 531/2451 527/2452
f 3007/2453 2961/2454 2933/2455 2949/2456
f 461/2457 464/2458 268/2459 269/2460
f 549/2461 555/2462 1005/2463 1001/2464
f 2308/2465 2270/313 2274/316 2312/2466
f 510/2467 514/1987 319/1990 315/2468
f 1399/2469 1383/2470 1339/1280 1387/2471
f 2197/2472 2199/2473 2391/81 2389/1392
f 1920/1513 1774/1512 1344/2474 1144/2475
f 968/2245 970/1443 1282/1446 1278/1815
f 2486/2476 2805/2477 2806/2478 2490/2479
f 2663/2480 2669/2481 2677/2482 2659/2317
f 1221/2483 1997/2484 1807/2485 1377/2486
f 613/2487 615/2488 1049/2489 1047/2490
f 1131/2491 242/2492 220/1386 1089/2493
f 2045/1624 1497/2494 1528/2495 2049/2496
f 790/1684 792/1644 982/1647 980/2497
f 1893/1146 1895/2498 2231/2499 2229/2500
f 2302/374 2264/373 2268/2501 2306/2502
f 2816/2503 2497/2504 2501/859 2820/858
f 1311/645 1313/644 991/2505 989/2506
f 1293/1869 1295/1877 979/2507 977/1870
f 226/2508 413/2509 1133/552 1095/551
f 866/2426 824/2510 826/2511 868/2512
f 264/2513 263/2514 459/2515 457/2516
f 838/2517 880/2518 1010/2519 562/2520
f 2948/1534 2932/2521 2944/2522 2968/1535
f 282/2523 286/2524 481/2525 477/2526
f 683/2527 685/2102 366/2105 364/2528
f 1409/2529 1394/2530 1240/2531 1333/2532
f 1411/2533 1433/1995 1479/854 1475/2534
f 1843/2535 1849/498 2211/2536 2209/2537
f 1559/1838 1561/2211 1862/2538 1860/1839
f 2573/2539 1919/2540 2013/2541 2912/2542
f 666/2112 667/2543 348/2544 347/2109
f 166/452 206/1906 2936/2545 2978/2546
f 2781/2547 2462/2548 2464/2549 2783/2550
f 381/2551 383/1810 702/1813 700/2552
f 581/2553 597/1576 593/1325 583/2554
f 796/2555 798/2556 988/2557 986/2558
f 1245/2559 1247/2560 909/2561 907/2562
f 911/512 913/2563 723/305 721/513
f 2516/2564 2835/2565 2839/2566 2520/2567
f 3091/2568 3115/836 3117/691 3093/694
f 1398/2569 1413/2570 1401/2571 1386/2572
f 2936/2545 2926/2377 2928/2380 2938/2573
f 2152/2574 2154/2575 1833/2576 1829/2577
f 2990/2578 3000/958 2999/1275 2989/2579
f 936/2580 938/2581 1315/819 1307/2582
f 1786/2583 2246/1318 2250/525 1792/603
f 2410/396 2412/2584 2220/2585 2218/397
f 1875/1781 1883/887 2223/2586 2221/2587
f 758/2588 760/1184 950/1187 948/2589
f 445/2096 448/2590 252/2591 253/2093
f 2213/2592 2215/2593 2407/2594 2405/2595
f 2226/2596 2228/355 1892/358 1890/2597
f 1334/1706 1382/1705 1338/1578 1232/1577
f 242/2492 200/2598 186/196 220/1386
f 1683/556 1685/2428 1721/2431 1719/557
f 989/2599 991/2600 801/1999 799/1431
f 2090/2601 1944/2602 1960/2603 2096/2604
f 1715/2605 1681/857 1761/733 1765/732
f 2959/960 2955/2606 3033/2607 3045/961
f 2681/2608 2691/2609 2684/2610 2677/2482
f 2429/2611 2748/2612 2750/1958 2431/1957
f 1296/2613 1300/2140 933/2143 931/2614
f 1394/2530 1408/2615 1332/2616 1240/2531
f 1782/2617 1936/2618 1160/2619 1352/2620
f 1889/2621 1891/2622 2227/2623 2225/2624
f 1902/1212 1890/2625 1610/2626 1603/779
f 802/1850 800/2627 438/2628 440/1851
f 1740/1874 1748/2400 1752/2629 1742/2630
f 1210/2631 1220/2632 1996/2633 1986/2634
f 1010/2635 1156/2636 1164/2637 1016/2638
f 1741/2639 1750/2640 1754/2641 1743/2642
f 3012/2643 3050/2644 3049/2645 3011/2646
f 2743/424 2745/423 2426/1042 2424/606
f 334/2647 338/1291 533/1294 529/2648
f 1247/2560 1249/2649 911/2650 909/2561
f 791/818 793/817 431/2651 429/935
f 3106/2652 3074/2653 3077/2654 3108/2655
f 2219/2656 2221/1685 2413/1156 2411/2657
f 2999/1275 3005/1274 3003/2658 3001/2659
f 767/1286 765/1109 955/2660 957/2661
f 974/2662 976/681 1292/684 1288/2663
f 1153/2664 1157/1954 1351/2665 1349/2666
f 2504/2667 2823/2668 2826/2669 2507/2670
f 115/2671 47/169 23/182 79/2227
f 2256/2672 2294/2673 2304/2674 2266/2675
f 870/2676 1120/2677 1122/2678 872/2679
f 1043/120 2103/119 1967/2680 1191/2681
f 1441/717 1447/2682 1625/2683 1617/718
f 628/2684 1056/2685 1066/2686 639/2687
f 1696/2688 1694/2689 1699/2690 1704/2691
f 1355/2692 1785/2693 1941/2694 1165/2695
f 71/2696 91/2697 93/1428 75/1427
f 1568/2698 1571/2699 1872/2700 1870/2701
f 1497/2494 1087/1495 1091/1498 1528/2495
f 1233/2702 1137/2703 1139/2704 1237/2705
f 2189/238 2190/2706 2380/2707 2379/239
f 1241/2708 1334/2709 1232/2710 1137/2703
f 2092/2711 2620/2712 2628/2713 2096/2714
f 409/2028 411/584 732/1973 730/1732
f 2629/2156 2639/2715 2631/2716 2621/2717
f 1572/2718 1574/2719 1309/878 1305/877
f 2244/2720 1938/2721 1946/2722 2248/2723
f 1670/2724 1375/2725 1215/2726 1666/2727
f 57/2728 85/2729 87/2730 61/2731
f 1503/1408 1505/1407 1249/2649 1247/2560
f 214/2444 206/1906 208/1908 216/2445
f 2001/1381 2005/2732 2695/2733 2689/128
f 2012/2734 2892/1233 2915/533 2046/535
f 852/1115 810/2735 816/2736 858/1116
f 1163/2737 1171/2738 899/324 895/323
f 2362/1101 2364/809 2174/810 2172/2739
f 1721/2740 1723/2340 1614/2341 1608/2741
f 541/2742 210/2743 200/2744 242/2745
f 812/2746 854/1118 860/1121 818/2747
f 2733/2033 2735/2748 2416/2749 2414/2750
f 2732/1157 2734/502 2368/408 2366/407
f 857/649 861/648 819/2751 815/2752
f 2126/2753 2671/2754 2678/2755 2130/2756
f 626/2757 630/2758 636/2759 644/2760
f 1712/2064 1678/1983 1476/1986 1472/2761
f 2793/2762 2474/2763 2475/2764 2794/2765
f 2218/2766 2220/441 1874/444 1868/2767
f 1574/2719 1578/642 1311/645 1309/878
f 2217/2768 2219/2656 2411/2657 2409/2769
f 2878/2770 2559/2771 2563/2772 2882/2773
f 3102/274 3064/2774 2972/2775 3026/275
f 212/146 715/1328 346/1331 199/147
f 2876/2776 2557/2777 2561/2778 2880/2779
f 1149/2780 1925/2781 1777/2782 1347/2783
f 2050/348 2919/534 2923/2784 2054/349
f 1365/783 1795/782 1962/2785 1186/2786
f 1285/2077 1291/910 1558/805 1552/496
f 2064/2787 2062/2788 2072/2789 2066/2790
f 1478/1500 1482/2791 1466/2792 1432/1704
f 1987/2793 1211/2794 1373/2795 1803/2796
f 652/2797 665/2798 663/2799 659/2800
f 1507/715 1509/437 1253/440 1251/2801
f 219/1143 223/710 182/709 180/2802
f 2259/2362 2265/2361 2023/2803 2017/2804
f 1246/2805 1244/2806 906/2807 908/2808
f 1790/2809 1952/2810 1176/942 1360/2811
f 1331/2812 591/2813 2623/2814 1899/2815
f 1636/1719 1635/226 1455/2816 1429/2817
f 2714/664 2720/1931 2354/1474 2352/2818
f 254/2819 258/2820 453/2821 449/2822
f 562/2823 840/2824 574/2825 570/2826
f 1018/2827 1166/2828 1942/2829 2078/2830
f 1493/2831 1497/2494 2045/1624 2011/1623
f 1025/2832 1029/2833 847/2834 845/2835
f 1675/1203 1672/899 1716/1688 1737/2836
f 1657/2837 1661/2838 1798/2839 1972/2840
f 2091/2841 2093/2842 2621/2843 2617/2844
f 1698/2845 1706/2846 1643/2299 1637/2847
f 2166/2848 2168/2849 1855/2850 1851/94
f 1002/2851 551/2852 554/2853 1004/2854
f 2204/2855 2206/2856 1836/2857 1830/2858
f 1635/226 1636/1719 1733/1721 1703/227
f 959/2859 961/2860 771/2412 769/1287
f 1861/1981 1863/2861 1562/1876 1560/1982
f 3047/621 3097/620 3121/837 3065/2862
f 2396/2863 2398/1895 2206/2864 2204/2865
f 991/2600 993/1310 803/1313 801/1999
f 1856/421 1860/1839 2171/2866 2169/2867
f 586/2868 594/2869 2626/2870 2618/2871
f 1166/2828 1356/2872 1786/2873 1942/2829
f 1152/2874 1348/2875 1350/1097 1156/2180
f 1335/2876 1241/2708 1137/2703 1233/2702
f 2596/2284 2594/1806 2602/1809 2606/2877
f 2989/2579 2999/1275 3001/2659 2991/2878
f 1103/2879 1109/2880 859/2881 853/2882
f 706/1972 707/2883 388/2884 387/1969
f 2859/742 2540/741 2543/2885 2862/2886
f 2370/2887 2372/569 2182/568 2180/2888
f 1617/718 1625/2683 1695/2889 1689/2890
f 425/1472 427/936 744/2891 742/2404
f 707/2892 709/2893 390/2894 388/2895
f 709/2893 711/2896 392/2897 390/2894
f 1333/2898 1240/2899 1136/2900 1231/2901
f 1338/1578 1386/2902 1390/2903 1342/1579
f 1991/2904 1215/2905 1375/2906 1805/2907
f 2686/2908 2672/2909 2690/571 2692/2910
f 1851/94 1855/2850 1554/1486 1550/95
f 476/1039 478/2911 283/2912 281/1036
f 2729/2355 2731/2034 2412/2584 2410/396
f 755/2913 753/625 943/1355 945/2914
f 2574/2915 2582/1376 550/2916 542/2917
f 1651/2100 1653/2918 1328/2919 1326/518
f 1762/2920 1810/1082 1912/1085 1904/2921
f 2346/2922 2348/1091 2158/2923 2156/2924
f 2812/2925 2492/2926 2495/2927 2813/2928
f 1225/1382 2001/1381 2689/128 657/127
f 2787/2929 2468/2930 2470/2931 2789/2932
f 2852/2933 2533/2934 2537/2935 2856/2936
f 1669/1841 1665/2937 1214/2938 1374/1842
f 1100/2939 850/2940 856/2941 1106/2942
f 3008/2943 2950/2944 2934/2945 2962/2946
f 2195/2947 2197/2472 2389/1392 2387/1391
f 1534/152 1097/151 1135/2948 1542/2949
f 1833/2576 1835/2950 1522/2951 1520/2952
f 155/2953 81/2954 157/1711 192/2955
f 1738/990 1760/989 1768/209 1750/2956
f 1043/2957 1045/2958 609/2959 607/2960
f 994/2961 992/2962 802/1850 804/1849
f 23/182 47/169 49/172 25/183
f 2936/2545 2677/2963 2684/2378 2926/2377
f 2436/586 2755/585 2756/2964 2437/2965
f 3027/2966 3091/2568 3093/694 3029/2967
f 2139/2968 1079/2969 1085/2970 2145/2971
f 544/2972 547/2136 553/804 545/2973
f 749/1504 751/624 434/623 432/2974
f 2253/2975 2255/2020 2675/2976 2643/2977
f 1549/2978 1553/419 1854/422 1850/2224
f 2247/2979 2251/2980 2635/2981 2609/2982
f 46/174 100/1139 178/2983 122/175
f 625/2984 635/2985 1063/2986 1055/2987
f 422/370 424/369 786/2988 784/2989
f 3000/958 2990/2578 2992/2990 3002/955
f 353/2991 354/2992 673/2993 672/2994
f 1926/2995 2238/1375 2242/1378 1936/2996
f 3138/1022 3140/2997 3139/701 3137/1859
f 2445/2998 2764/2999 2766/3000 2447/3001
f 2348/1091 2350/1090 2160/3002 2158/2923
f 1679/731 1675/730 1737/3003 1759/1399
f 2424/606 2426/1042 2234/3004 2232/607
f 2642/3005 2252/1225 902/1228 610/3006
f 1042/3007 1190/3008 1966/3009 2102/3010
f 698/2384 699/3011 380/3012 379/2381
f 2967/1453 3027/3013 2951/3014 2941/3015
f 2947/3016 193/145 176/1148 2998/478
f 2947/3016 2986/477 3048/480 2970/3017
f 2076/2271 2602/2270 2604/3018 2292/3019
f 1455/3020 1449/3021 1457/3022 1462/3023
f 466/3024 470/3025 275/3026 271/3027
f 573/3028 579/3029 1023/2265 885/2264
f 2886/3030 2567/3031 2570/3032 2889/3033
f 2253/1436 903/1435 1195/2147 1971/2146
f 442/1852 440/1851 757/3034 759/1185
f 2262/3035 2300/3036 2306/3037 2268/3038
f 432/2974 434/623 796/2555 794/1645
f 1018/3039 574/3040 578/3041 1022/3042
f 656/3043 1224/2328 1228/3044 662/3045
f 1191/2681 1967/2680 1797/3046 1367/3047
f 1001/3048 1003/3049 552/3050 549/3051
f 1518/3052 1520/2952 1265/3053 1261/3054
f 2502/3055 2821/3056 2825/673 2506/672
f 782/1465 784/2989 974/3057 972/3058
f 2183/3059 2185/953 2375/954 2373/3060
f 2232/1654 2234/3061 1954/3062 1896/1655
f 2734/502 2736/501 2370/2887 2368/408
f 1775/542 1779/1070 1929/1073 1921/539
f 2882/2773 2563/2772 2567/3063 2886/3064
f 3101/692 3025/1049 2971/3065 3063/693
f 2577/3066 2718/3067 415/3068 545/3069
f 1609/1914 1619/2016 1442/3070 1438/1915
f 2603/1831 2607/3071 2081/3072 2077/1828
f 646/3073 656/3074 662/3075 654/3076
f 3124/1946 3118/3077 3102/274 3120/273
f 1690/2015 1698/3078 1637/3079 1619/2016
f 1500/3080 1502/3081 1814/1056 1812/3082
f 1828/602 1832/16 2153/3083 2151/599
f 1953/1304 1177/1303 1186/1797 1962/3084
f 2014/3085 2256/2672 2266/2675 2024/3086
f 543/3087 542/3088 550/3089 546/3090
f 2608/1319 2246/1318 896/3091 576/3092
f 863/1861 821/3093 823/3094 865/1862
f 1451/3095 1456/1240 1644/1243 1641/2436
f 1537/3096 1547/3097 1280/45 1274/3098
f 1971/3099 1989/2017 2255/2020 2253/2975
f 3083/3100 3111/3101 3113/2215 3087/2214
f 3093/694 3063/693 3007/3102 3029/2967
f 1136/2900 1230/3103 1234/3104 1138/3105
f 395/2086 396/3106 762/1904 761/2087
f 803/1313 805/1312 443/3107 441/3108
f 1645/3109 1649/3110 1462/3111 1457/3112
f 746/3113 748/3114 938/3115 936/3116
f 1449/3021 1447/2026 1452/2025 1457/3022
f 1181/3117 1364/1596 1794/1599 1957/3118
f 1261/3054 1265/3053 959/3119 957/3120
f 2990/3121 3036/983 3038/3122 2992/3123
f 3063/693 2971/3065 2961/3124 3007/3102
f 2392/1591 2390/3125 2705/3126 2707/280
f 1314/2253 1320/3127 939/3128 937/3129
f 2927/3130 2937/1066 207/464 215/463
f 2800/3131 2481/3132 2485/3133 2804/3134
f 748/3114 750/3135 940/3136 938/3115
f 761/2087 762/1904 952/1905 951/3137
f 1006/995 878/3138 882/3139 1012/996
f 2330/3140 2079/3141 2084/3142 2332/3143
f 1589/246 1593/245 1434/883 1404/3144
f 2681/3145 2685/3146 2135/3147 2133/3148
f 2158/3149 2160/3150 1841/1547 1839/3151
f 2100/3152 2636/3153 2644/3154 2106/3155
f 891/3156 2241/3157 2593/679 561/678
f 1092/3158 1529/347 1533/350 1096/3159
f 1710/3160 1711/1176 1650/1179 1649/3110
f 3092/1775 3094/1774 3118/3077 3116/3161
f 1573/1316 1577/3162 1878/3163 1876/3164
f 1227/3165 2003/3166 2145/3167 1085/3168
f 2946/3169 2969/2042 3047/2083 2985/2082
f 2174/3170 2176/1619 1867/1622 1863/2861
f 1750/2956 1768/209 1772/212 1754/3171
f 29/1587 45/1586 99/3172 97/3173
f 167/3174 2979/1065 2981/3175 169/3176
f 326/3177 328/3178 523/3179 521/3180
f 1121/3181 871/3182 873/3183 1123/3184
f 1486/3185 1514/3186 1259/3187 1242/3188
f 1052/3189 622/3190 634/3191 1062/3192
f 2797/3193 2479/3194 2483/3195 2802/3196
f 153/3197 107/3198 108/1239 154/1238
f 7/1440 5/1439 9/2311 11/2392
f 2460/1448 2779/1447 2780/3199 2461/3200
f 2426/1042 2427/1041 2235/3201 2234/3004
f 2968/3202 2944/1188 2952/414 3028/3203
f 1556/1487 1560/1982 1293/1869 1289/1488
f 836/400 556/399 564/3204 840/2824
f 200/2598 174/3205 110/193 186/196
f 1211/827 1221/830 1071/3206 1063/3207
f 173/3208 109/170 47/169 115/2671
f 2736/501 2738/1689 2372/569 2370/2887
f 2224/3209 2226/2596 1890/2597 1888/3210
f 2324/3211 2286/3212 2290/3213 2328/3214
f 2173/2418 2175/1900 2365/1901 2363/2354
f 551/3215 550/3089 568/3216 564/3204
f 1630/3217 1642/3218 1452/3219 1445/3220
f 1185/3221 1364/3222 1655/3223 1659/3224
f 2039/3225 2043/3226 2285/3227 2281/3228
f 2988/3229 2966/1533 3024/1536 3062/3230
f 1977/3231 1983/3232 2117/863 2115/862
f 3127/3233 3035/3234 3037/725 3131/724
f 112/1245 50/704 78/2120 120/1246
f 795/160 797/159 435/1432 433/3235
f 1538/1062 1548/495 1849/498 1843/2535
f 1865/104 1869/103 2219/3236 2217/3237
f 1975/3238 1974/3239 2120/3240 2122/3241
f 1396/3242 1412/3243 1400/250 1384/249
f 3012/3244 2974/487 2976/490 3014/3245
f 1608/2741 1614/2341 1419/3246 1417/3247
f 2457/3248 2776/3249 2778/3250 2459/3251
f 1747/3252 1689/3253 1693/3254 1725/3255
f 3014/3256 2976/3257 2978/2546 3016/3258
f 1967/3259 1987/3260 1803/3261 1797/3262
f 2998/478 2988/3229 3062/3230 3066/479
f 1876/3164 1878/3163 2183/3263 2181/3264
f 853/2882 859/2881 817/3265 811/3266
f 837/3267 839/3268 881/3269 879/3270
f 300/3271 304/3272 499/3273 495/3274
f 2683/2237 2925/2236 2927/3130 2696/3275
f 2973/469 161/1928 616/1929 2648/3276
f 743/1926 745/3277 428/1682 426/1927
f 1309/878 1311/645 989/2506 987/879
f 1492/3278 1496/3279 1086/3280 1128/3281
f 2993/3282 3003/2658 3005/1274 2995/3283
f 256/3284 261/3285 455/3286 451/3287
f 3103/2410 3125/2409 3129/3288 3105/3289
f 1912/1085 1905/1084 1909/3290 1914/3291
f 456/3292 459/2515 263/2514 262/3293
f 1615/755 1623/3294 1728/3295 1726/3296
f 336/2450 340/3297 535/3298 531/2451
f 438/2628 436/622 753/625 755/2913
f 508/346 510/3299 315/3300 313/343
f 843/3301 847/3302 1029/3303 1020/3304
f 175/2257 115/2256 79/3305 145/3306
f 1869/103 1875/1781 2221/2587 2219/3236
f 1482/1261 1485/824 1469/1271 1466/1270
f 2066/2790 2286/3307 2288/3308 2068/3309
f 766/380 768/1794 958/3310 956/381
f 21/1585 113/3311 121/3312 45/1586
f 1409/3313 1431/3314 1477/728 1473/2097
f 1817/841 1819/713 1507/715 1505/1407
f 131/3315 169/3316 171/3317 133/3318
f 851/3319 857/649 815/2752 809/3320
f 1505/1407 1507/715 1251/2801 1249/2649
f 3099/3321 3095/3322 3119/1047 3123/838
f 1835/2950 1839/3323 1526/3324 1522/2951
f 1706/2846 1708/3325 1647/2167 1643/2299
f 2161/1551 2163/2356 2353/2358 2351/1552
f 2632/3326 2648/3327 616/3328 600/3329
f 1226/3330 1084/3331 2144/3332 2002/3333
f 750/3135 752/1637 942/1639 940/3136
f 1263/66 1269/1426 1524/1372 1516/67
f 2352/2818 2354/1474 2164/1477 2162/3334
f 446/3335 450/3336 255/3337 249/3338
f 1692/1347 1699/2690 1694/2689 1688/1348
f 1877/1254 1879/3339 1578/642 1574/2719
f 1858/1196 1864/3340 1563/3341 1557/3342
f 2065/3343 2067/3344 2073/3345 2063/3346
f 2010/3347 2044/3348 1496/3279 1492/3278
f 1757/3349 1719/3350 1605/3351 1600/1011
f 1318/833 1316/832 992/1088 994/3352
f 2325/3353 2327/3354 2591/3355 2589/3356
f 896/3091 1356/3357 1362/604 900/528
f 1904/2921 1912/1085 1914/3291 1908/3358
f 5/1439 33/3359 35/3360 9/2311
f 2922/3361 2716/3362 2939/3363 2955/3364
f 1981/3365 1666/868 1664/867 1801/3366
f 721/513 723/305 402/308 400/1574
f 1739/3367 1717/3368 1741/2639 1751/3369
f 2449/3370 2768/3371 2770/1526 2451/1525
f 2747/946 2428/945 2430/3372 2749/3373
f 524/3374 526/3375 331/3376 329/3377
f 890/455 560/641 2592/2260 2240/2259
f 2106/3378 2644/3379 2646/3380 2108/3381
f 2945/1454 2967/1453 2941/3015 2931/3382
f 478/3383 482/3384 287/3385 283/3386
f 520/3387 523/3179 328/3178 325/3388
f 2785/3389 2466/3390 2467/2219 2786/2218
f 534/3391 538/3392 343/3393 339/3394
f 222/1497 226/2508 1095/551 1091/1498
f 691/3395 693/3396 374/3397 372/3398
f 924/3399 926/2075 1281/1061 1275/1060
f 918/3400 920/3401 1263/66 1256/65
f 1816/1057 1818/1206 2197/3402 2195/1058
f 1003/3403 1013/3404 1007/310 1005/309
f 907/907 909/511 719/514 717/908
f 2550/3405 2869/3406 2873/3407 2554/3408
f 962/3409 964/3410 1272/10 1270/9
f 1523/3411 1537/3096 1274/3098 1268/3412
f 1163/3413 1939/3414 1785/2693 1355/2692
f 1872/3415 1876/3164 2181/3264 2179/3416
f 2494/3417 2811/3418 2817/1751 2498/1750
f 1277/1558 1279/3419 969/3420 967/1559
f 2060/3421 2064/2787 2066/2790 2068/3309
f 2371/3422 2373/3060 2739/352 2737/351
f 3126/2408 3128/2370 3127/3233 3125/2409
f 724/1320 722/3423 401/1285 403/1284
f 1429/3424 1455/3020 1462/3023 1463/3425
f 426/1927 428/1682 790/1684 788/3426
f 563/3427 841/3428 883/3429 1011/3430
f 2/3431 4/3432 26/703 24/435
f 1480/901 1484/900 1468/3433 1464/3434
f 3074/3435 3072/3436 3078/2030 3077/2029
f 1248/3437 1246/2805 908/2808 910/3438
f 48/436 50/704 112/1245 110/3439
f 1356/3440 1166/3441 1180/3442 1362/3443
f 1995/3444 1219/3445 1079/3446 2139/3447
f 879/3448 881/3449 1009/311 1007/310
f 2198/3450 2196/3451 2388/3452 2390/3125
f 314/3453 318/3454 513/3455 509/3456
f 2744/3457 2742/3458 2423/3459 2425/3460
f 1295/1877 1299/1868 981/3461 979/2507
f 1354/3462 1164/3463 1940/3464 1784/3465
f 440/1851 438/2628 755/2913 757/3034
f 2234/3061 2235/3466 1955/3467 1954/3062
f 3004/956 2994/3468 2996/3469 3006/957
f 2884/3470 2565/3471 2569/3472 2888/3473
f 3020/3474 2982/3475 2984/262 3022/261
f 1249/2649 1251/2801 913/3476 911/2650
f 1956/3477 1792/3478 1362/3479 1180/3480
f 1225/3481 1229/3482 1379/1230 1377/1229
f 2062/3483 1924/3484 1934/3485 2072/3486
f 1787/3487 1793/3488 2251/2980 2247/2979
f 224/1385 188/195 196/3489 228/2263
f 747/1505 749/1504 432/2974 430/1683
f 1848/1925 1852/1197 1551/3490 1547/3097
f 2411/2657 2413/1156 2732/1157 2730/1100
f 2688/3491 2000/2329 1224/2328 656/3043
f 3023/3492 3091/2568 3027/2966 2967/3493
f 2054/349 2923/2784 2717/3494 2008/3495
f 152/3496 142/638 144/637 154/3497
f 1665/3498 1669/3499 1804/3500 1990/3501
f 435/1432 437/285 754/288 752/1637
f 2642/3502 2638/3503 2664/3504 2670/3505
f 1809/3506 1379/3507 1229/3508 2005/3509
f 923/3510 925/3511 735/655 733/654
f 2525/3512 2844/3513 2847/3514 2528/3515
f 2484/3516 2803/3517 2808/3518 2488/3519
f 1075/4 1081/3 659/3520 653/3521
f 1428/3522 1426/3523 1458/3524 1460/3525
f 2251/2980 901/2325 603/2324 2635/2981
f 1040/3526 604/3527 614/3528 1048/3529
f 1860/1839 1862/2538 2173/3530 2171/2866
f 403/1284 405/429 726/432 724/1320
f 1186/3531 1660/3532 1656/3533 1365/3534
f 2404/2233 2406/2165 2214/3535 2212/3536
f 2168/2849 2170/2172 1857/1980 1855/2850
f 357/3537 359/2127 678/2130 676/3538
f 1216/3539 1074/3540 1080/3541 1226/3542
f 2680/3543 2132/3544 2134/3545 2682/3546
f 849/3547 859/3548 1109/3549 1099/3550
f 2257/3551 2261/3552 2019/3553 2015/3554
f 2635/2981 603/2324 611/3555 2643/3556
f 251/3557 256/3284 451/3287 447/3558
f 806/3559 848/1976 858/1979 816/3560
f 2815/3561 2493/3562 2497/3563 2816/3564
f 2512/3565 2831/3566 2835/2565 2516/2564
f 2317/3567 2279/3568 2281/3569 2319/3570
f 2977/1064 3015/3571 3017/3572 2979/1065
f 813/3573 819/3574 861/1992 855/1991
f 480/3575 484/1631 289/1634 285/3576
f 2975/3577 3013/3578 3015/3571 2977/1064
f 2373/3060 2375/954 2741/2350 2739/352
f 1162/3579 1354/3462 1784/3465 1938/3580
f 2376/3581 2374/570 2740/3582 2742/3458
f 2957/3583 2914/1625 2918/1415 2959/1417
f 11/2392 9/2311 15/2314 13/2393
f 769/1287 771/2412 405/429 403/1284
f 187/1298 195/3584 119/3585 111/3586
f 1560/1982 1562/1876 1295/1877 1293/1869
f 2824/3587 2505/3588 2507/2670 2826/2669
f 2759/669 2440/668 2442/3589 2761/3590
f 1818/1206 1820/3591 2199/3592 2197/3402
f 1354/1725 1162/3593 1591/3594 1587/1726
f 2856/3595 2537/3596 2539/3597 2858/3598
f 2051/1442 1530/149 1534/152 2055/3599
f 351/963 353/3600 672/3601 670/964
f 2374/570 2372/569 2738/1689 2740/3582
f 1205/869 1215/2905 645/3602 627/3603
f 2888/3604 2569/3605 2571/3606 2890/3607
f 938/2581 940/3608 1321/820 1315/819
f 3073/3609 3105/3610 3107/1582 3076/1581
f 1204/3611 1370/3612 1800/3613 1980/3614
f 1149/2780 1159/3615 1013/3616 1003/3617
f 1073/3618 1081/3619 1085/3620 1079/3621
f 3056/3622 3018/3623 3020/2294 3058/2293
f 627/3624 645/3625 637/3626 631/3627
f 1632/847 1636/1719 1429/2817 1427/848
f 375/3628 377/3629 696/3630 694/3631
f 139/1405 149/1404 151/186 141/185
f 831/3632 835/3633 877/3634 873/3635
f 3050/2644 3012/2643 3014/3636 3052/3637
f 2196/3451 2194/3638 2386/2175 2388/3452
f 1878/3163 1880/3639 2185/3640 2183/3263
f 1297/911 1301/3641 1570/102 1564/101
f 546/3090 548/3642 558/402 560/3643
f 269/2460 270/3644 465/3645 461/2457
f 2361/2419 2363/2354 2729/2355 2727/2164
f 2703/3646 2701/2178 2339/302 2341/301
f 288/1075 292/3647 487/3648 483/1076
f 546/640 886/454 2236/1216 2578/2258
f 1365/3649 1656/3650 1658/3651 1182/3652
f 1251/2801 1253/440 915/3653 913/3476
f 2740/3582 2738/1689 2419/1169 2421/1168
f 1284/46 1290/3654 929/3655 927/47
f 1151/3656 1161/3657 1353/3658 1347/3659
f 1595/3660 1601/3661 1358/1628 1172/1627
f 1611/719 1617/718 1689/2890 1747/3662
f 1405/3663 1435/3664 1594/3665 1590/3666
f 290/3667 294/3668 489/3669 485/3670
f 19/3671 43/3672 44/3673 20/3674
f 1635/226 1631/225 1449/3675 1455/2816
f 1417/3676 1419/1692 1439/1695 1437/3677
f 851/3678 809/3679 813/3680 855/3681
f 2924/3682 2055/3599 2009/3683 2718/3684
f 1781/1071 1351/2665 1157/1954 1933/1072
f 52/3685 82/3686 28/3687 2/3431
f 1015/3688 2075/3689 2081/3690 1021/3691
f 2604/3692 2598/1808 2618/3693 2612/3694
f 2190/2706 2188/3695 2378/3696 2380/2707
f 1248/3437 1250/3697 1506/1205 1504/1204
f 2154/2575 2156/3698 1835/2950 1833/2576
f 2682/3699 2134/3700 2140/3701 2690/3702
f 1557/3342 1563/3341 1296/2613 1290/3654
f 823/3703 827/3704 869/3705 865/3706
f 887/3707 2237/3708 1923/3709 1147/3710
f 2020/3711 2262/3035 2268/3038 2026/3712
f 1695/3713 1697/1516 1705/1517 1700/3714
f 754/288 756/287 946/3715 944/1638
f 2160/3150 2162/3716 1845/1548 1841/1547
f 2735/2748 2737/351 2418/354 2416/2749
f 2685/3717 2691/3718 2141/851 2135/850
f 2172/2173 2174/3170 1863/2861 1861/1981
f 119/579 183/3719 159/3720 77/580
f 1970/3721 2252/3722 2254/2162 1988/2161
f 1500/3080 1501/3723 1245/2559 1244/2806
f 1446/1362 1448/3724 1456/3725 1451/1363
f 2648/3276 2649/630 2974/487 2973/469
f 1148/3726 1002/3727 1012/3728 1158/3729
f 4/3432 30/1137 46/174 22/173
f 1038/3730 1188/3731 1192/3732 1044/3733
f 1881/1937 1879/3339 2184/3734 2186/1938
f 1827/3735 1829/2577 1518/3052 1514/3186
f 1795/3736 1656/3737 1660/3738 1962/3739
f 1521/14 1525/872 1838/3740 1834/15
f 2919/534 2960/3741 2956/3742 2923/2784
f 439/286 441/3108 758/2588 756/287
f 1570/102 1576/1780 1875/1781 1869/103
f 1310/2262 1312/1086 1579/3743 1577/3162
f 2393/82 2395/2191 2710/1089 2708/83
f 2194/3744 2196/839 1817/841 1815/1406
f 2850/3745 2531/3746 2535/3747 2854/3748
f 2653/3749 2665/3750 2667/3751 2647/3752
f 1058/3753 630/3754 640/3755 1067/3756
f 1307/2582 1315/819 1586/822 1576/1780
f 431/2651 433/3235 750/3135 748/3114
f 2838/3757 2519/3758 2522/3759 2841/3760
f 1288/2663 1292/684 1559/1838 1555/420
f 2048/1668 2052/784 1531/787 1527/1067
f 105/2394 13/2393 17/3761 107/3762
f 1299/1868 1303/708 983/3763 981/3461
f 2084/3764 1944/3765 1948/3766 2088/3767
f 1766/2090 1904/3768 1908/3769 1770/2091
f 996/3770 1148/3726 1924/3484 2056/3771
f 308/3772 311/3773 506/3774 503/3775
f 2169/110 2171/2417 2361/2419 2359/111
f 1346/3776 1148/3726 1158/3729 1352/3777
f 3065/2862 3121/837 3115/836 3061/3778
f 1659/3779 1661/3780 1368/3781 1200/3782
f 2405/2595 2407/2594 2726/3783 2724/3784
f 1845/1548 1847/93 1546/96 1544/1549
f 1801/3785 1664/3786 1668/3787 1983/3788
f 1978/3789 2123/3790 2121/3791 1979/3792
f 2583/3793 2062/3794 2064/3795 2586/3796
f 2338/981 2340/980 2150/3797 2148/3798
f 2207/3799 2209/3800 2401/1930 2399/663
f 1471/130 1474/129 1410/1770 1395/1337
f 2156/3698 2158/3801 1839/3323 1835/2950
f 2848/3802 2529/3803 2533/2934 2852/2933
f 377/3804 378/2069 697/2068 696/3805
f 619/3806 2651/3807 2659/3808 627/3809
f 3064/2774 3008/2063 2962/3810 2972/2775
f 2477/3811 2799/3812 2798/3813 2480/3814
f 2271/3815 2275/3816 2033/3817 2029/3818
f 2272/3819 2310/3820 2314/3821 2276/3822
f 1158/3823 1014/3824 2074/3825 1934/3826
f 1901/796 1900/3827 1487/1300 1671/1055
f 53/3828 55/3829 56/3830 54/3831
f 2420/353 2422/605 2230/608 2228/920
f 908/3832 906/906 716/909 718/3833
f 25/183 31/3834 21/1585 3/184
f 718/3833 716/909 395/2086 397/1107
f 72/3835 70/3836 74/460 76/459
f 2514/1081 2833/1080 2837/3837 2518/3838
f 45/1586 121/3312 177/3839 99/3172
f 930/3840 932/3841 1297/911 1291/910
f 2810/3842 2489/3843 2491/3844 2809/3845
f 1862/2538 1866/3846 2175/3847 2173/3530
f 2067/3344 2069/3848 2289/3849 2287/3850
f 1200/3851 1054/3852 1052/3853 1199/3854
f 80/434 52/3685 2/3431 24/435
f 1128/3281 1086/3280 217/1296 241/2401
f 2016/3855 2258/3856 2262/3857 2020/3858
f 1625/3859 1631/225 1697/228 1695/3860
f 1855/2850 1857/1980 1556/1487 1554/1486
f 561/2137 567/3861 571/3862 563/3863
f 1760/989 1764/3864 1906/210 1768/209
f 2950/2944 2924/3865 2718/3067 2934/2945
f 419/738 421/1602 738/3866 736/739
f 2708/83 2710/1089 2348/1091 2346/2922
f 2880/3867 2561/3868 2565/3471 2884/3470
f 2292/3869 2604/3870 2610/3871 2082/3872
f 1919/2540 1491/3873 1495/3874 2013/2541
f 1444/3875 1451/3876 1641/1763 1629/1762
f 108/3877 18/3878 14/36 106/35
f 2595/3879 2603/3880 2599/236 2593/3881
f 1415/3882 1393/1008 1600/1011 1605/3351
f 879/3883 883/3884 841/3885 837/3886
f 1422/754 1424/3887 1623/3294 1615/755
f 1749/1875 1740/1874 1742/2630 1753/3888
f 1164/3889 1019/3890 1024/1033 1168/1032
f 367/3891 369/3892 688/3893 686/3894
f 2427/1041 2425/3460 2233/3895 2235/3201
f 33/3359 5/1439 6/1305 34/1308
f 781/1094 783/1601 421/1602 419/738
f 1637/2847 1643/2299 1458/2300 1450/3896
f 2930/3897 2947/3016 2970/3017 2943/3898
f 1408/3899 1430/3900 1380/537 1332/536
f 1094/1068 1132/3901 412/3902 225/3903
f 1903/3904 1604/1010 1611/3905 1891/3906
f 1965/3907 1969/3908 2105/3909 2099/3910
f 2601/764 569/763 577/2323 2609/2982
f 1689/3253 1695/3713 1700/3714 1693/3254
f 2741/2350 2743/424 2424/606 2422/605
f 2407/2594 2409/2769 2728/1099 2726/3783
f 2003/3166 1227/3165 1379/3911 1809/3912
f 1966/3913 1796/3914 1802/3915 1986/3916
f 1308/1315 1310/2262 1577/3162 1573/1316
f 714/3917 345/3918 1129/2230 1141/2229
f 2622/3919 2632/3326 600/3329 590/3920
f 38/3921 10/1307 16/1414 40/3922
f 189/3923 201/3924 413/3925 226/3926
f 955/3927 953/3928 1242/3188 1259/3187
f 849/919 853/918 811/3929 807/3930
f 1101/3931 1107/646 857/649 851/3319
f 1244/2806 1245/2559 907/2562 906/2807
f 2293/1821 2083/1820 2611/3932 2605/3933
f 2333/3934 2335/3935 2089/3936 2085/3937
f 1190/3008 1366/3938 1796/3939 1966/3009
f 2433/3940 2752/3941 2754/3942 2435/3943
f 3121/837 3097/620 3099/3321 3123/838
f 949/3944 947/3945 1328/2919 1178/3946
f 3128/2370 3126/2408 3130/1126 3132/967
f 2085/1697 2089/3947 1951/3948 1945/1698
f 2753/3949 2434/3950 2435/3943 2754/3942
f 910/3951 908/3832 718/3833 720/3952
f 805/1312 804/1849 442/1852 443/3107
f 430/1683 432/2974 794/1645 792/1644
f 2606/3953 2078/3954 2082/3955 2610/3956
f 1850/2224 1854/422 2167/3957 2165/2225
f 2862/3958 2543/3959 2547/3960 2866/3961
f 1439/1365 1443/3962 1622/1722 1612/1366
f 1472/3963 1470/3964 1734/202 1712/201
f 1265/3053 1267/3965 961/3966 959/3119
f 1717/3368 1738/3967 1750/2640 1741/2639
f 1794/3968 1961/3969 1659/3970 1655/3971
f 2828/3972 2509/3973 2513/3974 2832/3975
f 460/2153 462/3976 265/3977 266/2150
f 1874/444 1882/443 1585/2252 1575/2251
f 2002/3333 1808/3978 1378/3979 1226/3330
f 304/3272 308/3980 503/3981 499/3273
f 2400/1894 2402/2234 2210/3982 2208/3983
f 996/3984 2056/3985 2057/3986 997/3987
f 2706/84 2708/83 2346/2922 2344/931
f 1854/422 1856/421 2169/2867 2167/3957
f 2261/3988 2267/3989 2025/3990 2019/3991
f 2730/1100 2732/1157 2366/407 2364/809
f 3084/3992 3086/3993 3090/2440 3088/2439
f 2119/3994 2125/3995 2669/3996 2663/3997
f 1921/539 1929/1073 2069/1249 2061/3998
f 3085/144 3083/143 3087/2442 3089/2441
f 1086/3280 1496/3279 1527/1067 1090/1069
f 28/3687 30/1137 4/3432 2/3431
f 1903/3904 1757/3349 1600/1011 1604/1010
f 2286/3999 2324/4000 2326/4001 2288/4002
f 2294/4003 2256/57 2260/60 2298/4004
f 1640/2280 1646/1178 1707/1177 1701/4005
f 1994/4006 2138/4007 1078/4008 1218/4009
f 2923/4010 2956/4011 2940/4012 2717/4013
f 101/4014 7/1440 11/2392 103/2391
f 657/127 663/4015 1229/4016 1225/1382
f 190/4017 227/4018 414/4019 202/4020
f 421/1602 423/1473 740/2403 738/3866
f 1580/643 1582/2088 1317/481 1313/644
f 1769/734 1751/4021 1755/4022 1773/1356
f 1019/4023 842/4024 844/4025 1024/4026
f 2974/487 3012/3244 3011/470 2973/469
f 2584/4027 2587/4028 2065/4029 2063/4030
f 1498/1761 1529/347 1092/3158 1088/1142
f 1728/590 1730/4031 1706/4032 1698/591
f 2509/3973 2828/3972 2831/4033 2512/4034
f 2191/4035 2193/4036 2385/4037 2383/4038
f 1057/4039 1071/4040 647/4041 629/4042
f 424/369 426/1927 788/3426 786/2988
f 862/4043 1112/4044 1114/4045 864/4046
f 1106/2942 856/2941 860/4047 1110/4048
f 625/4049 629/4050 647/4051 635/360
f 1147/3710 1155/4052 891/3156 887/3707
f 1682/248 1684/4053 1596/881 1593/245
f 1693/4054 1700/4055 1642/3218 1630/3217
f 163/4056 2975/3577 2977/1064 165/2099
f 1346/4057 1150/2305 1926/2304 1776/4058
f 2701/2178 2699/2177 2337/321 2339/302
f 2643/4059 2675/4060 2665/3750 2639/2715
f 1510/4061 1512/4062 1824/4063 1822/4064
f 402/308 404/307 770/4065 768/1794
f 2303/2360 2307/4066 2269/4067 2265/2361
f 2280/4068 2318/4069 2322/4070 2284/4071
f 1150/4072 1346/4073 1352/4074 1160/4075
f 2544/4076 2863/4077 2867/4078 2548/4079
f 2566/4080 2885/4081 2889/3033 2570/3032
f 567/326 2599/680 2245/2285 895/323
f 986/4082 988/2261 1310/2262 1308/1315
f 125/4083 163/4056 165/2099 127/4084
f 1531/787 1539/786 1132/3901 1094/1068
f 2846/4085 2527/4086 2531/3746 2850/3745
f 1394/2530 1409/2529 1473/4087 1470/3964
f 2368/408 2370/2887 2180/2888 2178/409
f 136/1940 156/1635 82/1636 52/1941
f 913/2563 915/4088 725/306 723/305
f 953/3928 951/4089 1243/1299 1242/3188
f 1000/4090 548/4091 551/4092 1002/4093
f 2059/4094 2058/4095 2061/4096 2063/4097
f 1223/4098 1083/4099 1227/4100 1217/976
f 1021/4101 2081/4102 1943/522 1167/521
f 2402/2234 2404/2233 2212/3536 2210/3982
f 496/4103 500/4104 305/4105 301/4106
f 2518/4107 2837/4108 2841/3760 2522/3759
f 2357/112 2359/111 2725/2163 2723/1608
f 272/1672 276/4109 471/4110 467/1673
f 2775/4111 2456/4112 2458/4113 2777/4114
f 3129/3288 3131/724 3133/727 3135/700
f 123/4115 83/4116 84/4117 124/4118
f 2463/4119 2782/4120 2784/4121 2465/4122
f 96/1677 98/1138 30/1137 28/3687
f 3002/955 2992/2990 2994/3468 3004/956
f 1797/3262 1803/3261 1989/4123 1971/4124
f 1543/1817 1545/1816 1846/1051 1844/1050
f 1632/847 1626/846 1729/4125 1731/1720
f 1267/4126 1271/4127 963/4128 961/4129
f 516/1199 520/4130 325/4131 321/1200
f 897/2326 901/2325 1363/4132 1357/4133
f 1383/2470 1335/4134 1233/1281 1339/1280
f 1413/2570 1399/4135 1387/4136 1401/2571
f 1494/1760 2012/2734 2046/535 1498/1761
f 2739/352 2741/2350 2422/605 2420/353
f 2139/4137 2145/4138 2141/4139 2133/4140
f 210/2743 194/4141 174/4142 200/2744
f 794/1645 796/2555 986/2558 984/1646
f 1567/4143 1575/2251 1306/2141 1300/2140
f 3094/1774 3030/1773 3008/2063 3064/2774
f 1238/776 1603/779 1610/2626 1322/4144
f 486/4145 490/2415 295/2414 291/4146
f 2661/2316 2657/2315 2667/3751 2679/4147
f 1891/2622 1893/1146 2229/2500 2227/2623
f 2548/4079 2867/4078 2871/4148 2552/4149
f 1499/1702 1530/149 2051/1442 2047/1441
f 1714/132 1735/131 1811/4150 1764/4151
f 952/4152 954/4153 1258/745 1257/1054
f 373/4154 375/3628 694/3631 692/4155
f 2777/4156 2458/4157 2459/3251 2778/3250
f 443/3107 442/1852 759/1185 760/1184
f 1882/443 1888/1491 1589/4158 1585/2252
f 209/1912 197/1911 173/2255 191/2254
f 1840/1174 1844/1050 2161/1053 2159/4159
f 1867/1622 1871/1621 1569/705 1566/1867
f 2309/4160 2313/4161 2275/3816 2271/3815
f 2150/4162 2152/2574 1829/2577 1827/3735
f 2000/2329 2688/3491 2694/4163 2004/4164
f 1613/756 1615/755 1726/3296 1722/4165
f 250/4166 251/4167 447/4168 444/4169
f 2416/2749 2418/354 2226/921 2224/4170
f 964/3410 966/2244 1276/1814 1272/10
f 2287/4171 2289/4172 2327/4173 2325/4174
f 895/4175 2245/4176 1939/3414 1163/3413
f 2789/4177 2470/4178 2472/1845 2791/1844
f 1246/2805 1248/3437 1504/1204 1502/3081
f 2401/1930 2403/4179 2722/4180 2720/1931
f 1454/4181 1428/3522 1460/3525 1461/4182
f 2670/4183 2688/3491 656/3043 638/4184
f 2634/526 2642/4185 610/4186 602/527
f 731/1437 733/654 416/657 410/1438
f 2582/1376 2238/1375 888/612 550/2916
f 1240/2899 1332/4187 1230/3103 1136/2900
f 623/4188 625/4189 1055/192 1053/191
f 31/3834 117/4190 113/3311 21/1585
f 100/4191 190/4017 202/4020 178/4192
f 502/4193 506/3774 311/3773 307/4194
f 161/1928 123/4195 124/1669 162/488
f 2508/2221 2827/2220 2829/4196 2510/4197
f 2380/2707 2378/3696 2744/3457 2746/1040
f 1789/4198 1791/4199 1953/4200 1951/4201
f 798/2556 796/2555 434/623 436/622
f 788/3426 790/1684 980/2497 978/4202
f 1778/1515 1928/1514 1932/2179 1780/1096
f 369/4203 370/4204 689/4205 688/4206
f 1184/4207 1042/3007 2102/3010 1960/4208
f 2742/3458 2740/3582 2421/1168 2423/3459
f 1868/2767 1874/444 1575/2251 1567/4143
f 2836/4209 2517/4210 2521/4211 2840/4212
f 566/4213 572/4214 580/937 586/339
f 1459/2279 1463/4215 1650/1179 1646/1178
f 1117/4216 1119/4217 869/4218 867/214
f 548/4219 1000/4220 1004/4221 554/4222
f 3045/961 3033/2607 3095/3322 3099/3321
f 1400/250 1385/4223 1389/4224 1402/251
f 2627/1903 2651/4225 1973/1566 1958/4226
f 2541/4227 2860/4228 2863/4229 2544/4230
f 1252/2038 1254/2037 1510/4061 1508/4231
f 3053/64 3075/63 3081/2241 3055/2240
f 921/4232 923/3510 733/654 731/1437
f 1129/4233 1087/1495 1497/2494 1493/2831
f 1924/3484 1776/4234 1782/4235 1934/3485
f 2367/1371 2369/1370 2735/2748 2733/2033
f 123/4195 161/1928 163/4236 125/4237
f 2843/364 2524/363 2527/4238 2846/4239
f 2146/4240 2148/4241 1825/4242 1900/3827
f 2257/4243 2267/4244 2305/4245 2295/4246
f 1463/4215 1462/3111 1649/3110 1650/1179
f 2705/3126 2703/3646 2341/301 2343/1961
f 429/935 431/2651 748/3114 746/3113
f 509/3456 512/4247 317/4248 314/3453
f 1472/2761 1476/1986 1430/3900 1408/3899
f 2493/3562 2815/3561 2814/4249 2496/4250
f 560/3643 562/2823 570/2826 566/4213
f 211/4251 198/1714 345/3918 714/3917
f 1666/4252 1991/4253 1805/4254 1670/4255
f 2864/4256 2545/4257 2549/1747 2868/1746
f 1804/4258 1994/4259 1218/4260 1374/4261
f 488/4262 491/4263 296/4264 293/4265
f 912/4266 914/2035 1252/2038 1250/3697
f 2589/3356 2597/1865 2329/4267 2325/3353
f 1154/4268 890/4269 2240/4270 1930/4271
f 1662/4272 1799/4273 1977/4274 1660/4275
f 179/4276 95/4277 97/3173 181/4278
f 147/1403 137/1402 138/636 148/4279
f 2359/111 2361/2419 2727/2164 2725/2163
f 1283/4280 1287/1489 973/4281 971/4282
f 1231/2901 1136/2900 1138/3105 1235/4283
f 1550/95 1554/1486 1287/1489 1283/4280
f 722/3423 720/3952 399/1106 401/1285
f 2194/3638 2192/4284 2384/2176 2386/2175
f 1528/2495 1532/554 2053/21 2049/2496
f 769/1287 767/1286 957/2661 959/2859
f 588/4285 1032/4286 1036/4287 596/4288
f 1210/2631 1062/4289 1070/4290 1220/2632
f 2488/4291 2808/4292 2809/3845 2491/3844
f 1620/2365 1638/2101 1324/517 1420/4293
f 2658/4294 1980/391 1990/89 2676/4295
f 774/549 776/1848 966/4296 964/4297
f 2891/1626 2914/1625 2957/3583 2942/4298
f 2584/1866 2597/1865 2589/3356 2587/4299
f 427/936 429/935 746/3113 744/2891
f 2181/4300 2183/3059 2373/3060 2371/3422
f 1947/4301 1950/4302 1791/4199 1789/4198
f 1125/4303 1127/4304 877/4305 875/4306
f 640/4307 654/3076 660/4308 658/4309
f 2378/3696 2376/3581 2742/3458 2744/3457
f 850/2940 808/4310 814/4311 856/2941
f 1713/2098 1679/731 1759/1399 1763/1398
f 1416/4312 1418/753 1613/756 1607/4313
f 2031/4314 2035/4315 2277/4316 2273/4317
f 801/1999 803/1313 441/3108 439/286
f 208/1908 168/1907 2980/282 2938/2573
f 1113/4318 1117/4216 867/214 863/213
f 2941/4319 2951/4320 2913/4321 2911/4322
f 2385/4037 2387/1391 2702/979 2700/978
f 944/4323 946/4324 1327/4325 1325/4326
f 1381/4327 1333/4328 1231/4329 1337/50
f 1000/4330 1144/2475 1152/2874 1008/4331
f 1421/4332 1445/2024 1441/2027 1407/4333
f 765/1109 763/1108 953/4334 955/2660
f 2134/3700 1992/4335 2002/4336 2140/3701
f 554/4337 551/3215 564/3204 556/399
f 2600/1377 2608/1319 576/3092 568/4338
f 2233/4339 2231/2499 1895/2498 1897/4340
f 1952/2810 2092/4341 2098/4342 1961/4343
f 1718/1570 1756/1211 1599/778 1602/1571
f 870/2044 828/4344 832/4345 874/2045
f 329/3377 332/4346 527/4347 524/3374
f 1469/1271 1467/1782 1399/4348 1413/1272
f 2722/4180 2724/3784 2358/2057 2356/1475
f 132/494 92/493 94/2081 134/2080
f 1619/2016 1637/3079 1450/4349 1442/3070
f 148/4279 138/636 140/639 150/4350
f 526/4351 530/4352 335/4353 331/4354
f 1286/1445 1288/2663 1555/420 1553/419
f 1420/4355 1444/3875 1629/1762 1620/4356
f 2949/2456 2933/2455 2715/1288 2921/4357
f 493/4358 496/4359 301/4360 298/4361
f 1736/4362 1758/2066 1766/2090 1748/2089
f 107/3762 17/3761 18/3878 108/3877
f 618/2115 624/4363 628/4364 626/2757
f 1146/4365 1344/4366 1774/4367 1922/4368
f 699/4369 701/2432 382/2435 380/4370
f 61/2731 87/2730 89/927 67/926
f 2804/3134 2485/3133 2489/4371 2810/4372
f 139/1405 141/185 143/188 137/1402
f 2237/3708 2241/3157 1931/4373 1923/3709
f 933/4374 935/4375 745/3277 743/1926
f 2476/4376 2796/4377 2795/4378 2478/4379
f 1327/4325 1329/1220 1654/4380 1652/4381
f 687/4382 689/4205 370/4204 368/4383
f 1495/1701 1131/2491 1089/2493 1499/1702
f 2061/4384 2069/3848 2067/3344 2065/3343
f 2955/3364 2939/3363 2963/4385 3033/4386
f 932/3841 934/4387 1301/3641 1297/911
f 2702/979 2704/1393 2342/930 2340/980
f 51/2228 1/181 27/2174 81/4388
f 576/3092 896/3091 900/528 602/527
f 2830/4389 2511/4390 2515/633 2834/632
f 500/4104 504/4391 309/4392 305/4105
f 1793/3488 1363/4132 901/2325 2251/2980
f 1996/4393 1806/4394 1808/4395 2002/4396
f 756/287 758/2588 948/2589 946/3715
f 1116/2427 866/2426 868/2512 1118/4397
f 1638/2101 1651/2100 1326/518 1324/517
f 298/4361 302/4398 497/4399 493/4358
f 1144/2475 1344/2474 1348/2875 1152/2874
f 2931/3382 2941/3015 2911/4400 2572/4401
f 199/4402 346/1140 219/1143 180/2802
f 940/4403 942/4404 1323/4405 1321/4406
f 2390/3125 2392/1591 2200/2193 2198/3450
f 1042/4407 606/4408 608/4409 1044/4410
f 1669/3499 1667/4411 1994/4412 1804/3500
f 2914/1625 2045/1624 2049/2496 2918/1415
f 2081/4413 2095/4414 1959/1612 1943/4415
f 77/580 159/3720 117/4190 31/3834
f 3116/3161 3118/3077 3124/1946 3122/1789
f 3104/4416 3070/4417 3074/4418 3106/4419
f 2389/1392 2391/81 2706/84 2704/1393
f 1940/4420 2292/3869 2082/3872 1944/4421
f 1436/42 1438/4422 1418/4423 1416/43
f 2951/4424 3027/2966 3029/2967 2953/4425
f 600/4426 616/4427 617/4428 601/4429
f 2281/3228 2285/3227 2323/4430 2319/4431
f 2279/4432 2283/4433 2041/4434 2037/4435
f 553/1508 569/763 893/475 889/1124
f 1591/4436 1601/4437 1788/4438 1946/2722
f 807/4439 817/4440 859/3548 849/3547
f 2731/2034 2733/2033 2414/2750 2412/2584
f 560/641 566/4441 2598/4442 2592/2260
f 1733/1267 1731/4443 1707/4444 1711/1268
f 1913/1933 1907/4445 1911/4446 1915/1934
f 1918/2333 2382/4447 2892/4448 2012/2334
f 992/2962 990/4449 800/2627 802/1850
f 1268/3412 1274/3098 923/4450 921/4451
f 54/3831 56/3830 60/903 58/902
f 1370/3612 1206/4452 1982/4453 1800/3613
f 2866/3961 2547/3960 2551/4454 2870/4455
f 2558/4456 2877/4457 2881/4458 2562/4459
f 444/4169 446/4460 249/4461 250/4166
f 416/657 418/656 780/1466 778/1754
f 1652/4381 1654/4380 1897/4340 1895/2498
f 1984/4462 2116/4463 2126/4464 1992/4465
f 1621/4466 1630/3217 1445/3220 1421/4467
f 2383/4038 2385/4037 2700/978 2698/2411
f 1986/4468 1802/4469 1372/4470 1210/4471
f 1302/1335 1304/1334 1571/2699 1568/2698
f 16/1414 14/36 18/3878 20/3674
f 2520/4472 2839/4473 2842/1210 2523/1209
f 1387/2471 1339/1280 1343/1283 1391/4474
f 2582/4475 2583/2281 2596/2284 2600/4476
f 1162/4477 894/4478 898/4479 1170/4480
f 2455/4481 2774/4482 2776/4483 2457/4484
f 276/4485 279/4486 474/4487 471/4488
f 1491/3873 1143/4489 1131/4490 1495/3874
f 574/2825 576/4491 602/4492 592/939
f 92/4493 72/4494 76/1430 94/1429
f 1830/2858 1836/2857 1523/3411 1515/1951
f 922/4495 924/3399 1275/1060 1269/1426
f 667/4496 669/29 350/32 348/4497
f 55/3829 53/3828 57/4498 59/4499
f 482/3384 486/4500 291/4501 287/3385
f 738/3866 740/2403 930/2406 928/4502
f 3134/968 3136/1129 3140/2997 3138/1022
f 39/1361 65/1360 69/4503 41/4504
f 1206/4505 1370/4506 1663/4507 1667/4508
f 26/703 4/3432 22/173 32/2194
f 2164/4509 2166/2848 1851/94 1847/93
f 2061/4510 2065/4511 2587/4512 2581/4513
f 101/2022 147/2351 148/1530 102/1529
f 894/4478 566/4441 586/2868 898/4479
f 294/4514 296/4264 491/4263 489/4515
f 492/2249 494/4516 299/4517 297/2246
f 2058/4518 998/4519 1145/540 1921/539
f 205/461 644/4520 651/892 213/462
f 2409/2769 2411/2657 2730/1100 2728/1099
f 1806/4394 2000/4521 2004/4522 1808/4395
f 84/2056 54/2055 58/4523 86/4524
f 2621/2717 2631/2716 2627/4525 2619/235
f 2092/4526 2096/4527 2102/4528 2098/4529
f 2079/4530 2330/4531 2334/4532 2088/4533
f 1935/4534 1159/4535 1353/4536 1783/4537
f 2395/2191 2397/662 2712/665 2710/1089
f 2058/4538 2059/4539 999/4540 998/4541
f 2412/2584 2414/2750 2222/4542 2220/2585
f 2340/980 2342/930 2152/933 2150/3797
f 1825/4242 1827/3735 1514/3186 1486/3185
f 2107/4543 2109/4544 2647/4545 2645/4546
f 2546/260 2865/259 2869/4547 2550/4548
f 2165/2357 2167/109 2357/112 2355/1607
f 2925/2236 2935/1063 2937/1066 2927/3130
f 671/4549 673/2993 354/2992 352/4550
f 1863/2861 1867/1622 1566/1867 1562/1876
f 639/4551 1066/4552 1070/4553 646/4554
f 2727/2164 2729/2355 2410/396 2408/395
f 3118/3077 3094/1774 3064/2774 3102/274
f 2970/4555 3048/1787 3098/985 3044/988
f 637/4556 641/4557 1068/4558 1065/4559
f 2099/4560 2105/4561 2641/4562 2631/4563
f 1239/1009 1323/4564 1611/3905 1604/1010
f 1815/1406 1813/4565 2192/4566 2194/3744
f 2336/485 2338/981 2148/3798 2146/486
f 2608/4567 2606/2877 2624/4568 2634/4569
f 2004/4164 2694/4163 662/3045 1228/3044
f 1281/1061 1285/2077 1552/496 1548/495
f 2987/4570 3061/4571 3023/1452 2965/1451
f 2609/4572 2635/4573 2625/2155 2607/4574
f 1319/482 1318/833 994/3352 995/483
f 1900/3827 1825/4242 1486/3185 1487/1300
f 3080/2032 3082/2031 3086/3993 3084/3992
f 2133/4575 2141/4576 2691/4577 2681/4578
f 2585/1509 553/1508 889/1124 2239/4579
f 1026/4580 1168/4581 1184/4582 1034/4583
f 1450/889 1458/3524 1426/3523 1424/890
f 2560/4584 2879/4585 2883/2169 2564/2168
f 2992/4586 3038/4587 3040/4588 2994/4589
f 472/4590 475/1172 280/1171 277/4591
f 2028/4592 2270/4593 2272/4594 2030/4595
f 2369/1370 2371/3422 2737/351 2735/2748
f 2206/2856 2208/4596 1842/4597 1836/2857
f 2239/4579 2243/476 2601/764 2585/1509
f 2070/952 2594/951 2328/4598 2290/4599
f 498/4600 502/4601 307/4602 303/4603
f 585/4604 589/4605 1033/4606 1031/4607
f 2298/4608 2260/2385 2266/2388 2304/4609
f 1347/2783 1353/4610 1159/3615 1149/2780
f 1253/4611 1255/543 917/546 915/4612
f 2532/220 2851/219 2855/4613 2536/4614
f 2313/4161 2315/4615 2277/4616 2275/3816
f 1358/1628 1170/4617 1173/4618 1360/1629
f 990/4449 988/2557 798/2556 800/2627
f 1628/2071 1634/627 1454/4619 1448/4620
f 2192/4284 2191/4035 2383/4038 2384/2176
f 1074/3540 650/4621 658/4622 1080/3541
f 1881/1937 1885/1936 1582/2088 1580/643
f 2384/2176 2383/4038 2698/2411 2699/2177
f 1089/2493 1093/150 1530/149 1499/1702
f 2773/4623 2454/4624 2456/4112 2775/4111
f 641/4625 659/2800 661/4626 655/4627
f 1415/390 1417/3676 1437/3677 1435/387
f 1853/497 1859/806 2215/4628 2213/4629
f 2208/4596 2210/1924 1848/1925 1842/4597
f 1873/1255 1877/1254 1574/2719 1572/2718
f 2991/2878 3001/2659 3003/2658 2993/3282
f 2270/4593 2308/4630 2310/4631 2272/4594
f 69/1659 71/1658 75/458 73/457
f 68/4632 66/4633 70/3836 72/3835
f 361/4634 362/774 681/773 680/4635
f 2447/3001 2766/3000 2768/4636 2449/4637
f 1734/202 1713/4638 1763/4639 1810/203
f 562/2520 1010/2519 882/4640 840/4641
f 3039/4642 2993/4643 2995/4644 3041/4645
f 450/3336 454/4646 259/4647 255/3337
f 1813/4565 1815/1406 1503/1408 1501/3723
f 2202/4648 2204/2855 1830/2858 1823/4649
f 1526/4650 1536/1550 1273/1557 1271/4127
f 1633/626 1627/1419 1426/4651 1428/4652
f 3057/4653 3085/4654 3089/2296 3059/2295
f 1927/4655 1937/473 2243/476 2239/4579
f 78/2120 32/2194 118/4656 160/2121
f 717/908 719/514 398/1573 396/3106
f 645/3625 652/2797 659/2800 649/4657
f 961/2860 963/383 773/386 771/2412
f 614/4658 620/4659 632/4660 634/4661
f 1533/350 2054/349 2008/3495 1541/4662
f 1203/4663 1061/4664 1063/4665 1202/4666
f 2480/4667 2798/4668 2803/3517 2484/3516
f 2536/4669 2855/4670 2858/3598 2539/3597
f 566/4441 894/4478 2244/2720 2598/4442
f 2242/1378 2600/1377 568/4338 892/615
f 1614/2341 1618/8 1423/4671 1419/3246
f 1582/2088 1584/74 1319/482 1317/481
f 951/4089 952/4152 1257/1054 1243/1299
f 1627/1419 1633/626 1732/629 1730/1420
f 320/404 324/4672 519/4673 515/405
f 2317/4674 2321/4675 2283/4433 2279/4432
f 1880/3639 1884/792 2187/794 2185/3640
f 1142/1329 1490/2332 1494/2335 1130/1330
f 1577/3162 1579/3743 1880/3639 1878/3163
f 1447/4676 1449/3675 1631/225 1625/3859
f 1708/3325 1709/4677 1648/1242 1647/2167
f 2129/4678 2131/4679 2679/4680 2674/4681
f 648/4682 1072/4683 1080/4684 658/4685
f 995/1311 994/2961 804/1849 805/1312
f 389/4686 391/4687 710/4688 708/4689
f 591/4690 601/317 2633/320 2623/4691
f 674/4692 675/4693 356/4694 355/4695
f 3034/4696 3096/1947 3010/4697 2964/4698
f 915/4088 917/4699 727/884 725/306
f 1392/777 1414/1918 1602/1571 1599/778
f 2398/1895 2400/1894 2208/3983 2206/2864
f 1720/4700 1722/685 1686/686 1684/4701
f 129/4702 167/3174 169/3176 131/4703
f 175/2257 192/2955 2946/3169 2997/2085
f 3112/4704 3084/4705 3088/2213 3114/2212
f 166/452 128/451 130/4706 168/1907
f 2709/279 2711/4707 2396/2863 2394/1590
f 1758/2066 1736/4362 1674/1984 1678/1983
f 2628/4708 2620/4709 2630/4710 2638/3503
f 1435/3664 1437/4711 1597/4712 1594/3665
f 2633/2001 2649/4713 2648/4714 2632/2002
f 873/3635 877/3634 1127/4715 1123/4716
f 171/3317 2983/263 2984/262 172/2188
f 1298/4717 1302/1335 1568/2698 1565/4718
f 2661/4719 2679/4720 2131/4721 2117/4722
f 2295/4723 2299/4724 2261/3552 2257/3551
f 3066/1788 3062/4725 3116/3161 3122/1789
f 1746/4726 1688/1110 1616/1113 1610/1518
f 1101/4727 851/3678 855/3681 1105/4728
f 2038/4729 2280/4068 2284/4071 2042/4730
f 221/1297 225/3903 195/3584 187/1298
f 1936/2996 2242/1378 892/615 1160/614
f 2562/4459 2881/4458 2885/4731 2566/4732
f 2349/516 2351/1552 2713/1892 2711/4707
f 2580/4733 2578/4734 2592/1807 2590/4735
f 1412/3243 1397/4736 1385/4223 1400/250
f 2500/4737 2819/4738 2823/4739 2504/4740
f 330/2345 334/4741 529/4742 525/2342
f 716/909 717/908 396/3106 395/2086
f 2921/1667 2715/4743 2006/785 2052/784
f 862/2425 820/4744 824/2510 866/2426
f 1432/1704 1466/2792 1398/4745 1382/1705
f 2958/1235 2960/3741 2919/534 2915/533
f 1262/544 1268/3412 921/4451 919/545
f 133/3318 171/3317 172/2188 134/2187
f 2178/409 2180/2888 1873/4746 1871/4747
f 1813/4565 1812/3082 2191/4748 2192/4566
f 736/739 738/3866 928/4502 926/4749
f 1823/4649 1830/2858 1515/1951 1511/1950
f 2289/4750 2071/4751 2595/4752 2327/4753
f 168/1907 130/4706 132/4754 170/2131
f 1871/1621 1873/4755 1572/706 1569/705
f 1290/3654 1296/2613 931/2614 929/3655
f 548/3642 554/4337 556/399 558/402
f 3029/2967 3007/3102 2949/4756 2953/4425
f 1928/1514 2068/1528 2288/4757 1932/2179
f 1433/1995 1411/2533 1335/4134 1383/2470
f 950/1218 949/3944 1178/3946 1179/1219
f 2414/2750 2416/2749 2224/4170 2222/4542
f 1207/4758 1668/4759 1664/4760 1371/4761
f 856/2941 814/4311 818/4762 860/4047
f 878/3138 1006/995 1008/4763 880/4764
f 839/4765 563/3427 1011/3430 881/4766
f 677/1791 679/4767 360/4768 358/1792
f 2147/795 2146/4240 1900/3827 1901/796
f 2071/4751 2291/4769 2329/4770 2595/4752
f 143/188 153/187 154/3497 144/637
f 1057/4771 1055/4772 1063/4773 1071/4774
f 99/4775 177/4776 201/3924 189/3923
f 1952/2810 1961/4343 1185/943 1176/942
f 1802/4469 1988/2161 1212/1182 1372/4470
f 2182/1253 2184/3734 1879/3339 1877/1254
f 1037/4777 1043/4778 1039/4779 1033/4780
f 17/3761 19/3671 20/3674 18/3878
f 60/4781 36/4782 38/1538 63/1537
f 2799/3812 2477/3811 2481/4783 2800/4784
f 1096/3159 1533/350 1541/4662 1134/4785
f 2587/4299 2589/3356 2591/3355 2581/4786
f 2711/4707 2713/1892 2398/1895 2396/2863
f 2071/4787 2077/4788 2081/4789 2075/4790
f 763/1108 761/2087 951/3137 953/4334
f 1175/230 1177/4791 1361/1467 1359/231
f 2719/1893 2721/1609 2402/2234 2400/1894
f 3041/4792 3137/1859 3133/727 3039/726
f 128/4793 88/4794 90/492 130/491
f 1731/4443 1729/4795 1701/4796 1707/4444
f 2056/4797 2062/4798 2060/4799 2057/4800
f 1007/310 1013/3404 883/4801 879/3448
f 1423/1693 1425/4802 1453/4803 1443/1694
f 567/3861 587/85 581/2553 573/4804
f 1822/4064 1824/4063 2203/4805 2201/4806
f 965/384 967/2331 777/581 775/385
f 2406/2165 2408/395 2216/398 2214/3535
f 1386/2572 1401/2571 1403/4807 1390/4808
f 1532/554 1540/553 2007/22 2053/21
f 1807/4809 1809/4810 2005/4811 2001/4812
f 1849/498 1853/497 2213/4629 2211/2536
f 894/4813 1162/3579 1938/3580 2244/4814
f 1887/75 1885/1936 2188/1939 2190/4815
f 1879/3339 1881/1937 1580/643 1578/642
f 2979/1065 3017/3572 3019/4816 2981/3175
f 910/3438 912/4266 1250/3697 1248/3437
f 2832/4817 2513/4818 2517/4210 2836/4209
f 13/2393 15/2314 19/3671 17/3761
f 1056/4819 628/4820 646/4821 1070/4822
f 198/4823 179/2268 218/1496 345/4824
f 174/4825 116/433 48/436 110/3439
f 2162/3716 2164/4509 1847/93 1845/1548
f 197/2402 185/1295 109/4826 173/4827
f 1443/3962 1453/4828 1640/4829 1622/1722
f 1859/806 1865/104 2217/3237 2215/4628
f 1001/4830 1009/4831 1153/2664 1145/540
f 604/4832 1040/4833 1046/4834 612/4835
f 871/3182 829/4836 831/4837 873/3183
f 742/2404 744/2891 934/4838 932/2405
f 975/4839 977/1917 787/1471 785/1470
f 1488/915 1492/914 1128/1945 1140/1944
f 2403/4179 2405/2595 2724/3784 2722/4180
f 2309/4840 2271/1158 2273/1161 2311/4841
f 1027/4842 1035/4843 1187/4844 1169/1029
f 2275/3816 2277/4616 2035/4845 2033/3817
f 2282/1921 2040/4846 2042/4847 2284/1922
f 1145/540 1153/2664 1349/2666 1345/541
f 1839/3151 1841/1547 1536/1550 1526/4650
f 828/4848 870/2676 872/2679 830/4849
f 2586/2282 2580/4733 2590/4735 2588/2283
f 1894/357 1896/1655 1653/2918 1651/2100
f 1009/4831 881/4850 1157/1954 1153/2664
f 607/1575 633/361 643/4851 611/4852
f 2870/4853 2551/4854 2554/3408 2873/3407
f 1601/4855 1595/4856 1948/2008 1788/1044
f 1798/4857 1976/53 1200/56 1368/4858
f 2148/4241 2150/4162 1827/3735 1825/4242
f 2614/4859 2612/3694 2628/4708 2624/4568
f 194/4141 176/1148 116/1151 174/4142
f 2394/1590 2396/2863 2204/2865 2202/2192
f 547/4860 2579/4861 2237/3708 887/3707
f 2278/4862 2316/4863 2318/4864 2280/4865
f 2324/4866 2588/2283 2590/4735 2326/4867
f 2982/3475 170/2185 172/2188 2984/262
f 644/2760 648/4868 658/4309 651/4869
f 2783/2550 2464/2549 2466/4870 2785/4871
f 1155/4872 1931/4873 2241/4874 891/4875
f 2223/1686 2225/4876 2417/500 2415/499
f 2581/4786 2591/3355 2593/3881 2579/751
f 2912/1189 2013/1700 2047/1441 2916/411
f 462/4877 466/3024 271/3027 265/4878
f 1571/1317 1573/1316 1876/3164 1872/3415
f 2216/4879 2218/2766 1868/2767 1864/3340
f 1735/131 1715/300 1765/4880 1811/4150
f 693/3396 695/4881 376/4882 374/3397
f 2193/4036 2195/2947 2387/1391 2385/4037
f 2124/4883 2668/4884 2672/4885 2127/4886
f 2579/4861 2593/679 2241/3157 2237/3708
f 3070/4417 3104/4416 3103/4887 3069/4888
f 768/1794 770/4065 960/4889 958/3310
f 912/4890 910/3951 720/3952 722/3423
f 1168/4891 1030/1543 1036/1546 1184/4892
f 599/4893 609/4894 1045/4895 1039/4896
f 1294/683 1298/4717 1565/4718 1561/2211
f 2283/1801 2285/1800 2043/4897 2041/4898
f 1254/2037 1256/4899 1512/4062 1510/4061
f 2044/3348 2913/4321 2917/1666 2048/1668
f 98/1138 182/1676 190/4900 100/1139
f 2607/4901 2611/4902 2083/4903 2081/4904
f 1660/4905 1201/4906 1369/4907 1662/4908
f 2252/3722 2642/4909 2670/4910 2254/2162
f 624/4363 634/4661 646/3073 628/4364
f 2344/931 2346/2922 2156/2924 2154/932
f 2388/3452 2386/2175 2701/2178 2703/3646
f 2057/4911 1920/1513 1144/2475 997/4912
f 1431/3314 1409/3313 1333/4328 1381/4327
f 864/1889 1114/4913 1118/4914 868/1890
f 2929/4915 2942/2039 2969/2042 2946/3169
f 2720/1931 2722/4180 2356/1475 2354/1474
f 97/3173 99/3172 189/4916 181/4278
f 612/4917 1046/4918 1048/4919 614/4920
f 1594/3665 1597/4712 1685/4921 1683/4922
f 1687/2429 1691/4923 1727/4924 1723/2430
f 590/4925 1330/4926 1898/4927 2622/4928
f 1137/2703 1232/2710 1236/4929 1139/2704
f 1661/2838 1659/4930 1976/4931 1798/2839
f 3041/4645 2995/4644 2996/1485 3042/1484
f 2802/3196 2483/3195 2487/4932 2807/4933
f 1565/4718 1568/2698 1870/2701 1866/3846
f 779/582 781/1094 419/738 417/583
f 1055/4772 1057/4771 1207/4934 1201/4935
f 2078/4936 1942/4937 1956/4938 2094/4939
f 2236/1216 1922/1215 1930/4940 2240/2259
f 2626/2870 1957/4941 1972/4942 2650/4943
f 3068/1103 3050/1102 3052/4944 3072/4945
f 1933/4946 1941/4947 2077/4788 2071/4787
f 411/584 417/583 734/740 732/1973
f 2844/3513 2525/3512 2529/4948 2848/4949
f 1634/627 1628/2071 1696/2074 1702/628
f 2663/4950 2673/4951 2128/4952 2119/4953
f 786/2988 788/3426 978/4202 976/4954
f 1501/3723 1503/1408 1247/2560 1245/2559
f 2360/2058 2362/1101 2172/2739 2170/2059
f 1264/1003 1266/870 1521/14 1519/13
f 89/4955 129/4956 131/4957 91/4958
f 1274/3098 1280/45 925/48 923/4450
f 532/4959 536/4960 341/4961 337/4962
f 757/3034 755/2913 945/2914 947/4963
f 1563/3341 1567/4143 1300/2140 1296/2613
f 1832/16 1834/15 2155/4964 2153/3083
f 934/4387 936/2580 1307/2582 1301/3641
f 470/4965 474/4487 279/4486 275/4966
f 2598/4442 2244/2720 2248/2723 2618/2871
f 3125/2409 3127/3233 3131/724 3129/3288
f 217/1296 1086/3280 1090/1069 221/1297
f 1950/4967 1174/4968 1361/4969 1791/4970
f 916/2036 918/4971 1256/4899 1254/2037
f 1777/4972 1783/4973 1937/4974 1927/4975
f 1811/1968 1765/4976 1907/4445 1913/1933
f 81/4388 27/2174 95/4277 157/4977
f 1759/1399 1737/3003 1749/4978 1767/1400
f 2659/4979 2677/4980 1991/2904 1981/3365
f 1547/3097 1551/3490 1284/46 1280/45
f 2125/4981 2128/4982 2673/4983 2669/4984
f 1606/4985 1359/4986 1171/2738 1592/4987
f 2312/2466 2274/316 2276/1854 2314/4988
f 2656/292 2650/271 2658/376 2660/289
f 734/740 736/739 926/4749 924/1974
f 95/4277 27/2174 29/1587 97/3173
f 1313/644 1317/481 993/484 991/2505
f 2080/4989 2089/4990 2335/4991 2331/4992
f 1143/4489 541/2742 242/2745 1131/4490
f 228/4993 196/997 204/1000 415/3068
f 2079/4994 1940/4995 1944/3765 2084/3764
f 2638/4996 2102/4997 2104/4998 2640/4999
f 998/5000 999/5001 1003/5002 1001/5003
f 145/3306 79/3305 51/5004 135/5005
f 2954/413 2920/412 2924/3682 2950/5006
f 3042/1023 3138/1022 3137/1859 3041/4792
f 1584/74 1583/73 1318/833 1319/482
f 165/2099 205/461 207/464 167/3174
f 2913/4321 2951/4320 2953/5007 2917/1666
f 3075/594 3076/593 3079/142 3081/141
f 872/1163 1122/5008 1126/5009 876/1164
f 631/5010 637/5011 1065/5012 1059/5013
f 2724/3784 2726/3783 2360/2058 2358/2057
f 2662/5014 2118/5015 2127/5016 2672/5017
f 1590/3666 1594/3665 1683/4922 1745/5018
f 2265/2361 2269/4067 2027/5019 2023/2803
f 1514/3186 1518/3052 1261/3054 1259/3187
f 1785/200 1588/199 1598/5020 1941/5021
f 651/4869 658/4309 662/3075 664/5022
f 2153/1962 2155/297 2345/277 2343/1961
f 1634/627 1633/626 1428/4652 1454/4619
f 865/3706 869/3705 1119/5023 1115/5024
f 169/3316 2981/2389 2983/263 171/3317
f 759/1185 757/3034 947/4963 949/1186
f 770/4065 772/550 962/5025 960/4889
f 2441/5026 2760/5027 2762/2423 2443/2422
f 2911/4322 2913/4321 2044/3348 2010/3347
f 2382/4447 2930/3897 2943/3898 2892/4448
f 2356/1475 2358/2057 2168/2060 2166/1476
f 124/4118 84/4117 86/5028 126/5029
f 192/2955 157/1711 198/1714 211/4251
f 1088/1142 1092/3158 223/710 219/1143
f 1864/3340 1868/2767 1567/4143 1563/3341
f 1993/1456 2003/5030 2143/5031 1999/5032
f 1278/1815 1282/1446 1549/2978 1545/1816
f 1585/2252 1589/4158 1320/3127 1314/2253
f 1041/5033 1049/5034 615/5035 605/5036
f 2198/840 2200/769 1821/714 1819/713
f 32/2194 22/173 114/176 118/4656
f 2353/2358 2355/1607 2721/1609 2719/1893
f 1147/5037 1923/5038 1775/5039 1345/5040
f 980/5041 982/1332 1302/1335 1298/4717
f 3006/957 2996/3469 2995/3283 3005/1274
f 1322/2337 1324/517 943/520 941/2338
f 1517/747 1519/13 1832/16 1828/602
f 1326/518 1328/2919 947/3945 945/519
f 1812/3082 1814/1056 2193/1059 2191/4748
f 931/610 933/4374 743/1926 741/368
f 793/817 795/160 433/3235 431/2651
f 15/2314 41/5042 43/3672 19/3671
f 3086/5043 3058/5044 3060/2298 3090/2297
f 1014/5045 1010/2635 1016/2638 1018/5046
f 1506/1205 1508/4231 1820/3591 1818/1206
f 2652/5047 2646/5048 2666/291 2664/3504
f 1821/714 1823/771 1511/438 1509/437
f 720/3952 718/3833 397/1107 399/1106
f 3061/3778 3115/836 3091/2568 3023/3492
f 2687/5049 2693/5050 2691/2609 2673/5051
f 610/5052 902/1180 904/1183 638/5053
f 3046/987 3100/986 3096/1947 3034/4696
f 1522/5054 1526/4650 1271/4127 1267/4126
f 3037/5055 2991/5056 2993/5057 3039/5058
f 871/5059 875/5060 833/5061 829/5062
f 1520/2952 1522/2951 1267/3965 1265/3053
f 1357/5063 1363/5064 1183/5065 1167/5066
f 842/5067 1019/5068 1028/5069 846/5070
f 137/1402 143/188 144/637 138/636
f 1551/3490 1557/3342 1290/3654 1284/46
f 2953/5007 2949/5071 2921/1667 2917/1666
f 703/5072 705/5073 386/5074 384/5075
f 2588/2283 2324/4866 2328/5076 2596/2284
f 780/1466 782/1465 972/3058 970/1755
f 772/550 774/549 964/4297 962/5025
f 1015/5077 1021/5078 1017/5079 1011/5080
f 2263/224 2269/223 2307/5081 2301/5082
f 2696/3275 2927/3130 215/463 664/893
f 571/5083 573/5084 885/5085 1017/5086
f 1546/96 1550/95 1283/4280 1279/3419
f 2214/1195 2216/4879 1864/3340 1858/1196
f 1662/4908 1369/4907 1197/5087 1658/5088
f 286/5089 290/3667 485/3670 481/5090
f 2116/5091 2660/5092 2671/5093 2126/5094
f 1282/1446 1286/1445 1553/419 1549/2978
f 935/4375 937/1502 747/1505 745/3277
f 1438/4422 1442/888 1422/891 1418/4423
f 2235/3466 2233/4339 1897/4340 1955/3467
f 3072/5095 3052/5096 3054/5097 3078/5098
f 3108/2655 3077/2654 3080/1784 3110/1783
f 1345/5099 1349/5100 1155/5101 1147/5102
f 2616/5103 2090/2601 2096/2604 2628/5104
f 1670/4255 1805/4254 1995/5105 1668/5106
f 345/4824 218/1496 1087/1495 1129/4233
f 925/3511 927/5107 737/1459 735/655
f 2215/2593 2217/2768 2409/2769 2407/2594
f 2098/5108 2630/5109 2640/5110 2104/5111
f 784/2989 786/2988 976/4954 974/3057
f 2254/5112 2670/4183 638/4184 904/5113
f 1932/2179 1940/5114 1164/5115 1156/2180
f 3122/1789 3124/1946 3100/986 3098/985
f 1204/808 626/5116 644/5117 1214/92
f 3069/4888 3103/4887 3105/5118 3073/5119
f 109/4826 185/1295 187/1298 111/3586
f 2997/2085 3065/2084 3061/4571 2987/4570
f 2473/5120 2792/5121 2794/2765 2475/2764
f 867/214 869/4218 827/5122 825/215
f 1824/5123 1831/1374 2205/2376 2203/5124
f 1607/4313 1613/756 1722/4165 1720/5125
f 2960/5126 3046/987 3034/4696 2956/5127
f 3107/5128 3129/3288 3135/700 3109/5129
f 1430/3900 1464/5130 1396/611 1380/537
f 1776/5131 1926/5132 1936/5133 1782/5134
f 2423/3459 2421/1168 2229/1167 2231/5135
f 433/3235 435/1432 752/1637 750/3135
f 410/1438 416/657 778/1754 776/1848
f 972/1444 974/2662 1288/2663 1286/1445
f 2687/5049 2679/4147 2689/5136 2695/5137
f 611/5138 643/5139 905/2019 903/5140
f 3062/4725 3024/2148 3092/1775 3116/3161
f 719/514 721/513 400/1574 398/1573
f 3095/3322 3009/5141 3031/1048 3119/1047
f 2796/4377 2476/4376 2479/5142 2797/5143
f 1700/5144 1705/5145 1645/3109 1642/5146
f 1205/5147 1981/5148 1801/1423 1371/1422
f 385/5149 386/5074 705/5073 704/5150
f 1751/3369 1741/2639 1743/2642 1755/5151
f 2015/5152 2025/5153 2267/4244 2257/4243
f 1761/733 1739/1600 1751/4021 1769/734
f 2597/1865 2607/4574 2603/3880 2595/3879
f 2331/5154 2333/5155 2085/5156 2080/5157
f 43/1881 73/1880 74/1887 44/1886
f 2350/1090 2352/2818 2162/3334 2160/3002
f 1165/5158 1598/5159 1588/1593 1355/1592
f 3096/1947 3120/273 3032/276 3010/4697
f 1301/3641 1307/2582 1576/1780 1570/102
f 2205/2190 2207/3799 2399/663 2397/662
f 618/5160 626/5161 2658/5162 2650/5163
f 195/1027 203/1026 183/5164 119/5165
f 665/2446 216/2445 2928/2380 2697/2379
f 2049/2496 2053/21 2922/24 2918/1415
f 2287/3850 2291/5166 2073/3345 2067/3344
f 452/336 456/5167 262/5168 257/337
f 946/4324 948/1217 1329/1220 1327/4325
f 606/5169 610/5170 638/5171 632/4660
f 66/1540 40/1539 42/5172 70/5173
f 1004/994 1000/5174 1008/4763 1006/995
f 1680/992 1714/1499 1764/3864 1760/989
f 340/5175 343/3393 538/3392 535/5176
f 875/4306 877/4305 835/5177 833/5178
f 477/2526 480/5179 285/5180 282/2523
f 1287/1489 1289/1488 975/1871 973/4281
f 2286/3307 2066/2790 2072/2789 2290/5181
f 1691/4923 1701/4796 1729/4795 1727/4924
f 2937/1066 2979/1065 167/3174 207/464
f 1021/5182 1023/5183 579/5184 575/5185
f 1524/1372 1538/1062 1843/2535 1837/1373
f 1536/1550 1544/1549 1277/1558 1273/1557
f 630/5186 1058/5187 1064/5188 636/5189
f 1803/2796 1373/2795 1213/2018 1989/2017
f 1852/1197 1858/1196 1557/3342 1551/3490
f 3079/1584 3109/1583 3111/5190 3083/5191
f 878/5192 836/5193 840/5194 882/5195
f 1512/68 1516/67 1831/1374 1824/5123
f 2712/665 2714/664 2352/2818 2350/1090
f 1306/2141 1314/2253 937/3129 935/2142
f 1992/4465 1998/5196 2142/5197 2002/5198
f 420/1460 422/370 784/2989 782/1465
f 355/4695 357/5199 676/5200 674/4692
f 2943/3898 2970/3017 3044/5201 2958/5202
f 1639/1145 1652/4381 1895/2498 1893/1146
f 887/3707 891/3156 561/678 547/4860
f 2199/2473 2201/5203 2393/82 2391/81
f 1836/2857 1842/4597 1537/3096 1523/3411
f 1606/5204 1789/4198 1951/4201 1598/5205
f 1382/1705 1398/4745 1386/2902 1338/1578
f 1166/5206 1018/5207 1034/5208 1180/5209
f 903/5140 905/2019 1213/2018 1195/5210
f 2132/5211 2680/5212 2690/5213 2140/5214
f 2091/5215 2097/5216 1963/5217 1945/5218
f 2552/5219 2871/5220 2874/2119 2555/2118
f 1072/5221 1078/5222 1084/5223 1080/5224
f 42/5225 16/1414 20/3674 44/3673
f 1642/5146 1645/3109 1457/3112 1452/5226
f 2046/535 2050/348 1529/347 1498/1761
f 2976/3257 164/449 166/452 2978/2546
f 2746/1040 2744/3457 2425/3460 2427/1041
f 917/4699 919/5227 729/885 727/884
f 1279/3419 1283/4280 971/4282 969/3420
f 1866/3846 1870/2701 2177/5228 2175/3847
f 2188/3695 2186/5229 2376/3581 2378/3696
f 1719/3350 1721/5230 1608/5231 1605/3351
f 1337/50 1231/4329 1235/5232 1341/51
f 563/3863 571/3862 575/1324 565/802
f 3011/2646 3049/2645 3051/5233 3013/5234
f 800/2627 798/2556 436/622 438/2628
f 973/5235 975/4839 785/1470 783/1601
f 1325/4326 1327/4325 1652/4381 1639/1145
f 1424/5236 1426/4651 1627/1419 1623/1418
f 1515/1951 1523/3411 1268/3412 1262/544
f 1054/2398 1200/5237 1206/5238 1056/2395
f 3044/988 3046/987 2960/5126 2958/5239
f 590/5240 600/4426 601/4429 591/5241
f 1121/5242 1125/5243 875/5060 871/5059
f 220/1386 224/1385 1093/150 1089/2493
f 1953/1304 1962/3084 2099/5244 2093/5245
f 2694/4163 2696/5246 664/5247 662/3045
f 1181/5248 594/2869 618/5249 1196/5250
f 1545/1816 1549/2978 1850/2224 1846/1051
f 2637/5251 2645/5252 2651/2318 2627/4525
f 223/710 1092/3158 1096/3159 227/711
f 1705/5145 1710/3160 1649/3110 1645/3109
f 978/682 980/5041 1298/4717 1294/683
f 2707/280 2705/3126 2343/1961 2345/277
f 1883/887 1889/886 2225/5253 2223/2586
f 441/3108 443/3107 760/1184 758/2588
f 2273/4317 2277/4316 2315/5254 2311/5255
f 1673/825 1676/1260 1738/5256 1717/1610
f 2860/4228 2541/4227 2545/5257 2864/5258
f 1842/4597 1848/1925 1547/3097 1537/3096
f 1003/5259 1005/5260 555/5261 552/5262
f 1475/2534 1479/854 1681/857 1715/2605
f 645/5263 206/1906 214/2444 652/2443
f 2875/5264 2556/5265 2559/5266 2878/5267
f 151/5268 105/5269 107/3198 153/3197
f 920/3401 922/4495 1269/1426 1263/66
f 555/2226 557/1136 565/802 552/801
f 2179/1369 2181/4300 2371/3422 2369/1370
f 1468/3433 1465/5270 1397/5271 1412/5272
f 1938/5273 1784/5274 1587/5275 1591/5276
f 365/5277 367/3891 686/3894 684/5278
f 1829/2577 1833/2576 1520/2952 1518/3052
f 1684/4701 1682/1561 1718/1564 1720/4700
f 999/5279 2059/5280 1925/2781 1149/2780
f 494/5281 498/4600 303/4603 299/5282
f 2114/895 2122/5283 2130/5284 2116/896
f 3068/5285 3070/5286 3069/162 3067/161
f 2453/5287 2772/5288 2774/4482 2455/4481
f 2807/5289 2487/5290 2490/2479 2806/2478
f 2599/680 2619/1902 2249/2286 2245/2285
f 942/4404 944/4323 1325/4326 1323/4405
f 1561/2211 1565/4718 1866/3846 1862/2538
f 2055/3599 1534/152 1542/2949 2009/3683
f 1886/76 1887/75 2190/4815 2189/793
f 401/1285 399/1106 765/1109 767/1286
f 2347/278 2349/516 2711/4707 2709/279
f 2030/5291 2272/3819 2276/3822 2034/5292
f 1684/5293 1686/2014 1609/1914 1596/1913
f 87/5294 127/5295 129/4956 89/4955
f 1579/3743 1581/831 1884/792 1880/3639
f 550/2916 888/612 892/615 568/4338
f 642/5296 647/5297 1071/5298 1069/5299
f 1959/5300 1183/5301 1363/5302 1793/5303
f 1837/1373 1843/2535 2209/2537 2207/2375
f 3140/2997 3114/5304 3113/702 3139/701
f 1661/3780 1657/5305 1196/5306 1368/3781
f 2660/5307 2116/5308 2130/5309 2678/5310
f 1958/5311 1658/3651 1656/3650 1795/5312
f 391/4687 393/5313 712/5314 710/4688
f 1730/4031 1732/5315 1708/5316 1706/4032
f 1431/3314 1465/5317 1481/729 1477/728
f 2005/2732 1229/4016 663/4015 2695/2733
f 91/4958 131/4957 133/2079 93/2078
f 1425/4802 1427/5318 1459/5319 1453/4803
f 3016/3258 2978/2546 2980/282 3018/281
f 690/208 691/5320 372/5321 371/205
f 919/5227 921/4232 731/1437 729/885
f 2093/5322 2099/5323 2103/5324 2097/5325
f 2654/5326 2112/5327 2122/5328 2666/5329
f 1758/2066 1762/2065 1904/3768 1766/2090
f 1834/15 1838/3740 2157/5330 2155/4964
f 83/4116 123/4115 125/5331 85/5332
f 3097/620 3043/619 3045/961 3099/3321
f 543/5333 546/640 2578/2258 2575/5334
f 2572/4401 2911/4400 2010/913 1916/912
f 3082/5335 3056/5336 3058/5337 3086/5338
f 3136/1129 3112/5339 3114/5304 3140/2997
f 1090/1069 1094/1068 225/3903 221/1297
f 2225/4876 2227/1166 2419/1169 2417/500
f 2818/5340 2499/5341 2503/5342 2822/5343
f 2425/3460 2423/3459 2231/5135 2233/3895
f 1709/4677 1704/2437 1644/1243 1648/1242
f 1367/1858 1373/1857 1211/5344 1191/5345
f 53/2054 83/2053 85/5346 57/5347
f 1465/5317 1431/3314 1381/4327 1397/5348
f 324/5349 327/1740 522/1739 519/5350
f 1484/900 1481/1202 1465/5270 1468/3433
f 1702/5351 1696/2688 1704/2691 1709/5352
f 584/5353 1030/5354 1032/5355 588/5356
f 960/1002 962/5357 1270/871 1266/870
f 1905/1401 1767/1400 1771/5358 1909/5359
f 1496/3279 2044/3348 2048/1668 1527/1067
f 2655/5360 2667/5361 2123/5362 2113/5363
f 1242/3188 1243/1299 1487/1300 1486/3185
f 557/1136 559/2138 839/5364 837/1134
f 2617/5365 2629/5366 2097/5216 2091/5215
f 1011/5080 1017/5079 1165/5367 1157/5368
f 3126/2408 3104/2407 3106/5369 3130/1126
f 2461/5370 2780/5371 2782/4120 2463/4119
f 161/1928 2973/469 2975/472 163/4236
f 1467/1996 1433/1995 1383/2470 1399/2469
f 1732/5315 1702/5351 1709/5352 1708/5316
f 1198/5372 1199/5373 1062/5374 1060/5375
f 1427/5318 1429/3424 1463/3425 1459/5319
f 49/172 77/580 31/3834 25/183
f 2496/5376 2814/5377 2819/4738 2500/4737
f 2956/4011 3034/5378 2964/5379 2940/4012
f 1544/1549 1546/96 1279/3419 1277/1558
f 2699/2177 2698/2411 2336/485 2337/321
f 808/5380 850/1350 854/1353 812/5381
f 1502/3081 1500/3080 1244/2806 1246/2805
f 258/2820 264/5382 457/5383 453/2821
f 2468/2930 2787/2929 2788/5384 2469/5385
f 957/3120 955/3927 1259/3187 1261/3054
f 227/711 1096/3159 1134/4785 414/5386
f 1535/11 1543/1817 1844/1050 1840/1174
f 987/158 989/2599 799/1431 797/159
f 1356/2872 896/5387 2246/5388 1786/2873
f 2620/4709 2618/3693 2626/270 2630/4710
f 404/307 406/547 772/550 770/4065
f 619/5389 627/3624 629/4050 625/4049
f 2978/2546 2936/2545 2938/2573 2980/282
f 2726/3783 2728/1099 2362/1101 2360/2058
f 2609/2982 577/2323 897/2326 2247/2979
f 2122/5390 1986/2634 1996/2633 2130/5391
f 2264/373 2022/758 2026/5392 2268/2501
f 2691/2609 2695/5137 2697/5393 2684/2610
f 1180/5209 1184/4207 1960/4208 1956/4938
f 647/4051 655/4627 663/2799 657/5394
f 3017/124 3055/123 3057/696 3019/695
f 2932/2521 2573/2539 2912/2542 2944/2522
f 1271/4127 1273/1557 965/1560 963/4128
f 956/5395 958/1001 1264/1003 1260/746
f 744/2891 746/3113 936/3116 934/4838
f 3123/838 3119/1047 3101/692 3117/691
f 773/386 775/385 409/2028 407/430
f 2952/5396 2954/2061 3030/1773 3028/1772
f 2580/5397 2060/5398 2062/5399 2583/5400
f 1169/1029 1187/4844 1037/4777 1031/5401
f 2381/1155 2891/1154 2942/2039 2929/4915
f 2036/5402 2278/4862 2280/4865 2038/5403
f 181/2269 189/5404 226/2508 222/1497
f 2279/3568 2037/5405 2039/5406 2281/3569
f 1931/5407 1155/5408 1351/2665 1781/1071
f 1220/5409 1376/5410 1806/5411 1996/5412
f 2186/5229 2184/567 2374/570 2376/3581
f 2209/3800 2211/5413 2403/4179 2401/1930
f 1621/1144 1421/5414 1325/4326 1639/1145
f 1401/2571 1387/4136 1391/5415 1403/4807
f 2749/5416 2430/5417 2432/154 2751/153
f 622/5418 1052/3853 1054/3852 624/5419
f 3070/5286 3068/5285 3072/3436 3074/3435
f 1303/708 1305/707 985/5420 983/3763
f 1397/5348 1381/4327 1337/50 1385/49
f 1501/3723 1500/3080 1812/3082 1813/4565
f 1668/5421 1219/5422 1375/2725 1670/2724
f 2437/5423 2756/5424 2758/1767 2439/1766
f 928/2076 930/3840 1291/910 1285/2077
f 2765/5425 2446/5426 2448/1554 2767/1553
f 2723/1608 2725/2163 2406/2165 2404/2233
f 2680/5427 2676/377 2683/572 2690/571
f 2989/254 3035/253 3036/983 2990/3121
f 1943/5428 1959/5429 1793/5430 1787/5431
f 1944/5432 2086/5433 2094/5434 1960/5435
f 1470/3964 1473/4087 1713/4638 1734/202
f 1091/1498 1095/551 1532/554 1528/2495
f 572/5436 884/759 1022/762 578/5437
f 396/3106 398/1573 764/379 762/1904
f 2471/448 2790/447 2792/5438 2473/5439
f 984/5440 986/4082 1308/1315 1304/1314
f 971/1093 973/5235 783/1601 781/1094
f 1476/1986 1480/1985 1464/5130 1430/3900
f 1581/831 1583/73 1886/76 1884/792
f 1008/4331 1152/2874 1156/2180 880/5441
f 1036/5442 1032/5443 1038/5444 1042/5445
f 1470/3964 1472/3963 1408/2615 1394/2530
f 1925/2781 1935/5446 1783/5447 1777/2782
f 2299/5448 2305/5449 2267/3989 2261/3988
f 2686/2908 2694/574 2688/5450 2678/290
f 1558/805 1564/101 1865/104 1859/806
f 1592/4987 1947/2287 1789/5451 1606/4985
f 64/905 63/904 66/4633 68/4632
f 2201/5203 2203/2189 2395/2191 2393/82
f 2574/5452 2575/5453 2578/4734 2582/4475
f 1725/5454 1693/4054 1630/3217 1621/4466
f 1312/1086 1316/832 1581/831 1579/3743
f 82/3686 158/5455 96/1677 28/3687
f 1620/4356 1629/1762 1692/1765 1724/5456
f 2530/1718 2849/1717 2853/5457 2534/5458
f 310/5459 312/1834 507/1833 505/5460
f 104/5461 150/5462 152/5463 106/5464
f 1508/4231 1510/4061 1822/4064 1820/3591
f 2113/1412 2115/1411 2657/5465 2655/5466
f 1767/1400 1749/4978 1753/5467 1771/5358
f 2379/239 2380/2707 2746/1040 2745/423
f 1097/151 228/2263 415/5468 1135/2948
f 150/4350 140/639 142/638 152/3496
f 1250/3697 1252/2038 1508/4231 1506/1205
f 135/5005 51/5004 81/2954 155/2953
f 2920/412 2051/1442 2055/3599 2924/3682
f 1148/3726 1346/3776 1776/4234 1924/3484
f 1448/3724 1454/4181 1461/4182 1456/3725
f 1260/746 1264/1003 1519/13 1517/747
f 1997/5469 2003/5470 1809/4810 1807/4809
f 2258/3856 2296/5471 2300/5472 2262/3857
f 2557/2777 2876/2776 2879/5473 2560/5474
f 1622/1722 1640/4829 1701/5475 1691/1723
f 1464/3434 1468/3433 1412/5272 1396/5476
f 595/86 619/5389 613/5477 605/5478
f 2114/5479 2656/5480 2666/5481 2122/5482
f 1838/1175 1840/1174 2159/4159 2157/5483
f 127/4084 165/2099 167/3174 129/4702
f 927/5107 929/609 739/367 737/1459
f 1502/3081 1504/1204 1816/1057 1814/1056
f 1796/3914 1970/5484 1988/5485 1802/3915
f 59/4499 57/4498 61/1131 62/1130
f 745/3277 747/1505 430/1683 428/1682
f 1680/992 1676/991 1482/2791 1478/1500
f 3078/5098 3054/5097 3056/5336 3082/5335
f 2063/5486 2073/5487 1935/5446 1925/2781
f 2568/5488 2887/5489 2890/3607 2571/3606
f 776/1848 778/1754 968/1756 966/4296
f 423/1473 425/1472 742/2404 740/2403
f 939/1503 941/1354 751/624 749/1504
f 1800/5490 1982/5491 1667/5492 1663/5493
f 1870/2701 1872/2700 2179/5494 2177/5228
f 3054/5495 3016/5496 3018/3623 3056/3622
f 722/3423 724/1320 914/1321 912/4890
f 2556/5265 2875/5264 2877/5497 2558/5498
f 528/5499 532/4959 337/4962 333/5500
f 530/4352 534/5501 339/5502 335/4353
f 1820/3591 1822/4064 2201/4806 2199/3592
f 3033/2607 2963/5503 3009/5141 3095/3322
f 544/5504 2576/5505 2579/4861 547/4860
f 2444/508 2763/507 2764/5506 2445/5507
f 1605/3351 1608/5231 1417/5508 1415/3882
f 820/5509 862/4043 864/4046 822/5510
f 2123/5511 2131/5512 1997/829 1987/828
f 954/4153 956/5395 1260/746 1258/745
f 1601/4437 1591/4436 1170/4480 1358/5513
f 588/340 596/940 606/5169 598/341
f 216/2445 208/1908 2938/2573 2928/2380
f 1808/5514 2004/5515 1228/5516 1378/5517
f 1624/2072 1628/2071 1448/4620 1446/5518
f 1618/8 1626/7 1425/5519 1423/4671
f 2492/2926 2812/2925 2811/5520 2494/5521
f 2211/5413 2213/2592 2405/2595 2403/4179
f 2813/5522 2495/5523 2499/5341 2818/5340
f 2695/2733 663/4015 665/5524 2697/5525
f 1017/5086 1021/5526 575/5527 571/5083
f 2390/3125 2388/3452 2703/3646 2705/3126
f 2883/5528 2879/5529 2910/5530 2887/5531
f 230/5532 253/5533 252/5534 257/5535
f 2500/5536 2505/5537 2501/5538 2496/5539
f 445/5540 449/5541 453/5542 448/5543
f 706/5544 713/5545 711/5546 707/5547
f 230/5532 263/5548 264/5549 258/5550
f 2835/5551 2831/5552 2904/5553 2839/5554
f 2860/5555 2864/5556 2908/5557 2863/5558
f 2600/4476 2596/2284 2606/2877 2608/4567
f 674/5559 678/5560 680/5561 681/5562
f 1040/3526 1048/3529 1192/5563 1188/5564
f 245/5565 365/5566 363/5567 364/5568
f 229/5569 250/5570 249/5571 255/5572
f 2816/5573 2820/5574 2902/5575 2815/5576
f 114/5577 545/3069 415/3068 160/5578
f 1237/5579 1139/5580 1403/5581 1343/5582
f 444/5583 447/5584 451/5585 446/5586
f 2783/5587 2785/5588 2897/5589 2781/5590
f 1041/5033 1189/5591 1193/5592 1049/5034
f 113/5593 159/5594 412/1025 542/1290
f 602/4492 610/5170 606/5169 592/939
f 1030/5595 1168/1032 1172/1035 1032/5596
f 236/5597 310/5598 306/5599 302/5600
f 2770/5601 2768/5602 2895/5603 2769/5604
f 229/5569 260/5605 261/5606 256/5607
f 2865/5608 2861/5609 2907/5610 2869/5611
f 2637/5251 2631/2716 2641/5612 2647/3752
f 2798/5613 2799/5614 2900/5615 2803/5616
f 2482/5617 2486/5618 2483/5619 2478/5620
f 1773/5621 1755/5622 1915/5623 1911/5624
f 683/5625 682/5626 689/5627 685/5628
f 240/5629 341/5630 344/5631 342/5632
f 605/5478 615/359 609/5633 599/87
f 2827/5634 2830/5635 2903/5636 2829/5637
f 244/5638 360/5639 362/5640 361/5641
f 1058/3753 1067/3756 1216/5642 1208/5643
f 2844/5644 2848/5645 2906/5646 2847/5647
f 2881/5648 2877/5649 2909/5650 2885/5651
f 451/5585 455/5652 458/5653 454/5654
f 666/5655 670/5656 672/5657 673/5658
f 2495/5659 2492/5660 2498/5661 2499/5662
f 492/5663 499/5664 503/5665 506/5666
f 2794/5667 2792/5668 2898/5669 2793/5670
f 2083/5671 1945/77 2087/80 2081/5672
f 2771/5673 2773/5674 2896/5675 2772/5676
f 2556/5677 2570/5678 2567/5679 2563/5680
f 246/5681 376/5682 378/5683 377/5684
f 240/5629 333/5685 337/5686 341/5630
f 2874/5687 2871/5688 2908/5557 2872/5689
f 231/5690 272/5691 267/5692 266/5693
f 2884/5694 2888/5695 2910/5530 2880/5696
f 1948/3766 1944/3765 2090/5697 2092/5698
f 2825/5699 2821/5700 2901/5701 2822/5702
f 2858/5703 2855/5704 2906/5646 2856/5705
f 2868/5706 2872/5689 2908/5557 2864/5556
f 581/2553 587/85 589/88 585/5707
f 2477/5708 2480/5709 2485/5710 2481/5711
f 1660/5712 2107/1964 2101/1963 1965/5713
f 524/5714 531/5715 535/5716 538/5717
f 1742/5718 1914/5719 1909/5720 1753/5721
f 243/5722 349/5723 347/5724 348/5725
f 239/5726 340/5727 336/5728 332/5729
f 1994/5730 1992/5731 2134/5732 2132/1479
f 2866/5733 2870/5734 2907/5610 2862/5735
f 2512/5736 2516/5737 2523/5738 2509/5739
f 237/5740 324/5741 320/5742 316/5743
f 1667/5744 1984/5745 2118/563 2124/566
f 239/5726 339/5746 343/5747 340/5727
f 2797/5748 2802/5749 2899/5750 2796/5751
f 1059/5013 1065/5012 1668/5752 1209/5753
f 2675/4060 2689/5136 2679/4147 2665/3750
f 2751/5754 2753/5755 2893/5756 2749/5757
f 246/5681 377/5684 375/5758 373/5759
f 466/5760 467/5761 471/5762 470/5763
f 2755/5764 2757/5765 2894/5766 2756/5767
f 614/4658 622/5768 624/4363 618/2115
f 643/4851 633/361 647/4051 657/5394
f 245/5565 364/5568 366/5769 368/5770
f 232/5771 269/5772 268/5773 273/5774
f 2800/5775 2804/5776 2900/5615 2799/5614
f 524/5714 538/5717 534/5777 526/5778
f 480/5779 477/5780 491/5781 484/5782
f 1138/5783 1234/5784 1340/5785 1388/5786
f 2469/5787 2471/5788 2475/5789 2468/5790
f 2889/5791 2885/5651 2909/5650 2886/5792
f 2662/375 2672/2909 2671/5793 2660/289
f 2857/5794 2853/5795 2905/5796 2854/5797
f 684/5798 688/5799 689/5627 682/5626
f 638/5171 656/3074 646/3073 632/4660
f 2791/5800 2793/5670 2898/5669 2789/5801
f 234/5802 286/5803 282/5804 285/5805
f 248/5806 388/5807 390/5808 392/5809
f 1757/5810 1903/5811 1889/886 1745/5812
f 233/5813 284/5814 281/5815 283/5816
f 2843/5817 2846/5818 2905/5796 2845/5819
f 2876/5820 2880/5696 2910/5530 2879/5529
f 508/5821 515/5822 519/5823 522/5824
f 1067/652 1064/651 1218/5825 1216/5826
f 2556/5677 2558/5827 2566/5828 2570/5678
f 2750/5829 2748/5830 2893/5756 2752/5831
f 234/5802 285/5805 289/5832 293/5833
f 2601/1864 2609/4572 2607/4574 2597/1865
f 450/5834 446/5586 451/5585 454/5654
f 2814/5835 2815/5576 2902/5575 2819/5836
f 230/5532 257/5535 262/5837 263/5548
f 2513/5838 2509/5739 2523/5738 2521/5839
f 1031/5401 1033/4780 1175/1322 1169/1029
f 229/5569 256/5607 251/5840 250/5570
f 238/5841 326/5842 322/5843 318/5844
f 1041/168 1047/167 1660/5845 1189/5846
f 243/5722 348/5725 350/5847 352/5848
f 2811/5849 2812/5850 2901/5701 2817/5851
f 2778/5852 2776/5853 2896/5675 2777/5854
f 233/5813 291/5855 295/5856 292/5857
f 631/3627 641/4625 642/5858 629/4050
f 691/5859 690/5860 697/5861 693/5862
f 239/5726 332/5729 329/5863 331/5864
f 2485/5710 2488/5865 2491/5866 2489/5867
f 1995/5868 1993/5869 2128/4982 2125/4981
f 692/5870 696/5871 697/5861 690/5860
f 492/5663 506/5666 502/5872 494/5873
f 1235/5874 1402/5875 1389/5876 1341/5877
f 240/5629 342/5632 338/5878 334/5879
f 2808/5880 2803/5616 2900/5615 2809/5881
f 2890/5882 2887/5531 2910/5530 2888/5695
f 2646/5048 2650/271 2656/292 2654/5883
f 666/5655 673/5658 671/5884 667/5885
f 2826/5886 2823/5887 2902/5575 2824/5888
f 1995/5889 2133/4140 2135/5890 1993/5891
f 630/2758 628/4364 639/5892 640/4307
f 513/5893 521/5894 523/5895 509/5896
f 2454/5897 2452/5898 2459/5899 2458/5900
f 2446/5901 2444/5902 2451/5903 2450/5904
f 2841/5905 2837/5906 2903/5636 2838/5907
f 247/5908 385/5909 383/5910 381/5911
f 2564/5912 2568/5913 2569/5914 2565/5915
f 512/5916 509/5896 523/5895 516/5917
f 461/5918 465/5919 469/5920 464/5921
f 2561/5922 2557/5923 2564/5912 2565/5915
f 2612/3694 2618/3693 2620/4709 2616/5924
f 568/3216 576/4491 574/2825 564/3204
f 1040/4833 1188/5925 1659/5926 1046/4834
f 237/5740 315/5927 319/5928 323/5929
f 1754/5930 1772/5931 1910/5932 1743/5933
f 238/5841 325/5934 328/5935 326/5842
f 700/5936 704/5937 705/5938 698/5939
f 2544/5940 2548/5941 2555/5942 2541/5943
f 463/5944 467/5761 466/5760 460/5945
f 2508/5946 2522/5947 2519/5948 2515/5949
f 699/5950 698/5939 705/5938 701/5951
f 2758/5952 2756/5767 2894/5766 2760/5953
f 236/5597 309/5954 312/5955 310/5598
f 235/5956 308/5957 304/5958 300/5959
f 1993/5960 1985/5961 2119/4953 2128/4952
f 239/5726 331/5864 335/5962 339/5746
f 1668/5963 2125/3995 2119/3994 1985/5964
f 2747/5965 2749/5757 2893/5756 2748/5830
f 1951/3948 2093/5966 2091/5967 1945/1698
f 244/5638 361/5641 359/5968 357/5969
f 229/5569 255/5572 259/5970 260/5605
f 2647/3752 2655/5971 2657/2315 2651/2318
f 230/5532 258/5550 254/5972 253/5533
f 2775/5973 2777/5854 2896/5675 2773/5674
f 472/5974 468/5975 473/5976 475/5977
f 246/5681 373/5759 371/5978 372/5979
f 233/5813 292/5857 288/5980 284/5814
f 674/5559 681/5562 679/5981 675/5982
f 2663/2480 2661/2316 2674/5983 2673/5051
f 2498/5661 2502/5984 2503/5985 2499/5662
f 1320/3127 1404/5986 1392/5987 1238/5988
f 247/5908 384/5989 386/5990 385/5909
f 231/5690 266/5693 265/5991 271/5992
f 234/5802 293/5833 296/5993 294/5994
f 508/5821 522/5824 518/5995 510/5996
f 2525/5997 2528/5998 2536/5999 2539/6000
f 2762/6001 2760/5953 2894/5766 2761/6002
f 2613/234 2617/6003 2621/2717 2619/235
f 1756/1563 1744/1562 1888/6004 1902/6005
f 246/5681 372/5979 374/6006 376/5682
f 245/5565 368/5770 370/6007 369/6008
f 2635/4573 2643/4059 2639/2715 2625/2155
f 2766/6009 2764/6010 2895/5603 2768/5602
f 2545/6011 2541/5943 2555/5942 2553/6012
f 2508/5946 2510/6013 2518/6014 2522/5947
f 2867/6015 2863/5558 2908/5557 2871/5688
f 2540/6016 2554/6017 2551/6018 2547/6019
f 1743/5933 1910/5932 1915/5623 1755/5622
f 245/5565 369/6008 367/6020 365/5566
f 2460/6021 2467/6022 2466/6023 2464/6024
f 238/5841 318/5844 314/6025 317/6026
f 2524/6027 2526/6028 2534/6029 2538/6030
f 248/5806 392/5809 394/6031 393/6032
f 243/5722 353/6033 351/6034 349/5723
f 235/5956 299/6035 303/6036 307/6037
f 231/5690 275/6038 279/6039 276/6040
f 238/5841 317/6026 321/6041 325/5934
f 233/5813 283/5816 287/6042 291/5855
f 248/5806 393/6032 391/6043 389/6044
f 493/6045 507/6046 504/6047 496/6048
f 603/1326 593/1325 607/1575 611/4852
f 2786/6049 2784/6050 2897/5589 2785/5588
f 1992/6051 2127/5016 2118/5015 1984/6052
f 2445/6053 2447/6054 2451/5903 2444/5902
f 1214/92 644/5117 2676/4295 1990/89
f 2453/6055 2455/6056 2459/5899 2452/5898
f 1023/6057 1021/6058 1027/4842 1169/1029
f 235/5956 307/6037 311/6059 308/5957
f 706/5544 710/6060 712/6061 713/5545
f 2636/269 2646/5048 2640/6062 2630/4710
f 1659/6063 1964/6064 2100/3152 2106/3155
f 529/6065 533/6066 532/6067 525/6068
f 1994/6069 2124/4883 2127/4886 1992/6070
f 2493/6071 2496/5539 2501/5538 2497/6072
f 244/5638 357/5969 355/6073 356/6074
f 2476/6075 2478/5620 2483/5619 2479/6076
f 1048/6077 1046/6078 1200/6079 1199/6080
f 2470/6081 2468/5790 2475/5789 2474/6082
f 2805/6083 2801/6084 2899/5750 2806/6085
f 2670/3505 2664/3504 2678/290 2688/5450
f 1215/2905 1991/2904 2677/4980 645/3602
f 453/5542 457/6086 459/6087 456/6088
f 237/5740 316/5743 313/6089 315/5927
f 2763/6090 2765/6091 2895/5603 2764/6010
f 1075/6092 1073/3618 1219/6093 1217/6094
f 2795/6095 2796/5751 2899/5750 2801/6084
f 2882/6096 2886/5792 2909/5650 2878/6097
f 2849/6098 2845/5819 2905/5796 2853/5795
f 2540/6016 2542/6099 2550/6100 2554/6017
f 569/803 565/802 575/1324 577/1327
f 1321/820 1239/6101 1393/6102 1405/6103
f 2813/6104 2818/6105 2901/5701 2812/5850
f 2779/6106 2781/5590 2897/5589 2780/6107
f 2851/6108 2847/5647 2906/5646 2855/5704
f 1049/6109 1202/6110 1201/6111 1047/6112
f 232/5771 277/6113 280/6114 278/6115
f 1068/4558 1217/6116 1219/6117 1065/4559
f 2774/6118 2772/5676 2896/5675 2776/5853
f 481/6119 489/6120 491/5781 477/5780
f 2810/6121 2809/5881 2900/5615 2804/5776
f 2828/6122 2832/6123 2904/5553 2831/5552
f 2767/6124 2769/5604 2895/5603 2765/6091
f 2873/6125 2869/5611 2907/5610 2870/5734
f 244/5638 356/6074 358/6126 360/5639
f 2782/6127 2780/6107 2897/5589 2784/6050
f 234/5802 294/5994 290/6128 286/5803
f 2082/6129 2078/6130 2086/5433 1944/5432
f 2875/6131 2878/6097 2909/5650 2877/5649
f 1236/6132 1390/6133 1403/5581 1139/5580
f 2859/6134 2862/5735 2907/5610 2861/5609
f 2524/6027 2538/6030 2535/6135 2531/6136
f 2807/6137 2806/6085 2899/5750 2802/5749
f 2715/1288 2971/6138 3031/6139 2574/1289
f 1742/5718 1770/6140 1908/6141 1914/5719
f 2833/6142 2829/5637 2903/5636 2837/5906
f 493/6045 501/6143 505/6144 507/6046
f 247/5908 381/5911 379/6145 380/6146
f 2460/6021 2461/6147 2465/6148 2467/6022
f 615/359 619/5389 625/4049 623/6149
f 452/6150 448/5543 453/5542 456/6088
f 604/2113 598/341 608/6151 614/4658
f 2787/6152 2789/5801 2898/5669 2788/6153
f 237/5740 323/5929 327/6154 324/5741
f 2790/6155 2788/6153 2898/5669 2792/5668
f 532/6067 533/6066 537/6156 536/6157
f 2484/6158 2488/5865 2485/5710 2480/5709
f 1138/5783 1388/5786 1402/5875 1235/5874
f 235/5956 300/5959 297/6159 299/6035
f 2836/6160 2840/6161 2904/5553 2832/6123
f 2504/6162 2507/6163 2505/5537 2500/5536
f 1058/5187 1208/6164 1667/6165 1064/5188
f 476/6166 483/6167 487/6168 490/6169
f 2428/6170 2435/6171 2434/6172 2432/6173
f 580/937 584/6174 588/340 586/339
f 2754/6175 2752/5831 2893/5756 2753/5755
f 468/5975 464/5921 469/5920 473/5976
f 236/5597 302/5600 298/6176 301/6177
f 2759/6178 2761/6002 2894/5766 2757/5765
f 1022/6179 1168/4581 1026/4580 1018/6180
f 236/5597 301/6177 305/6181 309/5954
f 476/6166 490/6169 486/6182 478/6183
f 2842/6184 2839/5554 2904/5553 2840/6161
f 243/5722 352/5848 354/6185 353/6033
f 247/5908 380/6146 382/6186 384/5989
f 2483/5619 2486/5618 2490/6187 2487/6188
f 1074/6189 1216/6190 1218/6191 1072/5221
f 232/5771 274/6192 270/6193 269/5772
f 248/5806 389/6044 387/6194 388/5807
f 2436/6195 2443/6196 2442/6197 2440/6198
f 2834/6199 2838/5907 2903/5636 2830/5635
f 2525/5997 2539/6000 2537/6200 2533/6201
f 2718/3067 2577/3066 3032/6202 2972/6203
f 1059/2010 1209/6204 1217/6205 1068/2011
f 2634/4569 2624/4568 2638/3503 2642/3502
f 240/5629 334/5879 330/6206 333/5685
f 2850/6207 2854/5797 2905/5796 2846/5818
f 2852/6208 2856/5705 2906/5646 2848/5645
f 2428/6170 2429/6209 2433/6210 2435/6171
f 2436/6195 2437/6211 2441/6212 2443/6196
f 615/359 623/6149 635/360
f 595/244 2627/1903 1958/4226
f 2492/5660 2494/6213 2498/5661
f 2576/6214 3032/6202 2577/3066
f 155/2953 192/2955 175/2257
f 2672/6215 2682/6216 2690/6217
f 3109/5129 3135/700 3111/699
f 231/5690 276/6040 272/5691
f 1050/6218 1190/6219 1198/6220
f 2671/5793 2672/2909 2686/2908
f 1186/6221 1189/6222 1660/6223
f 478/6183 486/6182 482/6224
f 1950/6225 2249/2286 2619/1902
f 1992/4465 2126/4464 1998/5196
f 1996/6226 2002/6227 2142/6228
f 2671/5793 2686/2908 2678/290
f 1322/2337 1420/4293 1324/517
f 2316/6229 2320/6230 2318/6231
f 1899/2815 2623/2814 1955/6232
f 2317/6233 2319/6234 2321/6235
f 1660/6236 1965/6237 1962/6238
f 685/5628 689/5627 687/6239
f 1178/6240 1328/6241 1330/6242
f 590/4925 1178/6243 1330/4926
f 1979/3792 2103/6244 2105/3909
f 1590/821 1745/5812 1889/886
f 626/2757 628/4364 630/2758
f 2639/2715 2653/3749 2641/5612
f 640/6245 658/6246 650/6247
f 460/5945 466/5760 462/6248
f 639/5892 654/3076 640/4307
f 1207/6249 1209/5753 1668/5752
f 639/5892 646/3073 654/3076
f 2606/2877 2614/4859 2624/4568
f 641/4625 655/4627 642/5858
f 2691/2609 2693/5050 2695/5137
f 1043/6250 1203/4663 1045/1708
f 2641/5612 2653/3749 2647/3752
f 211/4251 714/3917 1489/2232
f 1967/6251 1979/6252 2111/6253
f 1328/6254 1653/6255 1330/6256
f 1179/6257 1331/6258 1329/6259
f 160/5578 415/3068 184/999
f 2579/751 2584/1866 2581/4786
f 2717/4013 2940/4012 3032/6202
f 2578/4734 2583/2281 2582/4475
f 1070/4290 1222/6260 1220/2632
f 1925/2781 2059/5280 2063/5486
f 1968/2184 1974/3239 1975/3238
f 1779/1223 1931/1222 1781/6261
f 183/5164 203/1026 412/1025
f 1975/6262 2122/5328 2112/5327
f 1034/5208 1184/4207 1180/5209
f 559/2138 561/2137 839/5364
f 3105/3289 3129/3288 3107/5128
f 114/5577 178/4192 202/4020
f 618/5160 2650/5163 1196/2210
f 1321/820 1405/6103 1590/821
f 2820/5574 2824/5888 2902/5575
f 626/6263 1204/6264 1980/6265
f 1039/6266 1189/6222 1186/6221
f 812/6267 818/6268 814/6269
f 1956/4938 1960/4208 2094/4939
f 2638/3503 2640/6062 2652/5047
f 546/3090 550/3089 548/3642
f 2673/5051 2674/5983 2687/5049
f 536/6157 537/6156 539/6270
f 1051/6271 1191/6272 1061/6273
f 1053/1640 1202/6274 1063/1641
f 1143/4489 1491/3873 1919/2540
f 2513/5838 2521/5839 2517/6275
f 1489/2232 1917/1152 2381/1155
f 1057/6276 1209/5753 1207/6249
f 1541/6277 3032/6202 2576/6214
f 113/5593 201/3924 177/4776
f 1113/6278 1115/6279 1117/6280
f 1965/6281 2101/677 1969/6282
f 2296/6283 2302/6284 2300/6285
f 1490/2332 2382/4447 1918/2333
f 1104/6286 1106/6287 1110/6288
f 2605/233 2611/6289 2613/234
f 567/3861 573/4804 571/3862
f 1154/1804 1350/6290 1348/1805
f 1996/2633 1998/6291 2130/5391
f 593/1325 597/1576 607/1575
f 1322/6292 1610/6293 1406/6294
f 113/5593 177/4776 121/6295
f 580/937 596/940 584/6174
f 2686/6296 2692/6297 2694/6298
f 549/2139 552/801 553/804
f 1329/6299 1331/6300 1654/6301
f 1969/6282 2101/677 2109/676
f 2072/3486 2074/6302 2290/6303
f 1163/2737 1592/4987 1171/2738
f 206/1906 2677/2963 2936/2545
f 1099/6304 1109/6305 1103/6306
f 1932/6307 2288/949 2070/952
f 1667/5744 2124/566 1994/6308
f 667/5885 671/5884 669/6309
f 1066/1618 1216/1617 1222/2106
f 2669/2481 2673/5051 2677/2482
f 2963/4385 3031/6139 3009/6310
f 2294/6311 2298/6312 2304/6313
f 1969/6282 2109/676 1978/6314
f 175/2257 2931/3382 1916/912
f 1982/6315 2116/6316 1984/5745
f 414/4019 1134/6317 1541/6277
f 2031/6318 2033/6319 2035/6320
f 2672/2909 2680/5427 2682/6321
f 1997/6322 2137/6323 2143/6324
f 1060/6325 1210/6326 1190/6327
f 1967/6328 2111/6329 2121/6330
f 2972/6203 3032/6202 3026/6331
f 1654/6332 1899/6333 1897/6334
f 1123/6335 1127/6336 1125/6337
f 2668/378 2676/377 2672/2909
f 1115/6279 1119/6338 1117/6280
f 637/3626 645/3625 641/4625
f 1916/912 2931/3382 2572/4401
f 2526/6028 2530/6339 2534/6029
f 2640/6062 2646/5048 2652/5047
f 114/5577 202/4020 414/4019
f 156/1635 176/1148 193/145
f 1924/3484 2062/3483 2056/3771
f 1061/6340 1211/827 1063/3207
f 1977/6341 1978/6342 2109/6343
f 1658/1565 1958/4226 1973/1566
f 1050/6344 1060/6345 1190/6346
f 1921/539 2061/3998 2058/4518
f 16/1414 42/5225 40/3922
f 176/1148 1919/2540 2932/2521
f 1069/975 1223/4098 1217/976
f 659/2800 663/2799 661/4626
f 113/5593 1540/6347 413/3925
f 544/6348 1541/6277 2576/6214
f 1889/6349 1903/6350 1891/6351
f 1035/1020 1183/1019 1187/117
f 885/5085 1165/6352 1017/5086
f 1947/2287 2249/2286 1950/6225
f 1968/6353 1975/6354 2108/1778
f 1993/1456 1999/5032 2129/1457
f 809/6355 815/6356 813/6357
f 1061/6358 1191/6359 1211/6360
f 2557/5923 2560/6361 2564/5912
f 822/6362 826/6363 824/6364
f 2718/3067 2972/6203 2962/2946
f 1101/6365 1105/6366 1107/6367
f 1045/1708 1203/4663 1193/1709
f 1193/1709 1203/4663 1202/4666
f 1192/3732 1199/5373 1198/5372
f 543/6368 2575/6369 1540/6347
f 88/4794 128/4793 126/5029
f 675/5982 679/5981 677/6370
f 1064/5188 1667/6165 1218/6371
f 2017/6372 2023/6373 2021/6374
f 1044/3733 1192/3732 1198/5372
f 587/325 899/324 1174/6375
f 1994/5730 2132/1479 2138/1478
f 1753/5721 1909/5720 1771/6376
f 2326/4867 2590/4735 2592/1807
f 1121/6377 1123/6335 1125/6337
f 212/146 1490/2332 715/1328
f 626/6263 1980/6265 2658/6378
f 1969/3908 1978/3789 1979/3792
f 813/6357 815/6356 819/6379
f 644/4520 2935/1063 2676/2235
f 1969/3908 1979/3792 2105/3909
f 1540/6347 2716/3362 2007/6380
f 476/6166 479/6381 483/6167
f 481/6119 485/6382 489/6120
f 2460/6021 2464/6024 2462/6383
f 2037/6384 2041/6385 2039/6386
f 113/5593 117/6387 159/5594
f 492/5663 495/6388 499/5664
f 525/6068 532/6067 528/6389
f 2021/6374 2023/6373 2027/6390
f 1610/6391 1890/6392 1746/6393
f 1020/3304 1598/6394 1165/6395
f 820/6396 822/6362 824/6364
f 2310/6397 2312/6398 2314/6399
f 1979/6400 2121/6401 2111/6402
f 513/5893 517/6403 521/5894
f 654/6404 662/6405 660/6406
f 2639/2715 2665/3750 2653/3749
f 2329/6407 2597/6408 2595/6409
f 1920/1513 2057/4911 2060/1527
f 415/3068 2718/3067 1542/6410
f 494/5873 502/5872 498/6411
f 1948/6412 2092/4341 1952/2810
f 2673/5051 2685/6413 2681/2608
f 176/1148 1143/4489 1919/2540
f 1659/6414 2106/6415 1976/6416
f 591/2813 1179/6417 1178/6243
f 2300/6285 2302/6284 2306/6418
f 1996/6419 2136/6420 1998/6421
f 619/3806 1197/1729 2651/3807
f 1490/2332 2930/3897 2382/4447
f 1960/6422 2102/4528 2096/4527
f 642/5858 655/4627 647/4051
f 3014/3636 3016/5496 3052/3637
f 1541/6277 2008/6423 2717/4013
f 232/5771 273/5774 277/6113
f 1082/6424 1226/6425 1220/6426
f 2327/3354 2593/3881 2591/3355
f 693/5862 697/5861 695/6427
f 701/5951 705/5938 703/6428
f 2071/4751 2075/6429 2291/4769
f 484/5782 491/5781 488/6430
f 1998/5196 2126/4464 2130/6431
f 1046/6432 1659/6433 1200/6434
f 807/6435 811/6436 817/6437
f 3110/1128 3112/5339 3136/1129
f 176/1148 210/2743 541/2742
f 2295/6438 2305/6439 2299/6440
f 2446/5901 2450/5904 2448/6441
f 1667/5744 1982/6315 1984/5745
f 558/402 838/401 560/3643
f 1033/1795 1177/1303 1175/6442
f 2598/1808 2604/3692 2602/1809
f 574/2825 592/939 582/938
f 159/5594 183/5164 412/1025
f 1888/6004 1890/6443 1902/6005
f 2971/6138 3025/6444 3031/6139
f 2525/5997 2533/6201 2529/6445
f 1660/6446 1977/6447 2107/6448
f 1598/6449 2089/4990 2080/4989
f 2690/571 2694/574 2692/2910
f 2015/6450 2019/6451 2025/6452
f 1998/6453 2136/6454 2142/6455
f 1028/5069 1595/6456 1172/6457
f 1951/6458 1953/1304 2093/5245
f 1077/6459 1221/6460 1083/6461
f 548/3642 550/3089 551/3215
f 3016/5496 3054/5495 3052/3637
f 1052/3189 1062/3192 1199/6462
f 1986/2634 2122/5390 2120/6463
f 2931/3382 2965/1451 2945/1454
f 1966/6464 2110/6465 1974/6466
f 641/4625 649/4657 653/6467
f 1666/868 1981/3365 1991/2904
f 2510/6013 2514/6468 2518/6014
f 1975/6469 1976/6470 2108/6471
f 114/5577 160/5578 118/6472
f 1122/6473 1124/6474 1126/6475
f 1961/6476 2098/6477 1964/6478
f 2940/4012 2964/5379 3032/6202
f 586/2868 2618/2871 1173/6479
f 1173/6479 2618/2871 1949/6480
f 1197/1729 1973/1728 2651/3807
f 86/5028 88/4794 126/5029
f 2947/3016 2998/478 2986/477
f 2658/376 2662/375 2660/289
f 578/6481 582/938 580/937
f 1322/2337 1406/6482 1420/4293
f 2297/6483 2301/6484 2303/6485
f 412/1025 1132/6486 1539/6487
f 1185/6488 1659/6489 1188/6490
f 175/2257 540/1909 209/1912
f 1968/6353 2108/1778 2100/1777
f 1155/5101 1349/5100 1351/6491
f 564/3204 574/2825 840/2824
f 2647/3752 2667/3751 2655/5971
f 176/1148 541/2742 1143/4489
f 655/6492 661/6493 663/6494
f 1114/6495 1116/6496 1118/6497
f 581/2553 585/5707 597/1576
f 1974/3239 2104/2183 2102/6498
f 882/6499 1014/6500 1012/3728
f 1140/1944 1916/912 1488/915
f 2817/5851 2901/5701 2821/5700
f 2020/6501 2026/6502 2022/6503
f 2030/6504 2034/6505 2032/6506
f 828/6507 830/6508 832/6509
f 2039/6386 2041/6385 2043/6510
f 1997/6511 2143/6512 2003/6513
f 114/5577 1541/6277 544/6348
f 113/5593 542/1290 543/6368
f 882/4640 1010/2519 1014/6514
f 1940/6515 2076/2271 2292/3019
f 2326/950 2592/6516 2594/951
f 2454/5897 2458/5900 2456/6517
f 1595/767 2079/4530 2088/4533
f 842/6518 846/6519 844/6520
f 2548/5941 2552/6521 2555/5942
f 830/6508 834/6522 832/6509
f 2036/6523 2038/6524 2040/6525
f 632/4660 646/3073 634/4661
f 205/461 2935/1063 644/4520
f 1489/2232 2381/1155 2929/4915
f 587/325 1174/6375 2619/1902
f 1540/6347 2575/6369 3031/6139
f 175/2257 1140/1944 540/1909
f 998/4519 1001/4830 1145/540
f 1778/1463 1780/6526 1930/1464
f 1077/6527 1223/6528 1221/6529
f 1206/6530 1667/6165 1208/6164
f 1196/2210 2650/5163 1972/2207
f 1541/6277 2717/4013 3032/6202
f 135/5005 175/2257 145/3306
f 2716/3362 3031/6139 2939/3363
f 1941/6531 2293/1829 2077/1828
f 9/2311 35/3360 37/2312
f 2014/6532 2024/6533 2018/6534
f 607/1575 621/362 633/361
f 2613/234 2629/2156 2617/6003
f 1081/3619 1227/6535 1085/3620
f 1080/5224 1084/5223 1226/6536
f 2070/952 2290/4599 2074/6537
f 1946/2722 1949/6480 2248/2723
f 1725/1147 1893/1146 1891/2622
f 1999/5032 2131/6538 2129/1457
f 1977/6341 2109/6343 2107/6539
f 1896/6540 1954/6541 1898/6542
f 831/6543 833/6544 835/6545
f 1032/941 1172/6546 1176/942
f 560/6547 838/2517 562/2520
f 684/5798 686/6548 688/5799
f 2028/6549 2030/6504 2032/6506
f 1742/5718 1752/6550 1770/6140
f 15/2314 39/2313 41/5042
f 1657/6551 1972/4942 1957/4941
f 470/5763 471/5762 474/6552
f 1238/6553 1322/6554 1320/6555
f 1935/5446 2073/5487 2075/6556
f 1724/2366 1746/6557 1890/2597
f 2542/6099 2546/6558 2550/6100
f 1071/3206 1221/830 1223/6559
f 2327/4753 2595/4752 2593/6560
f 2645/5252 2647/3752 2651/2318
f 2528/5998 2532/6561 2536/5999
f 1591/4436 1946/2722 1938/2721
f 136/1940 146/1149 176/1148
f 1069/975 1071/6562 1223/4098
f 579/6563 581/2553 583/2554
f 595/244 1958/4226 1182/241
f 808/6564 812/6267 814/6269
f 2579/751 2585/750 2584/1866
f 2673/6565 2691/6566 2685/6567
f 2939/3363 3031/6139 2963/4385
f 1181/5248 1196/5250 1657/6551
f 573/4804 581/2553 579/6563
f 1540/6347 3031/6139 2716/3362
f 1051/6568 1203/6569 1191/6570
f 823/6571 825/6572 827/6573
f 2311/6574 2315/6575 2313/6576
f 1065/5012 1219/6577 1668/5752
f 2318/6231 2320/6230 2322/6578
f 113/5593 543/6368 1540/6347
f 706/5544 708/6579 710/6060
f 2016/6580 2020/6501 2022/6503
f 1036/5442 1042/5445 1184/6581
f 592/939 606/5169 596/940
f 2038/6524 2042/6582 2040/6525
f 413/3925 1540/6347 1133/6583
f 613/5477 619/5389 615/359
f 640/4307 650/6584 648/4868
f 1020/3304 1029/3303 1598/6394
f 2545/6011 2553/6012 2549/6585
f 1598/6449 1951/6586 2089/4990
f 572/4214 578/6481 580/937
f 636/2759 640/4307 644/2760
f 2556/5677 2563/5680 2559/6587
f 206/1906 645/5263 2677/2963
f 2674/5983 2679/4147 2687/5049
f 566/4213 570/2826 572/4214
f 1595/767 1940/766 2079/4530
f 2574/1289 3031/6139 2575/6369
f 231/5690 271/5992 275/6038
f 415/3068 1542/6410 1135/6588
f 85/5332 125/5331 127/5295
f 1239/6589 1321/6590 1323/6591
f 1959/1612 2095/4414 1963/118
f 3013/5234 3053/122 3015/121
f 1542/6410 2718/3067 2009/6592
f 114/5577 544/6348 545/3069
f 1963/6593 2097/5325 2103/5324
f 1076/6594 1222/6595 1082/6596
f 10/1307 38/3921 36/1309
f 1996/6597 2142/6598 2136/6599
f 586/2868 1173/6479 898/4479
f 2659/2317 2661/2316 2663/2480
f 2436/6195 2440/6198 2438/6600
f 2428/6170 2432/6173 2430/6601
f 1050/6602 1198/6603 1060/6604
f 2429/6209 2431/6605 2433/6210
f 1539/6487 2006/6606 2715/1288
f 2502/5984 2506/6607 2503/5985
f 2319/6234 2323/6608 2321/6235
f 707/5547 711/5546 709/6609
f 192/2955 211/4251 1489/2232
f 193/145 2947/3016 1490/2332
f 1048/3529 1199/6610 1192/5563
f 700/5936 702/6611 704/5937
f 1205/869 1666/868 1215/2905
f 692/5870 694/6612 696/5871
f 2638/3503 2652/5047 2664/3504
f 607/1575 609/5633 621/362
f 1653/6613 1896/6614 1898/6615
f 1598/6449 2080/4989 1941/6616
f 1987/828 2121/6617 2123/5511
f 1072/5221 1218/6191 1078/5222
f 1934/3485 2074/6302 2072/3486
f 1966/6618 1986/6619 2120/6620
f 1042/6621 1044/3733 1198/5372
f 1056/6622 1206/6530 1208/6164
f 609/5633 615/359 621/362
f 574/2825 582/938 578/6481
f 1964/6623 1968/6353 2100/1777
f 508/5821 511/6624 515/5822
f 2718/3067 2962/2946 2934/2945
f 1060/6625 1062/4289 1210/2631
f 883/6626 1013/6627 1015/6628
f 1343/5582 1403/5581 1391/6629
f 1043/6250 1191/6630 1203/4663
f 658/4309 660/4308 662/3075
f 608/6151 620/4659 614/4658
f 2081/5672 2087/80 2095/79
f 2818/6105 2822/5702 2901/5701
f 1668/5963 1995/6631 2125/3995
f 516/5917 523/5895 520/6632
f 114/5577 122/6633 178/4192
f 884/39 1016/38 1164/6634
f 2610/6635 2612/3694 2614/4859
f 1323/4405 1325/4326 1421/5414
f 880/2518 1156/6636 1010/2519
f 843/6637 845/6638 847/6639
f 1323/4405 1421/5414 1407/6640
f 575/1324 579/6563 583/2554
f 2606/2877 2610/6635 2614/4859
f 674/5559 676/6641 678/5560
f 2687/6642 2695/6643 2693/6644
f 176/1148 194/4141 210/2743
f 2301/6484 2307/6645 2303/6485
f 3106/5369 3108/1127 3130/1126
f 2964/5379 3010/6646 3032/6202
f 1021/6058 1035/4843 1027/4842
f 641/6647 653/6648 659/6649
f 1047/6650 1201/6651 1660/6652
f 1955/6232 2623/2814 2622/4928
f 627/6653 2659/6654 1981/6655
f 136/1940 176/1148 156/1635
f 2330/6656 2332/6657 2334/6658
f 590/4925 591/2813 1178/6243
f 175/2257 2965/1451 2931/3382
f 1012/3728 1014/6500 1158/3729
f 2470/6081 2474/6082 2472/6659
f 524/5714 527/6660 531/5715
f 563/6661 565/6662 841/6663
f 232/5771 278/6115 274/6192
f 2932/2521 2948/1534 2966/1533
f 2673/5051 2681/2608 2677/2482
f 1037/4777 1187/4844 1043/4778
f 176/1148 2966/1533 2998/478
f 627/3624 631/3627 629/4050
f 113/5593 413/3925 201/3924
f 1589/4158 1888/1491 1744/6664
f 575/1324 583/2554 593/1325
f 1933/6665 2071/4751 2289/4750
f 1073/3618 1079/3621 1219/6093
f 1725/1147 1891/2622 1747/6666
f 1204/808 1214/92 1665/394
f 594/2869 1957/4941 2626/2870
f 1489/2232 2929/4915 2946/3169
f 1967/6667 2103/6244 1979/3792
f 175/2257 1916/912 1140/1944
f 714/3917 1141/2229 1489/2232
f 3013/5234 3051/5233 3053/122
f 2308/6668 2312/6398 2310/6397
f 1051/6669 1061/6670 1203/6671
f 2516/5737 2520/6672 2523/5738
f 1018/6180 1026/4580 1034/4583
f 2508/5946 2515/5949 2511/6673
f 1320/3127 1589/4158 1404/5986
f 1983/6674 1985/5964 2117/6675
f 595/86 605/5478 599/87
f 2524/6027 2531/6136 2527/6676
f 2455/6056 2457/6677 2459/5899
f 2447/6054 2449/6678 2451/5903
f 996/3770 1002/3727 1148/3726
f 193/145 1490/2332 212/146
f 666/5655 668/6679 670/5656
f 1076/6680 1220/6681 1222/6682
f 2558/5827 2562/6683 2566/5828
f 1330/6684 1653/6685 1898/6686
f 1978/6687 2113/5363 2123/5362
f 1665/394 1990/89 1980/391
f 2611/6289 2615/2154 2613/234
f 633/361 635/360 647/4051
f 2965/1451 2997/2085 2987/4570
f 2328/6688 2594/6689 2596/6690
f 2471/5788 2473/6691 2475/5789
f 1162/4477 1170/4480 1591/4436
f 1076/6692 1082/6693 1220/6694
f 1976/6470 2106/6695 2108/6471
f 2644/272 2650/271 2646/5048
f 1595/767 2088/4533 1948/6696
f 594/342 598/341 604/2113
f 1174/6375 1950/6225 2619/1902
f 1236/6132 1342/6697 1390/6133
f 898/4479 1173/6479 1170/4480
f 1967/6698 2121/6699 1987/6700
f 1919/2540 2573/2539 2932/2521
f 997/4912 1144/2475 1000/4330
f 1019/5068 1595/6456 1028/5069
f 1323/6701 1407/6702 1611/6703
f 493/6045 497/6704 501/6143
f 1105/6366 1111/6705 1107/6367
f 526/5778 534/5777 530/6706
f 640/4307 648/4868 644/2760
f 1997/6707 1999/6708 2137/6709
f 591/2813 1331/2812 1179/6417
f 1013/6710 1159/1603 1015/1606
f 2819/5836 2902/5575 2823/5887
f 1966/6711 1974/3239 2102/6498
f 2568/5913 2571/6712 2569/5914
f 1077/6713 1083/6714 1223/6715
f 2604/3692 2612/3694 2610/6635
f 1120/6716 1124/6474 1122/6473
f 2331/6717 2335/6718 2333/6719
f 1659/6720 1961/6476 1964/6478
f 594/2869 1181/5248 1957/4941
f 2665/3750 2679/4147 2667/3751
f 2946/3169 2985/2082 2997/2085
f 1049/5034 1193/5592 1202/6721
f 614/4658 634/4661 622/5768
f 1962/6238 1965/6237 2099/6722
f 2073/5487 2291/6723 2075/6556
f 1668/5963 1985/5964 1983/6674
f 2029/6724 2033/6319 2031/6318
f 135/5005 155/2953 175/2257
f 1042/6621 1198/5372 1190/6725
f 641/4625 645/3625 649/4657
f 2672/2909 2676/377 2680/5427
f 2607/4574 2615/2154 2611/6289
f 1995/5889 2139/4137 2133/4140
f 1083/6726 1221/6727 1227/6728
f 606/5169 632/4660 620/4659
f 510/5996 518/5995 514/6729
f 2627/4525 2631/2716 2637/5251
f 1974/6730 2110/6731 2120/6732
f 412/1025 1539/6487 2715/1288
f 2437/6211 2439/6733 2441/6212
f 999/5279 1149/2780 1003/3617
f 2540/6016 2547/6019 2543/6734
f 547/2136 549/2139 553/804
f 2612/3694 2616/5924 2628/4708
f 2715/1288 2961/2454 2971/6138
f 1112/6735 1116/6496 1114/6495
f 2966/1533 2988/3229 2998/478
f 1490/2332 2947/3016 2930/3897
f 1066/1618 1222/2106 1070/6736
f 561/6737 563/3427 839/4765
f 1029/3303 1175/6738 1598/6394
f 1611/6739 1747/6740 1891/6741
f 627/6653 1981/6655 1205/6742
f 85/5332 127/5295 87/5294
f 1897/6743 1899/6744 1955/6745
f 1038/6746 1185/6488 1188/6490
f 829/6747 833/6544 831/6543
f 821/6748 825/6572 823/6571
f 175/2257 2997/2085 2965/1451
f 2003/6749 2141/4139 2145/4138
f 1592/4987 1939/2288 1947/2287
f 1898/4927 1954/6750 2622/4928
f 175/2257 209/1912 191/2254
f 2646/5048 2654/5883 2666/291
f 1331/6751 1899/6752 1654/6753
f 806/6754 816/6755 810/6756
f 881/4766 1011/3430 1157/6757
f 2624/4568 2628/4708 2638/3503
f 1098/6758 1102/6759 1108/6760
f 2664/3504 2666/291 2678/290
f 2002/6761 2144/1481 2140/1480
f 1182/241 1658/1565 1197/242
f 1100/6762 1106/6287 1104/6286
f 899/324 1171/2738 1174/6375
f 2578/4734 2580/4733 2583/2281
f 1724/2366 1890/2597 1892/358
f 2078/6130 2094/5434 2086/5433
f 2607/4574 2625/2155 2615/2154
f 114/5577 414/4019 1541/6277
f 184/999 415/3068 204/1000
f 1019/5068 1164/6763 1595/6456
f 496/6048 504/6047 500/6764
f 612/2114 614/4658 618/2115
f 2625/2155 2639/2715 2629/2156
f 606/5169 620/4659 608/6151
f 2461/6147 2463/6765 2465/6148
f 176/1148 2932/2521 2966/1533
f 2626/270 2636/269 2630/4710
f 1968/2184 2104/2183 1974/3239
f 2715/1288 2933/2455 2961/2454
f 192/2955 1489/2232 2946/3169
f 2309/6766 2311/6574 2313/6576
f 1949/6480 2618/2871 2248/2723
f 715/1328 1490/2332 1142/1329
f 883/3429 1015/6767 1011/3430
f 1954/6750 1955/6232 2622/4928
f 1999/6768 2143/6769 2137/6770
f 1966/6771 2120/6772 2110/6773
f 1997/829 2131/5512 1999/6774
f 2599/236 2603/3880 2605/233
